Item_Identifier,Item_Type,Item_Fat_Content,Item_Weight,Item_Visibility,Item_MRP,Outlet_Identifier,Establishment_Year,Outlet_Size,Outlet_Location_Type,Outlet_City,Item_Outlet_Sales
FDP10,Snack Foods,Low Fat,,0.127469857,107.7622,OUT027,1985,Medium,Tier 3,Mumbai,4022.7636
DRI11,Hard Drinks,Low Fat,,0.034237682,113.2834,OUT027,1985,Medium,Tier 3,Mumbai,2303.668
FDB34,Snack Foods,Low Fat,,0.026480954,87.6198,OUT027,1985,Medium,Tier 3,Mumbai,2180.495
FDF09,Fruits and Vegetables,Low Fat,,0.012090074,38.2848,OUT027,1985,Medium,Tier 3,Mumbai,484.7024
FDY45,Snack Foods,Low Fat,,0.026015519,255.8356,OUT027,1985,Medium,Tier 3,Mumbai,2543.356
NCP18,Household,Low Fat,,0.028459761,149.9708,OUT027,1985,Medium,Tier 3,Mumbai,4363.6532
FDX34,Snack Foods,Low Fat,,0.071636937,121.7098,OUT027,1985,Medium,Tier 3,Mumbai,4097.3332
FDY25,Canned,Low Fat,,0.033809913,180.5976,OUT027,1985,Medium,Tier 3,Mumbai,7968.2944
NCR53,Health and Hygiene,Low Fat,,0.144338493,224.4404,OUT027,1985,Medium,Tier 3,Mumbai,6976.2524
FDH35,Starchy Foods,Low Fat,,0.059956876,165.4526,OUT027,1985,Medium,Tier 3,Mumbai,5262.4832
DRK12,Soft Drinks,Low Fat,,0.041683481,31.29,OUT027,1985,Medium,Tier 3,Mumbai,898.83
FDR07,Fruits and Vegetables,Low Fat,,0.077367431,97.0094,OUT027,1985,Medium,Tier 3,Mumbai,1808.9786
NCB30,Household,Low Fat,,0.025578526,198.8084,OUT027,1985,Medium,Tier 3,Mumbai,5555.4352
NCX06,Household,Low Fat,,0.01561108,182.5976,OUT027,1985,Medium,Tier 3,Mumbai,5070.7328
FDI24,Baking Goods,Low Fat,,0.078362484,177.937,OUT027,1985,Medium,Tier 3,Mumbai,6704.606
FDX25,Canned,Low Fat,,0.101561568,181.9292,OUT027,1985,Medium,Tier 3,Mumbai,3101.2964
NCX42,Household,Low Fat,,0.005949644,165.6526,OUT027,1985,Medium,Tier 3,Mumbai,4769.1254
DRM47,Hard Drinks,Low Fat,,0.04357366,192.8846,OUT027,1985,Medium,Tier 3,Mumbai,2293.0152
NCU05,Health and Hygiene,Low Fat,,0.058451805,79.9618,OUT027,1985,Medium,Tier 3,Mumbai,241.6854
FDH19,Meat,Low Fat,,0.03292824,173.1738,OUT027,1985,Medium,Tier 3,Mumbai,7298.4996
FDZ10,Snack Foods,Low Fat,,0.044248175,126.202,OUT027,1985,Medium,Tier 3,Mumbai,3668.558
NCF07,Household,Low Fat,,0.031867464,101.0016,OUT027,1985,Medium,Tier 3,Mumbai,2125.2336
FDY31,Fruits and Vegetables,Low Fat,,0.043351896,146.6418,OUT027,1985,Medium,Tier 3,Mumbai,4414.254
DRQ35,Hard Drinks,Low Fat,,0.042086652,122.4388,OUT027,1985,Medium,Tier 3,Mumbai,5448.9072
NCW17,Health and Hygiene,Low Fat,,0.019292355,129.9994,OUT027,1985,Medium,Tier 3,Mumbai,3340.9844
FDN60,Baking Goods,Low Fat,,0.094697274,158.4604,OUT027,1985,Medium,Tier 3,Mumbai,4278.4308
FDJ56,Fruits and Vegetables,Low Fat,,0.182514881,98.77,OUT027,1985,Medium,Tier 3,Mumbai,2696.49
FDR43,Fruits and Vegetables,Low Fat,,0.160707489,38.019,OUT027,1985,Medium,Tier 3,Mumbai,1318.284
NCK31,Others,Low Fat,,0.026916794,50.9666,OUT027,1985,Medium,Tier 3,Mumbai,717.7324
DRP35,Hard Drinks,Low Fat,,0.090427268,126.2336,OUT027,1985,Medium,Tier 3,Mumbai,3195.84
NCO54,Household,Low Fat,,0.014205168,56.7614,OUT027,1985,Medium,Tier 3,Mumbai,2486.763
FDS26,Dairy,Low Fat,,0.089035961,260.5594,OUT027,1985,Medium,Tier 3,Mumbai,9158.079
FDU56,Fruits and Vegetables,Low Fat,,0.0,184.7266,OUT027,1985,Medium,Tier 3,Mumbai,8114.7704
FDN48,Baking Goods,Low Fat,,0.064636203,90.0804,OUT027,1985,Medium,Tier 3,Mumbai,2113.2492
NCJ54,Household,Low Fat,,0.059776237,231.7642,OUT027,1985,Medium,Tier 3,Mumbai,5344.3766
NCQ43,Others,Low Fat,,0.110762642,108.5912,OUT027,1985,Medium,Tier 3,Mumbai,1637.868
FDZ22,Snack Foods,Low Fat,,0.045050674,84.925,OUT027,1985,Medium,Tier 3,Mumbai,1747.725
FDO44,Fruits and Vegetables,Low Fat,,0.087029712,109.2228,OUT027,1985,Medium,Tier 3,Mumbai,3205.1612
FDL46,Snack Foods,Low Fat,,0.053795154,117.7466,OUT027,1985,Medium,Tier 3,Mumbai,1414.1592
FDX09,Snack Foods,Low Fat,,0.064933297,174.837,OUT027,1985,Medium,Tier 3,Mumbai,4763.799
DRI37,Soft Drinks,Low Fat,,0.107076832,58.7904,OUT027,1985,Medium,Tier 3,Mumbai,1288.9888
FDC46,Snack Foods,Low Fat,,0.115978122,183.4266,OUT027,1985,Medium,Tier 3,Mumbai,7192.6374
FDA34,Starchy Foods,Low Fat,,0.014788594,174.408,OUT027,1985,Medium,Tier 3,Mumbai,7443.644
FDS10,Snack Foods,Low Fat,,0.0350152,182.0318,OUT027,1985,Medium,Tier 3,Mumbai,5954.2494
NCV54,Household,Low Fat,,0.03294861,116.8124,OUT027,1985,Medium,Tier 3,Mumbai,2488.7604
DRH25,Soft Drinks,Low Fat,,0.014522363,50.2324,OUT027,1985,Medium,Tier 3,Mumbai,1298.31
FDV02,Dairy,Low Fat,,0.060252433,170.7106,OUT027,1985,Medium,Tier 3,Mumbai,3079.9908
FDE38,Canned,Low Fat,,0.044391149,164.3842,OUT027,1985,Medium,Tier 3,Mumbai,4476.1734
FDC04,Dairy,Low Fat,,0.044767801,241.8854,OUT027,1985,Medium,Tier 3,Mumbai,4592.0226
FDW01,Canned,Low Fat,,0.063750302,153.4682,OUT027,1985,Medium,Tier 3,Mumbai,2287.023
FDG24,Baking Goods,Low Fat,,0.014560297,81.425,OUT027,1985,Medium,Tier 3,Mumbai,1331.6
FDO04,Frozen Foods,Low Fat,,0.026408698,53.2614,OUT027,1985,Medium,Tier 3,Mumbai,607.8754
NCJ29,Health and Hygiene,Low Fat,,0.035022503,85.1224,OUT027,1985,Medium,Tier 3,Mumbai,2045.3376
FDO36,Baking Goods,Low Fat,,0.07753654,180.866,OUT027,1985,Medium,Tier 3,Mumbai,3235.788
FDR58,Snack Foods,Low Fat,,0.041718456,94.5462,OUT027,1985,Medium,Tier 3,Mumbai,2868.9322
NCK17,Health and Hygiene,Low Fat,,0.037711338,41.548,OUT027,1985,Medium,Tier 3,Mumbai,1358.232
FDD36,Baking Goods,Low Fat,,0.021170542,117.6124,OUT027,1985,Medium,Tier 3,Mumbai,2251.7356
NCM19,Others,Low Fat,,0.047008497,112.0202,OUT027,1985,Medium,Tier 3,Mumbai,5063.409
FDJ45,Seafood,Low Fat,,0.073055148,33.7216,OUT027,1985,Medium,Tier 3,Mumbai,1280.9992
DRE12,Soft Drinks,Low Fat,,0.0704378,112.886,OUT027,1985,Medium,Tier 3,Mumbai,2942.836
NCO17,Health and Hygiene,Low Fat,,0.073024401,121.844,OUT027,1985,Medium,Tier 3,Mumbai,3115.944
FDX59,Breads,Low Fat,,0.0514111,33.0558,OUT027,1985,Medium,Tier 3,Mumbai,984.7182
NCK54,Household,Low Fat,,0.029380407,114.715,OUT027,1985,Medium,Tier 3,Mumbai,1864.24
FDA45,Snack Foods,Low Fat,,0.154627247,177.637,OUT027,1985,Medium,Tier 3,Mumbai,5469.547
NCP06,Household,Low Fat,,0.039055756,152.3366,OUT027,1985,Medium,Tier 3,Mumbai,2115.9124
FDU14,Dairy,Low Fat,,0.034584356,248.375,OUT027,1985,Medium,Tier 3,Mumbai,10236.675
FDS03,Meat,Low Fat,,0.079243005,65.8826,OUT027,1985,Medium,Tier 3,Mumbai,1614.565
NCG43,Household,Low Fat,,0.073879939,94.0462,OUT027,1985,Medium,Tier 3,Mumbai,1850.924
FDR23,Breads,Low Fat,,0.08139146,177.837,OUT027,1985,Medium,Tier 3,Mumbai,6351.732
FDS52,Frozen Foods,Low Fat,,0.005448005,102.1016,OUT027,1985,Medium,Tier 3,Mumbai,3542.056
DRF23,Hard Drinks,Low Fat,,0.122058364,172.8396,OUT027,1985,Medium,Tier 3,Mumbai,7152.0236
FDC35,Starchy Foods,Low Fat,,0.122242847,207.5638,OUT027,1985,Medium,Tier 3,Mumbai,4555.4036
FDZ38,Dairy,Low Fat,,0.007962273,174.0422,OUT027,1985,Medium,Tier 3,Mumbai,5173.266
NCB43,Household,Low Fat,,0.099428487,187.8898,OUT027,1985,Medium,Tier 3,Mumbai,7296.5022
FDD20,Fruits and Vegetables,Low Fat,,0.020614212,126.4046,OUT027,1985,Medium,Tier 3,Mumbai,5353.6978
NCM54,Household,Low Fat,,0.050692386,125.6678,OUT027,1985,Medium,Tier 3,Mumbai,4832.3764
FDI44,Fruits and Vegetables,Low Fat,,0.099747488,75.2328,OUT027,1985,Medium,Tier 3,Mumbai,1544.656
FDB21,Fruits and Vegetables,Low Fat,,0.0,242.9854,OUT027,1985,Medium,Tier 3,Mumbai,6767.1912
NCM05,Health and Hygiene,Low Fat,,0.059557164,263.7226,OUT027,1985,Medium,Tier 3,Mumbai,6872.3876
FDT46,Snack Foods,Low Fat,,0.030657949,50.5008,OUT027,1985,Medium,Tier 3,Mumbai,1012.016
FDM21,Snack Foods,Low Fat,,0.064052392,256.1646,OUT027,1985,Medium,Tier 3,Mumbai,7472.2734
FDY36,Baking Goods,Low Fat,,0.009364957,74.238,OUT027,1985,Medium,Tier 3,Mumbai,1171.808
FDO34,Snack Foods,Low Fat,,0.029793955,167.2816,OUT027,1985,Medium,Tier 3,Mumbai,5704.5744
FDH57,Fruits and Vegetables,Low Fat,,0.035574413,131.4284,OUT027,1985,Medium,Tier 3,Mumbai,5404.9644
FDW45,Snack Foods,Low Fat,,0.038822077,147.7418,OUT027,1985,Medium,Tier 3,Mumbai,1618.5598
NCW29,Health and Hygiene,Low Fat,,0.028723187,131.831,OUT027,1985,Medium,Tier 3,Mumbai,3635.268
DRF03,Dairy,Low Fat,,0.045088724,39.7138,OUT027,1985,Medium,Tier 3,Mumbai,1096.5726
NCO41,Health and Hygiene,Low Fat,,0.018757586,96.9384,OUT027,1985,Medium,Tier 3,Mumbai,2167.8448
NCR41,Health and Hygiene,Low Fat,,0.017936715,93.7094,OUT027,1985,Medium,Tier 3,Mumbai,4189.2136
FDR48,Baking Goods,Low Fat,,0.130867413,150.8024,OUT027,1985,Medium,Tier 3,Mumbai,4402.2696
FDW37,Canned,Low Fat,,0.123449671,89.7488,OUT027,1985,Medium,Tier 3,Mumbai,1901.5248
NCQ41,Health and Hygiene,Low Fat,,0.019386057,194.5794,OUT027,1985,Medium,Tier 3,Mumbai,3511.4292
FDG31,Meat,Low Fat,,0.037712875,64.4826,OUT027,1985,Medium,Tier 3,Mumbai,2518.7214
FDI19,Meat,Low Fat,,0.052085615,242.8512,OUT027,1985,Medium,Tier 3,Mumbai,5816.4288
FDQ56,Fruits and Vegetables,Low Fat,,0.105085956,82.3908,OUT027,1985,Medium,Tier 3,Mumbai,3691.1952
NCZ17,Health and Hygiene,Low Fat,,0.079046992,39.8506,OUT027,1985,Medium,Tier 3,Mumbai,1480.0734
DRG49,Soft Drinks,Low Fat,,0.067128641,242.8486,OUT027,1985,Medium,Tier 3,Mumbai,3420.8804
FDP23,Breads,Low Fat,,0.035414528,218.2166,OUT027,1985,Medium,Tier 3,Mumbai,3701.1822
FDZ20,Fruits and Vegetables,Low Fat,,0.0,253.0356,OUT027,1985,Medium,Tier 3,Mumbai,11445.102
DRH51,Dairy,Low Fat,,0.0,89.1856,OUT027,1985,Medium,Tier 3,Mumbai,2109.2544
FDN20,Fruits and Vegetables,Low Fat,,0.026055106,169.5474,OUT027,1985,Medium,Tier 3,Mumbai,4211.185
FDK15,Meat,Low Fat,,0.097937252,98.9042,OUT027,1985,Medium,Tier 3,Mumbai,4960.21
NCB31,Household,Low Fat,,0.118099673,262.891,OUT027,1985,Medium,Tier 3,Mumbai,5522.811
FDR46,Snack Foods,Low Fat,,0.138742518,147.476,OUT027,1985,Medium,Tier 3,Mumbai,3368.948
NCT29,Health and Hygiene,Low Fat,,0.063800266,123.0414,OUT027,1985,Medium,Tier 3,Mumbai,4629.9732
NCM18,Household,Low Fat,,0.082440705,61.3194,OUT027,1985,Medium,Tier 3,Mumbai,2043.3402
FDP24,Baking Goods,Low Fat,,0.082602127,120.9756,OUT027,1985,Medium,Tier 3,Mumbai,3877.6192
FDE16,Frozen Foods,Low Fat,,0.026216144,207.5954,OUT027,1985,Medium,Tier 3,Mumbai,6668.6528
FDT22,Snack Foods,Low Fat,,0.111554381,59.822,OUT027,1985,Medium,Tier 3,Mumbai,1677.816
FDF16,Frozen Foods,Low Fat,,0.085715273,146.6076,OUT027,1985,Medium,Tier 3,Mumbai,1773.6912
FDH32,Fruits and Vegetables,Low Fat,,0.075691713,98.241,OUT027,1985,Medium,Tier 3,Mumbai,2220.443
FDD50,Canned,Low Fat,,0.14095631,167.7132,OUT027,1985,Medium,Tier 3,Mumbai,3889.6036
FDW20,Fruits and Vegetables,Low Fat,,0.024032484,124.973,OUT027,1985,Medium,Tier 3,Mumbai,2463.46
FDG29,Frozen Foods,Low Fat,,0.056019324,40.0454,OUT027,1985,Medium,Tier 3,Mumbai,419.454
FDA16,Frozen Foods,Low Fat,,0.033777629,222.8456,OUT027,1985,Medium,Tier 3,Mumbai,7073.4592
FDZ40,Frozen Foods,Low Fat,,0.039988162,55.7298,OUT027,1985,Medium,Tier 3,Mumbai,1024.6662
NCM17,Health and Hygiene,Low Fat,,0.070791391,46.4086,OUT027,1985,Medium,Tier 3,Mumbai,2007.387
FDW11,Breads,Low Fat,,0.048545853,60.1194,OUT027,1985,Medium,Tier 3,Mumbai,1114.5492
FDI46,Snack Foods,Low Fat,,0.073985248,252.5724,OUT027,1985,Medium,Tier 3,Mumbai,3271.7412
FDP25,Canned,Low Fat,,0.02110482,217.0824,OUT027,1985,Medium,Tier 3,Mumbai,6769.8544
NCY05,Health and Hygiene,Low Fat,,0.054723717,36.6874,OUT027,1985,Medium,Tier 3,Mumbai,1058.622
FDI57,Seafood,Low Fat,,0.053764023,195.7768,OUT027,1985,Medium,Tier 3,Mumbai,3547.3824
DRL11,Hard Drinks,Low Fat,,0.04778563,156.5946,OUT027,1985,Medium,Tier 3,Mumbai,3787.0704
FDZ33,Snack Foods,Low Fat,,0.106876976,146.7076,OUT027,1985,Medium,Tier 3,Mumbai,3842.9976
FDW56,Fruits and Vegetables,Low Fat,,0.070556945,191.2162,OUT027,1985,Medium,Tier 3,Mumbai,7504.2318
NCL05,Health and Hygiene,Low Fat,,0.047665717,42.177,OUT027,1985,Medium,Tier 3,Mumbai,1255.033
NCZ54,Household,Low Fat,,0.082955719,164.0552,OUT027,1985,Medium,Tier 3,Mumbai,5523.4768
FDD29,Frozen Foods,Low Fat,,0.018321361,255.3698,OUT027,1985,Medium,Tier 3,Mumbai,4819.7262
FDK57,Snack Foods,Low Fat,,0.079904068,120.044,OUT027,1985,Medium,Tier 3,Mumbai,4434.228
FDW49,Canned,Low Fat,,0.082152451,179.9002,OUT027,1985,Medium,Tier 3,Mumbai,4119.3046
NCK06,Household,Low Fat,,0.008604657,123.1756,OUT027,1985,Medium,Tier 3,Mumbai,1211.756
FDM14,Canned,Low Fat,,0.013199737,108.9254,OUT027,1985,Medium,Tier 3,Mumbai,2713.135
NCV06,Household,Low Fat,,0.066358426,195.2478,OUT027,1985,Medium,Tier 3,Mumbai,7168.6686
DRF25,Soft Drinks,Low Fat,,0.038736754,37.319,OUT027,1985,Medium,Tier 3,Mumbai,1281.665
DRJ47,Hard Drinks,Low Fat,,0.04403602,173.308,OUT027,1985,Medium,Tier 3,Mumbai,6751.212
NCT17,Health and Hygiene,Low Fat,,0.041663111,188.6214,OUT027,1985,Medium,Tier 3,Mumbai,6029.4848
FDG44,Fruits and Vegetables,Low Fat,,0.0,55.7298,OUT027,1985,Medium,Tier 3,Mumbai,2804.3496
NCO42,Household,Low Fat,,0.024536199,144.6102,OUT027,1985,Medium,Tier 3,Mumbai,3791.0652
FDL20,Fruits and Vegetables,Low Fat,,0.127792701,111.1886,OUT027,1985,Medium,Tier 3,Mumbai,4447.544
NCZ53,Health and Hygiene,Low Fat,,0.024358634,190.4214,OUT027,1985,Medium,Tier 3,Mumbai,5652.642
NCB18,Household,Low Fat,,0.041091215,89.5514,OUT027,1985,Medium,Tier 3,Mumbai,3364.9532
FDU55,Fruits and Vegetables,Low Fat,,0.035737373,260.6278,OUT027,1985,Medium,Tier 3,Mumbai,9371.8008
FDO25,Canned,Low Fat,,0.126831854,209.027,OUT027,1985,Medium,Tier 3,Mumbai,4613.994
NCI31,Others,Low Fat,,0.080933328,37.519,OUT027,1985,Medium,Tier 3,Mumbai,842.237
FDU38,Dairy,Low Fat,,0.082150145,192.9504,OUT027,1985,Medium,Tier 3,Mumbai,7478.2656
FDG40,Frozen Foods,Low Fat,,0.039631495,31.9558,OUT027,1985,Medium,Tier 3,Mumbai,984.7182
FDO23,Breads,Low Fat,,0.14571827,94.3436,OUT027,1985,Medium,Tier 3,Mumbai,2269.0464
FDH09,Seafood,Low Fat,,0.055806016,52.4982,OUT027,1985,Medium,Tier 3,Mumbai,1209.7586
FDE32,Fruits and Vegetables,Low Fat,,0.048522793,39.6506,OUT027,1985,Medium,Tier 3,Mumbai,1024.6662
FDN02,Canned,Low Fat,,0.073470234,205.3638,OUT027,1985,Medium,Tier 3,Mumbai,5383.6588
FDC02,Canned,Low Fat,,0.068489201,259.3278,OUT027,1985,Medium,Tier 3,Mumbai,4165.2448
DRI23,Hard Drinks,Low Fat,,0.136532569,159.6578,OUT027,1985,Medium,Tier 3,Mumbai,2888.2404
DRG23,Hard Drinks,Low Fat,,0.086360962,151.2682,OUT027,1985,Medium,Tier 3,Mumbai,2439.4912
FDV07,Fruits and Vegetables,Low Fat,,0.031131455,111.0228,OUT027,1985,Medium,Tier 3,Mumbai,3205.1612
FDV38,Dairy,Low Fat,,0.101281,55.0956,OUT027,1985,Medium,Tier 3,Mumbai,2020.0372
DRG48,Soft Drinks,Low Fat,,0.014484582,143.9102,OUT027,1985,Medium,Tier 3,Mumbai,3062.0142
NCM07,Others,Low Fat,,0.03976832,83.9908,OUT027,1985,Medium,Tier 3,Mumbai,2348.9424
NCA06,Household,Low Fat,,0.142589751,35.919,OUT027,1985,Medium,Tier 3,Mumbai,585.904
NCE54,Household,Low Fat,,0.026769592,77.0354,OUT027,1985,Medium,Tier 3,Mumbai,2332.2974
DRJ59,Hard Drinks,Low Fat,,0.0,39.0164,OUT027,1985,Medium,Tier 3,Mumbai,1042.6428
DRK35,Hard Drinks,Low Fat,,0.071498575,37.7506,OUT027,1985,Medium,Tier 3,Mumbai,796.9626
NCI54,Household,Low Fat,,0.033436336,107.3912,OUT027,1985,Medium,Tier 3,Mumbai,3057.3536
FDL04,Frozen Foods,Low Fat,,0.111381428,106.7622,OUT027,1985,Medium,Tier 3,Mumbai,2964.1416
DRZ24,Soft Drinks,Low Fat,,0.0,121.044,OUT027,1985,Medium,Tier 3,Mumbai,2396.88
FDQ12,Baking Goods,Low Fat,,0.03523927,231.601,OUT027,1985,Medium,Tier 3,Mumbai,5972.226
DRB25,Soft Drinks,Low Fat,,0.06912336,106.0938,OUT027,1985,Medium,Tier 3,Mumbai,2787.0388
FDG02,Canned,Low Fat,,0.011206632,191.4188,OUT027,1985,Medium,Tier 3,Mumbai,3998.7948
FDV21,Snack Foods,Low Fat,,0.170254469,124.8704,OUT027,1985,Medium,Tier 3,Mumbai,2127.8968
FDM56,Fruits and Vegetables,Low Fat,,0.069851683,110.9912,OUT027,1985,Medium,Tier 3,Mumbai,1310.2944
FDZ52,Frozen Foods,Low Fat,,0.099589909,109.1886,OUT027,1985,Medium,Tier 3,Mumbai,4225.1668
FDG60,Baking Goods,Low Fat,,0.060405784,234.5616,OUT027,1985,Medium,Tier 3,Mumbai,6796.4864
FDA36,Baking Goods,Low Fat,,0.005638944,184.9924,OUT027,1985,Medium,Tier 3,Mumbai,3146.5708
FDV51,Meat,Low Fat,,0.032381325,166.1842,OUT027,1985,Medium,Tier 3,Mumbai,5470.8786
FDP11,Breads,Low Fat,,0.068765925,216.9166,OUT027,1985,Medium,Tier 3,Mumbai,4354.332
NCN43,Others,Low Fat,,0.006727008,125.173,OUT027,1985,Medium,Tier 3,Mumbai,3202.498
FDF20,Fruits and Vegetables,Low Fat,,0.033059299,196.4768,OUT027,1985,Medium,Tier 3,Mumbai,6306.4576
NCE07,Household,Low Fat,,0.013066448,140.9154,OUT027,1985,Medium,Tier 3,Mumbai,2127.231
FDF12,Baking Goods,Low Fat,,0.082028694,148.6076,OUT027,1985,Medium,Tier 3,Mumbai,3990.8052
NCL53,Health and Hygiene,Low Fat,,0.0,175.4028,OUT027,1985,Medium,Tier 3,Mumbai,6729.9064
FDE09,Fruits and Vegetables,Low Fat,,0.021498768,111.5228,OUT027,1985,Medium,Tier 3,Mumbai,1768.3648
FDU25,Canned,Low Fat,,0.026552056,56.2246,OUT027,1985,Medium,Tier 3,Mumbai,1737.738
FDP38,Canned,Low Fat,,0.031946638,51.6008,OUT027,1985,Medium,Tier 3,Mumbai,1821.6288
DRK49,Soft Drinks,Low Fat,,0.035769657,40.9138,OUT027,1985,Medium,Tier 3,Mumbai,1380.8692
NCO55,Others,Low Fat,,0.090596378,106.6938,OUT027,1985,Medium,Tier 3,Mumbai,2251.0698
FDA50,Dairy,Low Fat,,0.086752988,98.141,OUT027,1985,Medium,Tier 3,Mumbai,1737.738
FDL33,Snack Foods,Low Fat,,0.099478451,194.4452,OUT027,1985,Medium,Tier 3,Mumbai,4697.8848
FDV08,Fruits and Vegetables,Low Fat,,0.028456456,43.5454,OUT027,1985,Medium,Tier 3,Mumbai,755.0172
NCR05,Health and Hygiene,Low Fat,,0.054366282,199.6084,OUT027,1985,Medium,Tier 3,Mumbai,7142.7024
FDX28,Frozen Foods,Low Fat,,0.0,100.7042,OUT027,1985,Medium,Tier 3,Mumbai,3174.5344
FDN57,Snack Foods,Low Fat,,0.053971566,141.2154,OUT027,1985,Medium,Tier 3,Mumbai,3119.9388
DRK13,Soft Drinks,Low Fat,,0.114609875,197.0084,OUT027,1985,Medium,Tier 3,Mumbai,3372.9428
FDH33,Snack Foods,Low Fat,,0.0,44.1428,OUT027,1985,Medium,Tier 3,Mumbai,1362.2268
FDQ22,Snack Foods,Low Fat,,0.029595637,40.9822,OUT027,1985,Medium,Tier 3,Mumbai,864.2084
DRG01,Soft Drinks,Low Fat,,0.044660955,74.767,OUT027,1985,Medium,Tier 3,Mumbai,2679.845
DRJ39,Dairy,Low Fat,,0.036150153,219.5482,OUT027,1985,Medium,Tier 3,Mumbai,5695.2532
NCM30,Household,Low Fat,,0.066969525,39.2796,OUT027,1985,Medium,Tier 3,Mumbai,701.7532
DRK23,Hard Drinks,Low Fat,,0.071628097,251.904,OUT027,1985,Medium,Tier 3,Mumbai,4301.068
DRD24,Soft Drinks,Low Fat,,0.030645958,141.7154,OUT027,1985,Medium,Tier 3,Mumbai,2694.4926
FDJ28,Frozen Foods,Low Fat,,0.0,190.9162,OUT027,1985,Medium,Tier 3,Mumbai,5772.486
FDO32,Fruits and Vegetables,Low Fat,,0.119959873,45.506,OUT027,1985,Medium,Tier 3,Mumbai,885.514
FDH10,Snack Foods,Low Fat,,0.049066248,192.4478,OUT027,1985,Medium,Tier 3,Mumbai,8912.3988
NCP50,Others,Low Fat,,0.020460284,81.7618,OUT027,1985,Medium,Tier 3,Mumbai,2175.1686
FDU35,Breads,Low Fat,,0.078831762,98.97,OUT027,1985,Medium,Tier 3,Mumbai,3395.58
FDW48,Baking Goods,Low Fat,,0.008499464,81.3618,OUT027,1985,Medium,Tier 3,Mumbai,1530.6742
NCB07,Household,Low Fat,,0.077132215,197.411,OUT027,1985,Medium,Tier 3,Mumbai,5892.33
FDJ07,Meat,Low Fat,,0.014353676,115.515,OUT027,1985,Medium,Tier 3,Mumbai,1631.21
NCL07,Others,Low Fat,,0.0311868,39.548,OUT027,1985,Medium,Tier 3,Mumbai,759.012
FDA10,Snack Foods,Low Fat,,0.141129263,121.6072,OUT027,1985,Medium,Tier 3,Mumbai,3430.2016
FDU36,Baking Goods,Low Fat,,0.0,100.1384,OUT027,1985,Medium,Tier 3,Mumbai,2956.152
FDU32,Fruits and Vegetables,Low Fat,,0.025841875,120.7414,OUT027,1985,Medium,Tier 3,Mumbai,4386.2904
NCB06,Health and Hygiene,Low Fat,,0.081933378,161.492,OUT027,1985,Medium,Tier 3,Mumbai,6391.68
NCK29,Health and Hygiene,Low Fat,,0.0,125.173,OUT027,1985,Medium,Tier 3,Mumbai,3572.017
FDD57,Fruits and Vegetables,Low Fat,,0.022291121,93.6094,OUT027,1985,Medium,Tier 3,Mumbai,3713.1666
FDR47,Breads,Low Fat,,0.087045086,196.7794,OUT027,1985,Medium,Tier 3,Mumbai,6242.5408
NCK42,Household,Low Fat,,0.013056494,215.9192,OUT027,1985,Medium,Tier 3,Mumbai,7334.4528
FDL26,Canned,Low Fat,,0.072838381,155.2972,OUT027,1985,Medium,Tier 3,Mumbai,5141.3076
FDL44,Fruits and Vegetables,Low Fat,,0.012215675,162.7894,OUT027,1985,Medium,Tier 3,Mumbai,5500.8396
FDL45,Snack Foods,Low Fat,,0.037505332,126.2704,OUT027,1985,Medium,Tier 3,Mumbai,4255.7936
FDN27,Meat,Low Fat,,0.039370913,116.9808,OUT027,1985,Medium,Tier 3,Mumbai,3866.9664
NCC19,Household,Low Fat,,0.096411426,192.982,OUT027,1985,Medium,Tier 3,Mumbai,4633.968
NCL54,Household,Low Fat,,0.082353076,176.9054,OUT027,1985,Medium,Tier 3,Mumbai,4202.5296
NCM43,Others,Low Fat,,0.01938106,164.321,OUT027,1985,Medium,Tier 3,Mumbai,5546.114
FDQ33,Snack Foods,Low Fat,,0.0,151.6708,OUT027,1985,Medium,Tier 3,Mumbai,4815.0656
DRN47,Hard Drinks,Low Fat,,0.016745264,180.766,OUT027,1985,Medium,Tier 3,Mumbai,3056.022
NCG07,Household,Low Fat,,0.052247806,190.853,OUT027,1985,Medium,Tier 3,Mumbai,4554.072
FDW25,Canned,Low Fat,,0.037217847,86.8224,OUT027,1985,Medium,Tier 3,Mumbai,1448.7808
NCZ06,Household,Low Fat,,0.09370568,253.8698,OUT027,1985,Medium,Tier 3,Mumbai,3297.7074
FDJ48,Baking Goods,Low Fat,,0.056161529,246.9118,OUT027,1985,Medium,Tier 3,Mumbai,5681.2714
FDO50,Canned,Low Fat,,0.077790204,93.0804,OUT027,1985,Medium,Tier 3,Mumbai,2940.1728
FDX37,Canned,Low Fat,,0.062724117,100.57,OUT027,1985,Medium,Tier 3,Mumbai,5093.37
DRM48,Soft Drinks,Low Fat,,0.112349962,39.1848,OUT027,1985,Medium,Tier 3,Mumbai,559.272
FDF46,Snack Foods,Low Fat,,0.093217569,116.7834,OUT027,1985,Medium,Tier 3,Mumbai,4952.8862
FDF52,Frozen Foods,Low Fat,,0.066459891,184.2292,OUT027,1985,Medium,Tier 3,Mumbai,4560.73
FDD53,Frozen Foods,Low Fat,,0.044008347,43.7454,OUT027,1985,Medium,Tier 3,Mumbai,671.1264
DRK59,Hard Drinks,Low Fat,,0.075084457,233.9616,OUT027,1985,Medium,Tier 3,Mumbai,4452.8704
NCH42,Household,Low Fat,,0.036360386,231.601,OUT027,1985,Medium,Tier 3,Mumbai,7580.133
FDD46,Snack Foods,Low Fat,,0.140571971,154.7998,OUT027,1985,Medium,Tier 3,Mumbai,3383.5956
FDQ10,Snack Foods,Low Fat,,0.033018559,170.4422,OUT027,1985,Medium,Tier 3,Mumbai,5000.8238
DRB01,Soft Drinks,Low Fat,,0.081841136,190.053,OUT027,1985,Medium,Tier 3,Mumbai,569.259
FDR35,Breads,Low Fat,,0.020597493,200.0742,OUT027,1985,Medium,Tier 3,Mumbai,8958.339
FDT58,Snack Foods,Low Fat,,0.085538477,169.2816,OUT027,1985,Medium,Tier 3,Mumbai,3523.4136
NCC18,Household,Low Fat,,0.176411579,173.2422,OUT027,1985,Medium,Tier 3,Mumbai,2069.3064
FDQ57,Snack Foods,Low Fat,,0.027812304,147.476,OUT027,1985,Medium,Tier 3,Mumbai,3368.948
NCK18,Household,Low Fat,,0.006665667,164.1184,OUT027,1985,Medium,Tier 3,Mumbai,3797.7232
NCC07,Household,Low Fat,,0.023835164,103.3964,OUT027,1985,Medium,Tier 3,Mumbai,3050.6956
FDA44,Fruits and Vegetables,Low Fat,,0.052964982,57.793,OUT027,1985,Medium,Tier 3,Mumbai,1754.383
NCJ42,Household,Low Fat,,0.014232071,100.9332,OUT027,1985,Medium,Tier 3,Mumbai,1743.0644
FDQ52,Frozen Foods,Low Fat,,0.118806857,248.8434,OUT027,1985,Medium,Tier 3,Mumbai,6705.2718
NCP05,Health and Hygiene,Low Fat,,0.025164132,152.6024,OUT027,1985,Medium,Tier 3,Mumbai,6072.096
FDV49,Canned,Low Fat,,0.025702129,262.6226,OUT027,1985,Medium,Tier 3,Mumbai,7136.7102
NCX05,Health and Hygiene,Low Fat,,0.096592065,117.4492,OUT027,1985,Medium,Tier 3,Mumbai,1621.8888
NCW53,Health and Hygiene,Low Fat,,0.030347404,192.5162,OUT027,1985,Medium,Tier 3,Mumbai,3078.6592
FDW13,Canned,Low Fat,,0.097410707,52.7324,OUT027,1985,Medium,Tier 3,Mumbai,2492.7552
DRJ23,Hard Drinks,Low Fat,,0.0,188.1872,OUT027,1985,Medium,Tier 3,Mumbai,3214.4824
FDJ32,Fruits and Vegetables,Low Fat,,0.057512481,62.5536,OUT027,1985,Medium,Tier 3,Mumbai,1592.5936
FDB52,Dairy,Low Fat,,0.030288215,256.7672,OUT027,1985,Medium,Tier 3,Mumbai,4346.3424
NCH54,Household,Low Fat,,0.072317217,160.792,OUT027,1985,Medium,Tier 3,Mumbai,3675.216
FDQ39,Meat,Low Fat,,0.080649685,189.9846,OUT027,1985,Medium,Tier 3,Mumbai,6114.7072
NCQ18,Household,Low Fat,,0.134418705,99.67,OUT027,1985,Medium,Tier 3,Mumbai,2596.62
NCI18,Household,Low Fat,,0.013956116,222.3746,OUT027,1985,Medium,Tier 3,Mumbai,5609.365
NCS05,Health and Hygiene,Low Fat,,0.020876485,133.7942,OUT027,1985,Medium,Tier 3,Mumbai,1722.4246
DRH39,Dairy,Low Fat,,0.092241348,75.867,OUT027,1985,Medium,Tier 3,Mumbai,2450.144
FDE58,Snack Foods,Low Fat,,0.0,119.8124,OUT027,1985,Medium,Tier 3,Mumbai,1659.1736
FDS01,Canned,Low Fat,,0.017659068,175.9686,OUT027,1985,Medium,Tier 3,Mumbai,5866.3638
FDF05,Frozen Foods,Low Fat,,0.026740767,261.291,OUT027,1985,Medium,Tier 3,Mumbai,5522.811
DRI01,Soft Drinks,Low Fat,,0.034286109,173.1422,OUT027,1985,Medium,Tier 3,Mumbai,5000.8238
FDF58,Snack Foods,Low Fat,,0.009534758,64.551,OUT027,1985,Medium,Tier 3,Mumbai,1201.769
DRD25,Soft Drinks,Low Fat,,0.078589629,113.286,OUT027,1985,Medium,Tier 3,Mumbai,2716.464
FDY07,Fruits and Vegetables,Low Fat,,0.0,45.9402,OUT027,1985,Medium,Tier 3,Mumbai,872.8638
FDZ56,Fruits and Vegetables,Low Fat,,0.025612348,168.2474,OUT027,1985,Medium,Tier 3,Mumbai,3200.5006
NCY18,Household,Low Fat,,0.03100078,177.0054,OUT027,1985,Medium,Tier 3,Mumbai,2101.2648
FDI33,Snack Foods,Low Fat,,0.028281197,90.2146,OUT027,1985,Medium,Tier 3,Mumbai,3648.584
FDP60,Baking Goods,Low Fat,,0.055648052,100.3016,OUT027,1985,Medium,Tier 3,Mumbai,2833.6448
FDZ15,Dairy,Low Fat,,0.020769677,117.5782,OUT027,1985,Medium,Tier 3,Mumbai,2741.0986
FDH21,Seafood,Low Fat,,0.031073804,157.5604,OUT027,1985,Medium,Tier 3,Mumbai,5704.5744
FDY55,Fruits and Vegetables,Low Fat,,0.0,255.7988,OUT027,1985,Medium,Tier 3,Mumbai,9251.9568
FDP33,Snack Foods,Low Fat,,0.088839949,254.2672,OUT027,1985,Medium,Tier 3,Mumbai,10993.6896
NCU17,Health and Hygiene,Low Fat,,0.092433518,101.6674,OUT027,1985,Medium,Tier 3,Mumbai,1426.1436
NCG30,Household,Low Fat,,0.111777297,124.6046,OUT027,1985,Medium,Tier 3,Mumbai,2863.6058
NCR29,Health and Hygiene,Low Fat,,0.054376275,56.293,OUT027,1985,Medium,Tier 3,Mumbai,2546.685
FDI56,Fruits and Vegetables,Low Fat,,0.092933158,91.0146,OUT027,1985,Medium,Tier 3,Mumbai,3466.1548
NCR17,Health and Hygiene,Low Fat,,0.02426524,114.0492,OUT027,1985,Medium,Tier 3,Mumbai,3938.8728
FDT57,Snack Foods,Low Fat,,0.018942606,236.0248,OUT027,1985,Medium,Tier 3,Mumbai,6636.6944
NCK05,Health and Hygiene,Low Fat,,0.077079177,61.5536,OUT027,1985,Medium,Tier 3,Mumbai,918.804
FDS43,Fruits and Vegetables,Low Fat,,0.040318693,186.224,OUT027,1985,Medium,Tier 3,Mumbai,5033.448
FDL34,Snack Foods,Low Fat,,0.040747616,140.2496,OUT027,1985,Medium,Tier 3,Mumbai,4093.3384
FDN09,Snack Foods,Low Fat,,0.034705807,241.6828,OUT027,1985,Medium,Tier 3,Mumbai,4873.656
DRG03,Dairy,Low Fat,,0.061686402,153.9998,OUT027,1985,Medium,Tier 3,Mumbai,5229.1932
FDC44,Fruits and Vegetables,Low Fat,,0.171761077,115.7518,OUT027,1985,Medium,Tier 3,Mumbai,5351.0346
NCU42,Household,Low Fat,,0.019412192,166.5474,OUT027,1985,Medium,Tier 3,Mumbai,4379.6324
FDV23,Breads,Low Fat,,0.105324246,125.7046,OUT027,1985,Medium,Tier 3,Mumbai,3237.1196
FDN10,Snack Foods,Low Fat,,0.045900448,118.9124,OUT027,1985,Medium,Tier 3,Mumbai,2844.2976
FDY21,Snack Foods,Low Fat,,0.172641213,195.111,OUT027,1985,Medium,Tier 3,Mumbai,5303.097
NCQ50,Household,Low Fat,,0.034141213,211.9218,OUT027,1985,Medium,Tier 3,Mumbai,3419.5488
FDQ20,Fruits and Vegetables,Low Fat,,0.029640604,40.8138,OUT027,1985,Medium,Tier 3,Mumbai,1543.3244
DRI03,Dairy,Low Fat,,0.0,175.3028,OUT027,1985,Medium,Tier 3,Mumbai,3719.1588
FDK34,Snack Foods,Low Fat,,0.038340116,240.1564,OUT027,1985,Medium,Tier 3,Mumbai,7150.692
FDE08,Fruits and Vegetables,Low Fat,,0.049080853,147.7734,OUT027,1985,Medium,Tier 3,Mumbai,4602.6754
NCH06,Household,Low Fat,,0.076183667,245.646,OUT027,1985,Medium,Tier 3,Mumbai,3695.19
FDL56,Fruits and Vegetables,Low Fat,,0.12517151,88.9198,OUT027,1985,Medium,Tier 3,Mumbai,3139.9128
FDT20,Fruits and Vegetables,Low Fat,,0.041194986,39.1164,OUT027,1985,Medium,Tier 3,Mumbai,1235.7248
FDP04,Frozen Foods,Low Fat,,0.013745883,62.0168,OUT027,1985,Medium,Tier 3,Mumbai,1534.0032
FDK24,Baking Goods,Low Fat,,0.10080442,45.4744,OUT027,1985,Medium,Tier 3,Mumbai,1041.3112
DRE49,Soft Drinks,Low Fat,,0.0,153.8024,OUT027,1985,Medium,Tier 3,Mumbai,7741.9224
FDW34,Snack Foods,Low Fat,,0.035406842,244.317,OUT027,1985,Medium,Tier 3,Mumbai,8262.578
FDK04,Frozen Foods,Low Fat,,0.052058711,55.5588,OUT027,1985,Medium,Tier 3,Mumbai,1145.176
FDB08,Fruits and Vegetables,Low Fat,,0.030952737,160.1578,OUT027,1985,Medium,Tier 3,Mumbai,3048.6982
NCT53,Health and Hygiene,Low Fat,,0.0,164.5526,OUT027,1985,Medium,Tier 3,Mumbai,2302.3364
NCJ43,Household,Low Fat,,0.026938317,174.1396,OUT027,1985,Medium,Tier 3,Mumbai,4012.1108
NCW41,Health and Hygiene,Low Fat,,0.015375557,156.9604,OUT027,1985,Medium,Tier 3,Mumbai,4278.4308
NCO05,Health and Hygiene,Low Fat,,0.046333982,97.2384,OUT027,1985,Medium,Tier 3,Mumbai,2660.5368
FDF33,Seafood,Low Fat,,0.0,109.4596,OUT027,1985,Medium,Tier 3,Mumbai,1833.6132
DRN59,Hard Drinks,Low Fat,,0.063831013,46.206,OUT027,1985,Medium,Tier 3,Mumbai,1304.968
FDN44,Fruits and Vegetables,Low Fat,,0.022685222,161.592,OUT027,1985,Medium,Tier 3,Mumbai,4314.384
NCG54,Household,Low Fat,,0.079419801,172.3106,OUT027,1985,Medium,Tier 3,Mumbai,5475.5392
NCW42,Household,Low Fat,,0.058185842,220.8456,OUT027,1985,Medium,Tier 3,Mumbai,4199.8664
FDE57,Fruits and Vegetables,Low Fat,,0.036109413,140.6154,OUT027,1985,Medium,Tier 3,Mumbai,4538.0928
FDS08,Fruits and Vegetables,Low Fat,,0.056685383,178.437,OUT027,1985,Medium,Tier 3,Mumbai,3175.866
FDD05,Frozen Foods,Low Fat,,0.016531033,122.4098,OUT027,1985,Medium,Tier 3,Mumbai,3012.745
FDU39,Meat,Low Fat,,0.035863436,58.3562,OUT027,1985,Medium,Tier 3,Mumbai,1125.8678
NCF42,Household,Low Fat,,0.166572501,176.1712,OUT027,1985,Medium,Tier 3,Mumbai,3691.1952
NCO14,Household,Low Fat,,0.029500321,46.2086,OUT027,1985,Medium,Tier 3,Mumbai,802.9548
FDR45,Snack Foods,Low Fat,,0.0,240.6222,OUT027,1985,Medium,Tier 3,Mumbai,4302.3996
FDS39,Meat,Low Fat,,0.022351808,143.7812,OUT027,1985,Medium,Tier 3,Mumbai,4986.842
FDX24,Baking Goods,Low Fat,,0.013861607,94.4462,OUT027,1985,Medium,Tier 3,Mumbai,2036.0164
DRN36,Soft Drinks,Low Fat,,0.049934854,95.0752,OUT027,1985,Medium,Tier 3,Mumbai,2588.6304
NCD31,Household,Low Fat,,0.015359722,163.7526,OUT027,1985,Medium,Tier 3,Mumbai,1973.4312
FDU52,Frozen Foods,Low Fat,,0.063462048,157.563,OUT027,1985,Medium,Tier 3,Mumbai,1721.093
FDP09,Snack Foods,Low Fat,,0.033725743,211.6902,OUT027,1985,Medium,Tier 3,Mumbai,4247.804
FDC45,Fruits and Vegetables,Low Fat,,0.135075924,170.3106,OUT027,1985,Medium,Tier 3,Mumbai,3422.212
DRJ37,Soft Drinks,Low Fat,,0.060805497,150.8024,OUT027,1985,Medium,Tier 3,Mumbai,3339.6528
DRD12,Soft Drinks,Low Fat,,0.0,89.4146,OUT027,1985,Medium,Tier 3,Mumbai,2645.2234
FDR09,Snack Foods,Low Fat,,0.077348214,259.7962,OUT027,1985,Medium,Tier 3,Mumbai,8028.8822
NCJ19,Others,Low Fat,,0.117607719,55.2588,OUT027,1985,Medium,Tier 3,Mumbai,2748.4224
DRH11,Hard Drinks,Low Fat,,0.075192072,56.0614,OUT027,1985,Medium,Tier 3,Mumbai,2597.2858
FDP56,Fruits and Vegetables,Low Fat,,0.046259036,47.4692,OUT027,1985,Medium,Tier 3,Mumbai,1576.6144
DRF01,Soft Drinks,Low Fat,,0.174232377,146.6102,OUT027,1985,Medium,Tier 3,Mumbai,1895.5326
FDC32,Fruits and Vegetables,Low Fat,,0.098629062,90.6462,OUT027,1985,Medium,Tier 3,Mumbai,2406.2012
FDV43,Fruits and Vegetables,Low Fat,,0.076483451,43.4086,OUT027,1985,Medium,Tier 3,Mumbai,847.5634
FDT36,Baking Goods,Low Fat,,0.110735739,35.2874,OUT027,1985,Medium,Tier 3,Mumbai,988.0472
FDA46,Snack Foods,Low Fat,,0.117065801,196.1136,OUT027,1985,Medium,Tier 3,Mumbai,6026.8216
FDD51,Dairy,Low Fat,,0.119371835,45.2744,OUT027,1985,Medium,Tier 3,Mumbai,905.488
FDA49,Canned,Low Fat,,0.064607378,87.4198,OUT027,1985,Medium,Tier 3,Mumbai,2267.7148
FDL36,Baking Goods,Low Fat,,0.075707087,88.183,OUT027,1985,Medium,Tier 3,Mumbai,1438.128
FDQ23,Breads,Low Fat,,0.024407061,102.3332,OUT027,1985,Medium,Tier 3,Mumbai,1948.1308
NCH55,Household,Low Fat,,0.034504414,125.202,OUT027,1985,Medium,Tier 3,Mumbai,2783.044
FDK40,Frozen Foods,Low Fat,,0.021743592,263.191,OUT027,1985,Medium,Tier 3,Mumbai,6574.775
NCE06,Household,Low Fat,,0.091042211,162.6894,OUT027,1985,Medium,Tier 3,Mumbai,2588.6304
FDK33,Snack Foods,Low Fat,,0.011180843,213.456,OUT027,1985,Medium,Tier 3,Mumbai,4261.12
FDW24,Baking Goods,Low Fat,,0.037315469,50.0034,OUT027,1985,Medium,Tier 3,Mumbai,1992.7394
NCG18,Household,Low Fat,,0.02286663,102.8332,OUT027,1985,Medium,Tier 3,Mumbai,2768.3964
DRL47,Hard Drinks,Low Fat,,0.038549197,127.5362,OUT027,1985,Medium,Tier 3,Mumbai,1006.6896
FDM34,Snack Foods,Low Fat,,0.067120954,132.9626,OUT027,1985,Medium,Tier 3,Mumbai,3279.065
NCS53,Health and Hygiene,Low Fat,,0.089343433,157.3604,OUT027,1985,Medium,Tier 3,Mumbai,6021.4952
FDK48,Baking Goods,Low Fat,,0.037449987,76.7354,OUT027,1985,Medium,Tier 3,Mumbai,2783.7098
DRF27,Dairy,Low Fat,,0.02827966,152.234,OUT027,1985,Medium,Tier 3,Mumbai,1071.938
NCR18,Household,Low Fat,,0.020388413,44.4112,OUT027,1985,Medium,Tier 3,Mumbai,767.0016
FDS48,Baking Goods,Low Fat,,0.027644732,149.4708,OUT027,1985,Medium,Tier 3,Mumbai,3159.8868
FDE46,Snack Foods,Low Fat,,0.015693328,150.7366,OUT027,1985,Medium,Tier 3,Mumbai,906.8196
FDQ09,Snack Foods,Low Fat,,0.057850699,113.2834,OUT027,1985,Medium,Tier 3,Mumbai,4376.9692
NCK53,Health and Hygiene,Low Fat,,0.0,100.8042,OUT027,1985,Medium,Tier 3,Mumbai,3472.147
NCS54,Household,Low Fat,,0.00994477,177.837,OUT027,1985,Medium,Tier 3,Mumbai,6528.169
FDK16,Frozen Foods,Low Fat,,0.114771298,93.9094,OUT027,1985,Medium,Tier 3,Mumbai,3903.5854
FDB22,Snack Foods,Low Fat,,0.110901004,155.0998,OUT027,1985,Medium,Tier 3,Mumbai,2768.3964
NCQ42,Household,Low Fat,,0.039078047,128.3678,OUT027,1985,Medium,Tier 3,Mumbai,3179.195
FDE02,Canned,Low Fat,,0.120663214,95.6778,OUT027,1985,Medium,Tier 3,Mumbai,2910.2118
NCD55,Household,Low Fat,,0.024213354,42.4454,OUT027,1985,Medium,Tier 3,Mumbai,293.6178
DRM23,Hard Drinks,Low Fat,,0.0,171.7422,OUT027,1985,Medium,Tier 3,Mumbai,6207.9192
FDY59,Baking Goods,Low Fat,,0.031251369,93.3462,OUT027,1985,Medium,Tier 3,Mumbai,1018.0082
FDD33,Fruits and Vegetables,Low Fat,,0.0,231.9642,OUT027,1985,Medium,Tier 3,Mumbai,6970.926
FDG32,Fruits and Vegetables,Low Fat,,0.17514326,222.3772,OUT027,1985,Medium,Tier 3,Mumbai,9562.2196
NCP02,Household,Low Fat,,0.044591774,59.6562,OUT027,1985,Medium,Tier 3,Mumbai,2192.4794
FDX01,Canned,Low Fat,,0.024047319,115.515,OUT027,1985,Medium,Tier 3,Mumbai,1980.755
FDC53,Frozen Foods,Low Fat,,0.008792907,96.7384,OUT027,1985,Medium,Tier 3,Mumbai,2956.152
DRE48,Soft Drinks,Low Fat,,0.01724183,197.0768,OUT027,1985,Medium,Tier 3,Mumbai,8868.456
NCU29,Health and Hygiene,Low Fat,,0.025354072,144.476,OUT027,1985,Medium,Tier 3,Mumbai,3661.9
FDV15,Meat,Low Fat,,0.145464606,105.7648,OUT027,1985,Medium,Tier 3,Mumbai,2596.62
FDA11,Baking Goods,Low Fat,,0.043029436,94.7436,OUT027,1985,Medium,Tier 3,Mumbai,1701.7848
FDB05,Frozen Foods,Low Fat,,0.08279545,245.8776,OUT027,1985,Medium,Tier 3,Mumbai,4705.8744
DRL37,Soft Drinks,Low Fat,,0.053113721,44.377,OUT027,1985,Medium,Tier 3,Mumbai,1211.756
FDD35,Starchy Foods,Low Fat,,0.02573918,120.744,OUT027,1985,Medium,Tier 3,Mumbai,3954.852
FDY10,Snack Foods,Low Fat,,0.048830264,113.1176,OUT027,1985,Medium,Tier 3,Mumbai,2404.8696
FDS55,Fruits and Vegetables,Low Fat,,0.080771137,146.4734,OUT027,1985,Medium,Tier 3,Mumbai,4157.2552
FDR14,Dairy,Low Fat,,0.173206192,53.3298,OUT027,1985,Medium,Tier 3,Mumbai,1078.596
FDP27,Meat,Low Fat,,0.118872194,188.353,OUT027,1985,Medium,Tier 3,Mumbai,5313.084
FDB17,Frozen Foods,Low Fat,,0.036494521,179.0976,OUT027,1985,Medium,Tier 3,Mumbai,5976.2208
DRI39,Dairy,Low Fat,,0.096592065,54.893,OUT027,1985,Medium,Tier 3,Mumbai,3112.615
FDB44,Fruits and Vegetables,Low Fat,,0.016876708,210.0586,OUT027,1985,Medium,Tier 3,Mumbai,6964.9338
FDS40,Frozen Foods,Low Fat,,0.013951504,36.719,OUT027,1985,Medium,Tier 3,Mumbai,622.523
FDI22,Snack Foods,Low Fat,,0.095746519,208.6612,OUT027,1985,Medium,Tier 3,Mumbai,7317.142
FDA43,Fruits and Vegetables,Low Fat,,0.064362554,193.7794,OUT027,1985,Medium,Tier 3,Mumbai,4876.985
FDK51,Dairy,Low Fat,,0.005209791,265.2884,OUT027,1985,Medium,Tier 3,Mumbai,3179.8608
NCA42,Household,Low Fat,,0.028410335,158.0604,OUT027,1985,Medium,Tier 3,Mumbai,4595.3516
NCX30,Household,Low Fat,,0.026491715,247.2776,OUT027,1985,Medium,Tier 3,Mumbai,6191.94
FDA20,Fruits and Vegetables,Low Fat,,0.066298469,186.824,OUT027,1985,Medium,Tier 3,Mumbai,6338.416
FDK36,Baking Goods,Low Fat,,0.007180374,47.4034,OUT027,1985,Medium,Tier 3,Mumbai,631.8442
NCB42,Health and Hygiene,Low Fat,,0.008519718,116.9492,OUT027,1985,Medium,Tier 3,Mumbai,2780.3808
DRK39,Dairy,Low Fat,,0.049623924,83.225,OUT027,1985,Medium,Tier 3,Mumbai,1498.05
DRI59,Hard Drinks,Low Fat,,0.040636926,224.6088,OUT027,1985,Medium,Tier 3,Mumbai,4474.176
FDE29,Frozen Foods,Low Fat,,0.142436015,62.3878,OUT027,1985,Medium,Tier 3,Mumbai,1514.695
NCO02,Others,Low Fat,,0.073012871,67.5142,OUT027,1985,Medium,Tier 3,Mumbai,2306.997
FDK09,Snack Foods,Low Fat,,0.091318935,230.7352,OUT027,1985,Medium,Tier 3,Mumbai,8474.3024
NCM06,Household,Low Fat,,0.075361182,155.6656,OUT027,1985,Medium,Tier 3,Mumbai,3243.7776
FDO37,Breakfast,Low Fat,,0.021273161,229.1326,OUT027,1985,Medium,Tier 3,Mumbai,7393.0432
NCD54,Household,Low Fat,,0.028868467,146.3786,OUT027,1985,Medium,Tier 3,Mumbai,5056.751
NCQ05,Health and Hygiene,Low Fat,,0.0,152.0708,OUT027,1985,Medium,Tier 3,Mumbai,2106.5912
FDE24,Baking Goods,Low Fat,,0.093010026,143.0812,OUT027,1985,Medium,Tier 3,Mumbai,3704.5112
FDZ55,Fruits and Vegetables,Low Fat,,0.02528566,158.792,OUT027,1985,Medium,Tier 3,Mumbai,4474.176
NCI29,Health and Hygiene,Low Fat,,0.032463574,139.9154,OUT027,1985,Medium,Tier 3,Mumbai,4963.539
FDO40,Frozen Foods,Low Fat,,0.032470108,148.9392,OUT027,1985,Medium,Tier 3,Mumbai,3728.48
FDE21,Fruits and Vegetables,Low Fat,,0.0,115.3492,OUT027,1985,Medium,Tier 3,Mumbai,3823.0236
FDO38,Canned,Low Fat,,0.072486326,78.9986,OUT027,1985,Medium,Tier 3,Mumbai,2259.0594
NCN53,Health and Hygiene,Low Fat,,0.030208465,35.4874,OUT027,1985,Medium,Tier 3,Mumbai,1693.7952
FDH34,Snack Foods,Low Fat,,0.030944666,186.6582,OUT027,1985,Medium,Tier 3,Mumbai,3715.164
FDZ19,Fruits and Vegetables,Low Fat,,0.093002339,177.7712,OUT027,1985,Medium,Tier 3,Mumbai,4921.5936
FDC28,Frozen Foods,Low Fat,,0.054720642,107.8254,OUT027,1985,Medium,Tier 3,Mumbai,2387.5588
FDK52,Frozen Foods,Low Fat,,0.0,225.3062,OUT027,1985,Medium,Tier 3,Mumbai,4288.4178
FDO24,Baking Goods,Low Fat,,0.175362333,158.9604,OUT027,1985,Medium,Tier 3,Mumbai,4436.8912
FDX50,Dairy,Low Fat,,0.074265816,109.5228,OUT027,1985,Medium,Tier 3,Mumbai,3757.7752
NCO06,Household,Low Fat,,0.107507291,34.8558,OUT027,1985,Medium,Tier 3,Mumbai,441.4254
FDA22,Starchy Foods,Low Fat,,0.0,167.5158,OUT027,1985,Medium,Tier 3,Mumbai,4345.0108
FDJ46,Snack Foods,Low Fat,,0.044606379,174.2054,OUT027,1985,Medium,Tier 3,Mumbai,4377.635
NCD42,Health and Hygiene,Low Fat,,0.0,37.3506,OUT027,1985,Medium,Tier 3,Mumbai,1024.6662
FDC41,Frozen Foods,Low Fat,,0.116347087,76.867,OUT027,1985,Medium,Tier 3,Mumbai,2526.711
FDJ53,Frozen Foods,Low Fat,,0.070912843,121.5098,OUT027,1985,Medium,Tier 3,Mumbai,2410.196
FDF41,Frozen Foods,Low Fat,,0.130544568,248.046,OUT027,1985,Medium,Tier 3,Mumbai,7883.072
FDK44,Fruits and Vegetables,Low Fat,,0.121635591,175.4738,OUT027,1985,Medium,Tier 3,Mumbai,2954.1546
FDR21,Snack Foods,Low Fat,,0.066611321,178.237,OUT027,1985,Medium,Tier 3,Mumbai,3705.177
NCX54,Household,Low Fat,,0.047827139,105.3622,OUT027,1985,Medium,Tier 3,Mumbai,3387.5904
NCW18,Household,Low Fat,,0.059037538,237.7248,OUT027,1985,Medium,Tier 3,Mumbai,2607.2728
FDA56,Fruits and Vegetables,Low Fat,,0.008722342,123.5414,OUT027,1985,Medium,Tier 3,Mumbai,4508.1318
NCQ53,Health and Hygiene,Low Fat,,0.018813776,235.259,OUT027,1985,Medium,Tier 3,Mumbai,5672.616
NCO29,Health and Hygiene,Low Fat,,0.032099989,164.1526,OUT027,1985,Medium,Tier 3,Mumbai,2960.1468
FDB59,Snack Foods,Low Fat,,0.01520491,197.2084,OUT027,1985,Medium,Tier 3,Mumbai,4166.5764
NCS06,Household,Low Fat,,0.031583053,260.991,OUT027,1985,Medium,Tier 3,Mumbai,7100.757
FDG52,Frozen Foods,Low Fat,,0.065313024,47.1402,OUT027,1985,Medium,Tier 3,Mumbai,1516.0266
FDJ22,Snack Foods,Low Fat,,0.052554508,190.3504,OUT027,1985,Medium,Tier 3,Mumbai,1917.504
FDK38,Canned,Low Fat,,0.053031857,149.1734,OUT027,1985,Medium,Tier 3,Mumbai,4454.202
NCT42,Household,Low Fat,,0.024766802,151.0392,OUT027,1985,Medium,Tier 3,Mumbai,3281.0624
FDT49,Canned,Low Fat,,0.150672399,104.728,OUT027,1985,Medium,Tier 3,Mumbai,2450.144
DRL35,Hard Drinks,Low Fat,,0.030554947,41.877,OUT027,1985,Medium,Tier 3,Mumbai,1125.202
DRF36,Soft Drinks,Low Fat,,0.023463124,190.6846,OUT027,1985,Medium,Tier 3,Mumbai,9554.23
FDS57,Snack Foods,Low Fat,,0.102941345,142.047,OUT027,1985,Medium,Tier 3,Mumbai,2719.793
DRI25,Soft Drinks,Low Fat,,0.033737273,56.6614,OUT027,1985,Medium,Tier 3,Mumbai,607.8754
FDN32,Fruits and Vegetables,Low Fat,,0.015485016,185.6266,OUT027,1985,Medium,Tier 3,Mumbai,4979.5182
DRM35,Hard Drinks,Low Fat,,0.070103425,179.4344,OUT027,1985,Medium,Tier 3,Mumbai,5888.3352
FDA15,Dairy,Low Fat,,0.015944801,249.5092,OUT027,1985,Medium,Tier 3,Mumbai,6474.2392
FDC50,Canned,Low Fat,,0.135836915,93.8094,OUT027,1985,Medium,Tier 3,Mumbai,3237.1196
NCV05,Health and Hygiene,Low Fat,,0.030062224,154.3656,OUT027,1985,Medium,Tier 3,Mumbai,2471.4496
DRC25,Soft Drinks,Low Fat,,0.0,87.3882,OUT027,1985,Medium,Tier 3,Mumbai,1374.2112
FDB27,Dairy,Low Fat,,0.055121892,196.7768,OUT027,1985,Medium,Tier 3,Mumbai,5912.304
NCV30,Household,Low Fat,,0.065612808,62.351,OUT027,1985,Medium,Tier 3,Mumbai,2150.534
FDM10,Snack Foods,Low Fat,,0.075603699,215.1218,OUT027,1985,Medium,Tier 3,Mumbai,3205.827
NCB19,Household,Low Fat,,0.089858447,84.5882,OUT027,1985,Medium,Tier 3,Mumbai,2061.3168
FDN01,Breakfast,Low Fat,,0.07204818,177.937,OUT027,1985,Medium,Tier 3,Mumbai,6881.043
FDK28,Frozen Foods,Low Fat,,0.065272284,256.1646,OUT027,1985,Medium,Tier 3,Mumbai,3349.6398
NCM29,Health and Hygiene,Low Fat,,0.017556795,129.9626,OUT027,1985,Medium,Tier 3,Mumbai,3410.2276
FDY27,Dairy,Low Fat,,0.031743707,179.1344,OUT027,1985,Medium,Tier 3,Mumbai,1605.9096
FDX13,Canned,Low Fat,,0.047551568,249.1092,OUT027,1985,Medium,Tier 3,Mumbai,8217.3036
NCI17,Health and Hygiene,Low Fat,,0.142728113,95.141,OUT027,1985,Medium,Tier 3,Mumbai,2510.066
NCY41,Health and Hygiene,Low Fat,,0.075368868,35.2532,OUT027,1985,Medium,Tier 3,Mumbai,970.7364
NCI42,Household,Low Fat,,0.01031535,208.4954,OUT027,1985,Medium,Tier 3,Mumbai,3751.1172
FDY46,Snack Foods,Low Fat,,0.04765803,188.3898,OUT027,1985,Medium,Tier 3,Mumbai,5238.5144
FDK22,Snack Foods,Low Fat,,0.025960174,214.885,OUT027,1985,Medium,Tier 3,Mumbai,4976.855
NCY54,Household,Low Fat,,0.176834351,172.1422,OUT027,1985,Medium,Tier 3,Mumbai,5000.8238
NCY53,Health and Hygiene,Low Fat,,0.058198141,110.4544,OUT027,1985,Medium,Tier 3,Mumbai,4250.4672
NCD18,Household,Low Fat,,0.072317217,230.2668,OUT027,1985,Medium,Tier 3,Mumbai,8062.838
NCS38,Household,Low Fat,,0.0,115.2176,OUT027,1985,Medium,Tier 3,Mumbai,1030.6584
NCJ18,Household,Low Fat,,0.163148041,116.6124,OUT027,1985,Medium,Tier 3,Mumbai,3199.8348
FDU11,Breads,Low Fat,,0.092145264,120.7098,OUT027,1985,Medium,Tier 3,Mumbai,3735.8038
FDY51,Meat,Low Fat,,0.080741927,220.8798,OUT027,1985,Medium,Tier 3,Mumbai,6170.6344
NCH30,Household,Low Fat,,0.066828857,114.186,OUT027,1985,Medium,Tier 3,Mumbai,1924.162
FDZ58,Snack Foods,Low Fat,,0.051924192,121.0072,OUT027,1985,Medium,Tier 3,Mumbai,2940.1728
FDV55,Fruits and Vegetables,Low Fat,,0.054806734,145.1444,OUT027,1985,Medium,Tier 3,Mumbai,3918.8988
FDM03,Meat,Low Fat,,0.0,109.1938,OUT027,1985,Medium,Tier 3,Mumbai,2036.6822
NCF18,Household,Low Fat,,0.088551694,191.5504,OUT027,1985,Medium,Tier 3,Mumbai,5944.2624
FDT21,Snack Foods,Low Fat,,0.0,248.8092,OUT027,1985,Medium,Tier 3,Mumbai,6474.2392
NCP30,Household,Low Fat,,0.032610007,37.4822,OUT027,1985,Medium,Tier 3,Mumbai,942.7728
FDX26,Dairy,Low Fat,,0.087383304,180.4292,OUT027,1985,Medium,Tier 3,Mumbai,4013.4424
DRH01,Soft Drinks,Low Fat,,0.097429924,172.8738,OUT027,1985,Medium,Tier 3,Mumbai,3649.2498
NCE42,Household,Low Fat,,0.01055095,234.9958,OUT027,1985,Medium,Tier 3,Mumbai,13086.9648
NCH18,Household,Low Fat,,0.044444956,245.2802,OUT027,1985,Medium,Tier 3,Mumbai,10072.8882
FDU59,Breads,Low Fat,,0.095919472,162.6552,OUT027,1985,Medium,Tier 3,Mumbai,5685.932
NCE55,Household,Low Fat,,0.12929931,178.237,OUT027,1985,Medium,Tier 3,Mumbai,7939.665
FDK27,Meat,Low Fat,,0.008903212,120.9756,OUT027,1985,Medium,Tier 3,Mumbai,2787.0388
FDP39,Meat,Low Fat,,0.06908877,52.3324,OUT027,1985,Medium,Tier 3,Mumbai,1298.31
DRE15,Dairy,Low Fat,,0.01769927,74.2012,OUT027,1985,Medium,Tier 3,Mumbai,1290.3204
FDX58,Snack Foods,Low Fat,,0.043551753,184.495,OUT027,1985,Medium,Tier 3,Mumbai,7873.085
DRD13,Soft Drinks,Low Fat,,0.048841794,64.7168,OUT027,1985,Medium,Tier 3,Mumbai,3068.0064
FDT59,Breads,Low Fat,,0.01583438,228.5668,OUT027,1985,Medium,Tier 3,Mumbai,3225.1352
DRE13,Soft Drinks,Low Fat,,0.027570939,86.6198,OUT027,1985,Medium,Tier 3,Mumbai,2529.3742
NCI55,Household,Low Fat,,0.012592289,123.3414,OUT027,1985,Medium,Tier 3,Mumbai,4751.8146
FDD09,Fruits and Vegetables,Low Fat,,0.021392306,182.0976,OUT027,1985,Medium,Tier 3,Mumbai,6157.3184
FDQ13,Canned,Low Fat,,0.010590075,84.6908,OUT027,1985,Medium,Tier 3,Mumbai,3691.1952
FDW28,Frozen Foods,Low Fat,,0.088394115,194.7452,OUT027,1985,Medium,Tier 3,Mumbai,5872.356
FDR60,Baking Goods,Low Fat,,0.129783577,78.2328,OUT027,1985,Medium,Tier 3,Mumbai,1004.0264
FDI14,Canned,Low Fat,,0.089243504,139.2496,OUT027,1985,Medium,Tier 3,Mumbai,1976.0944
FDI28,Frozen Foods,Low Fat,,0.026194237,79.0302,OUT027,1985,Medium,Tier 3,Mumbai,1901.5248
NCS17,Health and Hygiene,Low Fat,,0.080111611,94.6436,OUT027,1985,Medium,Tier 3,Mumbai,4065.3748
FDT40,Frozen Foods,Low Fat,,0.095331433,125.5678,OUT027,1985,Medium,Tier 3,Mumbai,2543.356
FDV36,Baking Goods,Low Fat,,0.026174636,127.102,OUT027,1985,Medium,Tier 3,Mumbai,3415.554
FDO58,Snack Foods,Low Fat,,0.039385518,164.8526,OUT027,1985,Medium,Tier 3,Mumbai,2631.2416
FDO60,Baking Goods,Low Fat,,0.034203092,43.3086,OUT027,1985,Medium,Tier 3,Mumbai,624.5204
FDX20,Fruits and Vegetables,Low Fat,,0.042354152,227.272,OUT027,1985,Medium,Tier 3,Mumbai,7017.532
FDX15,Meat,Low Fat,,0.155541973,159.7578,OUT027,1985,Medium,Tier 3,Mumbai,641.8312
FDI26,Canned,Low Fat,,0.034717799,179.4344,OUT027,1985,Medium,Tier 3,Mumbai,6066.7696
NCO53,Health and Hygiene,Low Fat,,0.174336148,184.0608,OUT027,1985,Medium,Tier 3,Mumbai,6431.628
FDZ60,Baking Goods,Low Fat,,0.118783796,108.5596,OUT027,1985,Medium,Tier 3,Mumbai,1725.7536
FDL22,Snack Foods,Low Fat,,0.036213953,92.5488,OUT027,1985,Medium,Tier 3,Mumbai,2625.9152
DRI51,Dairy,Low Fat,,0.042037073,172.6764,OUT027,1985,Medium,Tier 3,Mumbai,6183.9504
FDA13,Canned,Low Fat,,0.078174543,39.9506,OUT027,1985,Medium,Tier 3,Mumbai,721.0614
NCF19,Household,Low Fat,,0.034938717,49.0034,OUT027,1985,Medium,Tier 3,Mumbai,826.2578
FDI32,Fruits and Vegetables,Low Fat,,0.173529036,113.2834,OUT027,1985,Medium,Tier 3,Mumbai,4376.9692
DRJ01,Soft Drinks,Low Fat,,0.114475357,160.9236,OUT027,1985,Medium,Tier 3,Mumbai,2255.7304
FDQ37,Breakfast,Low Fat,,0.088828418,192.2478,OUT027,1985,Medium,Tier 3,Mumbai,7943.6598
FDY50,Dairy,Low Fat,,0.130321652,88.7172,OUT027,1985,Medium,Tier 3,Mumbai,3301.0364
NCQ17,Health and Hygiene,Low Fat,,0.116366304,158.363,OUT027,1985,Medium,Tier 3,Mumbai,4068.038
FDC17,Frozen Foods,Low Fat,,0.015385857,208.9928,OUT027,1985,Medium,Tier 3,Mumbai,9678.0688
FDA23,Baking Goods,Low Fat,,0.046958533,101.3016,OUT027,1985,Medium,Tier 3,Mumbai,2327.6368
NCL30,Household,Low Fat,,0.048703432,125.9336,OUT027,1985,Medium,Tier 3,Mumbai,7158.6816
FDD11,Starchy Foods,Low Fat,,0.03046847,254.704,OUT027,1985,Medium,Tier 3,Mumbai,3036.048
FDV45,Snack Foods,Low Fat,,0.044829295,187.4556,OUT027,1985,Medium,Tier 3,Mumbai,7510.224
NCL29,Health and Hygiene,Low Fat,,0.113387677,156.9604,OUT027,1985,Medium,Tier 3,Mumbai,1584.604
FDM39,Dairy,Low Fat,,0.053211728,177.6002,OUT027,1985,Medium,Tier 3,Mumbai,8417.7094
FDH08,Fruits and Vegetables,Low Fat,,0.017344679,230.801,OUT027,1985,Medium,Tier 3,Mumbai,5283.123
FDM46,Snack Foods,Low Fat,,0.159193194,92.712,OUT027,1985,Medium,Tier 3,Mumbai,3635.268
NCD30,Household,Low Fat,,0.0,98.1726,OUT027,1985,Medium,Tier 3,Mumbai,978.726
NCI43,Household,Low Fat,,0.025842951,48.6376,OUT027,1985,Medium,Tier 3,Mumbai,1677.816
FDL40,Frozen Foods,Low Fat,,0.011556919,94.741,OUT027,1985,Medium,Tier 3,Mumbai,1641.197
FDP15,Meat,Low Fat,,0.083536071,255.433,OUT027,1985,Medium,Tier 3,Mumbai,9227.988
NCP53,Health and Hygiene,Low Fat,,0.032731074,235.6906,OUT027,1985,Medium,Tier 3,Mumbai,5704.5744
NCE31,Household,Low Fat,,0.183948465,33.6216,OUT027,1985,Medium,Tier 3,Mumbai,934.7832
NCE19,Household,Low Fat,,0.092564193,53.4956,OUT027,1985,Medium,Tier 3,Mumbai,2129.2284
FDH16,Frozen Foods,Low Fat,,0.052300844,88.283,OUT027,1985,Medium,Tier 3,Mumbai,2157.192
FDC58,Snack Foods,Low Fat,,0.0,45.7428,OUT027,1985,Medium,Tier 3,Mumbai,615.1992
NCT18,Household,Low Fat,,0.05911748,181.5976,OUT027,1985,Medium,Tier 3,Mumbai,4165.2448
NCG06,Household,Low Fat,,0.02930277,256.1646,OUT027,1985,Medium,Tier 3,Mumbai,5926.2858
NCN42,Household,Low Fat,,0.014153743,145.6418,OUT027,1985,Medium,Tier 3,Mumbai,3825.6868
FDT03,Meat,Low Fat,,0.009950343,185.5608,OUT027,1985,Medium,Tier 3,Mumbai,3307.6944
FDB53,Frozen Foods,Low Fat,,0.138777108,147.5392,OUT027,1985,Medium,Tier 3,Mumbai,5219.872
NCY29,Health and Hygiene,Low Fat,,0.076860103,55.993,OUT027,1985,Medium,Tier 3,Mumbai,1471.418
FDF50,Canned,Low Fat,,0.116762173,198.9768,OUT027,1985,Medium,Tier 3,Mumbai,4729.8432
FDR04,Frozen Foods,Low Fat,,0.022457694,98.6068,OUT027,1985,Medium,Tier 3,Mumbai,2430.17
FDL43,Meat,Low Fat,,0.026933321,78.467,OUT027,1985,Medium,Tier 3,Mumbai,3292.381
NCP17,Health and Hygiene,Low Fat,,0.027580163,62.2168,OUT027,1985,Medium,Tier 3,Mumbai,1661.8368
FDD39,Dairy,Low Fat,,0.06981517,214.385,OUT027,1985,Medium,Tier 3,Mumbai,4327.7
DRE25,Soft Drinks,Low Fat,,0.072928316,94.412,OUT027,1985,Medium,Tier 3,Mumbai,1304.968
NCL31,Others,Low Fat,,0.119698523,143.047,OUT027,1985,Medium,Tier 3,Mumbai,3578.675
FDL08,Fruits and Vegetables,Low Fat,,0.049478259,245.4144,OUT027,1985,Medium,Tier 3,Mumbai,3675.216
FDB32,Fruits and Vegetables,Low Fat,,0.023339367,94.8778,OUT027,1985,Medium,Tier 3,Mumbai,4036.7454
FDX45,Snack Foods,Low Fat,,0.104348025,156.263,OUT027,1985,Medium,Tier 3,Mumbai,4850.353
FDD28,Frozen Foods,Low Fat,,0.053038775,59.5904,OUT027,1985,Medium,Tier 3,Mumbai,1640.5312
FDH41,Frozen Foods,Low Fat,,0.081614376,214.7534,OUT027,1985,Medium,Tier 3,Mumbai,5806.4418
FDL10,Snack Foods,Low Fat,,0.039300964,99.5042,OUT027,1985,Medium,Tier 3,Mumbai,1884.8798
NCQ06,Household,Low Fat,,0.041621987,253.6014,OUT027,1985,Medium,Tier 3,Mumbai,6630.0364
FDN15,Meat,Low Fat,,0.016653022,139.518,OUT027,1985,Medium,Tier 3,Mumbai,2936.178
FDN45,Snack Foods,Low Fat,,0.117530851,222.7088,OUT027,1985,Medium,Tier 3,Mumbai,4026.7584
FDX44,Fruits and Vegetables,Low Fat,,0.042758477,88.4172,OUT027,1985,Medium,Tier 3,Mumbai,2051.9956
NCQ54,Household,Low Fat,,0.012481638,168.3474,OUT027,1985,Medium,Tier 3,Mumbai,5221.8694
FDD08,Fruits and Vegetables,Low Fat,,0.035183156,37.8506,OUT027,1985,Medium,Tier 3,Mumbai,417.4566
FDT48,Baking Goods,Low Fat,,0.0,196.5084,OUT027,1985,Medium,Tier 3,Mumbai,793.6336
FDO28,Frozen Foods,Low Fat,,0.071948252,121.6098,OUT027,1985,Medium,Tier 3,Mumbai,482.0392
FDG59,Starchy Foods,Low Fat,,0.043025208,37.6164,OUT027,1985,Medium,Tier 3,Mumbai,810.9444
NCS41,Health and Hygiene,Low Fat,,0.053185208,182.9608,OUT027,1985,Medium,Tier 3,Mumbai,1653.8472
DRK37,Soft Drinks,Low Fat,,0.04379158,189.053,OUT027,1985,Medium,Tier 3,Mumbai,6261.849
DRG13,Soft Drinks,Low Fat,,0.037006076,164.7526,OUT027,1985,Medium,Tier 3,Mumbai,4111.315
NCN14,Others,Low Fat,,0.09147267,184.6608,OUT027,1985,Medium,Tier 3,Mumbai,2756.412
NCN18,Household,Low Fat,,0.124110734,111.7544,OUT027,1985,Medium,Tier 3,Mumbai,4138.6128
FDW12,Baking Goods,Regular,,0.035399923,144.5444,OUT027,1985,Medium,Tier 3,Mumbai,4064.0432
FDX10,Snack Foods,Regular,,0.123111453,36.9874,OUT027,1985,Medium,Tier 3,Mumbai,388.1614
FDR12,Baking Goods,Regular,,0.031382044,171.3764,OUT027,1985,Medium,Tier 3,Mumbai,3091.9752
FDQ49,Breakfast,Regular,,0.039057677,155.963,OUT027,1985,Medium,Tier 3,Mumbai,3285.723
FDD10,Snack Foods,Regular,,0.045797829,178.5344,OUT027,1985,Medium,Tier 3,Mumbai,2854.9504
FDQ28,Frozen Foods,Regular,,0.060134441,153.0656,OUT027,1985,Medium,Tier 3,Mumbai,6024.1584
FDT12,Baking Goods,Regular,,0.049381406,226.8062,OUT027,1985,Medium,Tier 3,Mumbai,4739.8302
FDE40,Dairy,Regular,,0.098663652,62.9194,OUT027,1985,Medium,Tier 3,Mumbai,2105.2596
FDG33,Seafood,Regular,,0.13956116,170.4764,OUT027,1985,Medium,Tier 3,Mumbai,3435.528
FDM25,Breakfast,Regular,,0.060371962,174.0712,OUT027,1985,Medium,Tier 3,Mumbai,3866.9664
FDV60,Baking Goods,Regular,,0.11679292,196.211,OUT027,1985,Medium,Tier 3,Mumbai,5499.508
FDV13,Canned,Regular,,0.02747716,87.9856,OUT027,1985,Medium,Tier 3,Mumbai,3251.7672
FDM50,Canned,Regular,,0.029943463,60.222,OUT027,1985,Medium,Tier 3,Mumbai,1677.816
FDN58,Snack Foods,Regular,,0.056596985,230.9984,OUT027,1985,Medium,Tier 3,Mumbai,9267.936
FDO01,Breakfast,Regular,,0.020618324,129.3994,OUT027,1985,Medium,Tier 3,Mumbai,2055.9904
FDY49,Canned,Regular,,0.011953902,164.5184,OUT027,1985,Medium,Tier 3,Mumbai,2807.0128
FDN39,Meat,Regular,,0.065203103,166.0816,OUT027,1985,Medium,Tier 3,Mumbai,5033.448
FDP22,Snack Foods,Regular,,0.0,52.6666,OUT027,1985,Medium,Tier 3,Mumbai,717.7324
FDU45,Snack Foods,Regular,,0.035334201,115.3518,OUT027,1985,Medium,Tier 3,Mumbai,2277.036
DRB48,Soft Drinks,Regular,,0.024733134,40.2822,OUT027,1985,Medium,Tier 3,Mumbai,1296.3126
FDO11,Breads,Regular,,0.030118338,248.8092,OUT027,1985,Medium,Tier 3,Mumbai,3486.1288
FDZ47,Baking Goods,Regular,,0.078912473,99.9042,OUT027,1985,Medium,Tier 3,Mumbai,3273.7386
FDV37,Canned,Regular,,0.083109455,195.8426,OUT027,1985,Medium,Tier 3,Mumbai,5734.5354
FDO51,Meat,Regular,,0.041779181,43.4112,OUT027,1985,Medium,Tier 3,Mumbai,1107.8912
FDX33,Snack Foods,Regular,,0.116915909,159.4578,OUT027,1985,Medium,Tier 3,Mumbai,4974.1918
FDA03,Dairy,Regular,,0.045243613,146.8102,OUT027,1985,Medium,Tier 3,Mumbai,3499.4448
FDO52,Frozen Foods,Regular,,0.076790922,172.1106,OUT027,1985,Medium,Tier 3,Mumbai,2566.659
FDP13,Canned,Regular,,0.133673087,41.548,OUT027,1985,Medium,Tier 3,Mumbai,918.804
FDC10,Snack Foods,Regular,,0.07252476,120.3098,OUT027,1985,Medium,Tier 3,Mumbai,1687.1372
FDS33,Snack Foods,Regular,,0.122830885,86.9514,OUT027,1985,Medium,Tier 3,Mumbai,3364.9532
FDZ01,Canned,Regular,,0.009014978,102.699,OUT027,1985,Medium,Tier 3,Mumbai,3095.97
FDL24,Baking Goods,Regular,,0.024776026,172.3422,OUT027,1985,Medium,Tier 3,Mumbai,7759.899
FDQ15,Meat,Regular,,0.150341867,83.1276,OUT027,1985,Medium,Tier 3,Mumbai,1868.2348
FDH40,Frozen Foods,Regular,,0.078547351,79.3276,OUT027,1985,Medium,Tier 3,Mumbai,1380.8692
FDV01,Canned,Regular,,0.0,154.6314,OUT027,1985,Medium,Tier 3,Mumbai,6515.5188
FDJ40,Frozen Foods,Regular,,0.049349121,108.6912,OUT027,1985,Medium,Tier 3,Mumbai,3057.3536
FDN52,Frozen Foods,Regular,,0.13093275,86.9198,OUT027,1985,Medium,Tier 3,Mumbai,1569.9564
FDV57,Snack Foods,Regular,,0.065577449,181.766,OUT027,1985,Medium,Tier 3,Mumbai,7370.406
FDI41,Frozen Foods,Regular,,0.061955439,145.1418,OUT027,1985,Medium,Tier 3,Mumbai,4561.3958
FDP48,Baking Goods,Regular,,0.043810028,181.395,OUT027,1985,Medium,Tier 3,Mumbai,6042.135
FDM36,Baking Goods,Regular,,0.058446424,172.1422,OUT027,1985,Medium,Tier 3,Mumbai,5518.1504
FDZ25,Canned,Regular,,0.02748331,169.379,OUT027,1985,Medium,Tier 3,Mumbai,5602.707
FDE50,Canned,Regular,,0.01612717,189.3556,OUT027,1985,Medium,Tier 3,Mumbai,2253.0672
DRC36,Soft Drinks,Regular,,0.044767032,173.7054,OUT027,1985,Medium,Tier 3,Mumbai,5778.4782
FDK10,Snack Foods,Regular,,0.04016342,181.166,OUT027,1985,Medium,Tier 3,Mumbai,3415.554
FDH26,Canned,Regular,,0.034531702,142.2496,OUT027,1985,Medium,Tier 3,Mumbai,2399.5432
FDN04,Frozen Foods,Regular,,0.01401884,178.1344,OUT027,1985,Medium,Tier 3,Mumbai,3747.1224
FDG46,Snack Foods,Regular,,0.032750291,112.1518,OUT027,1985,Medium,Tier 3,Mumbai,5351.0346
FDA51,Dairy,Regular,,0.163882129,113.2518,OUT027,1985,Medium,Tier 3,Mumbai,3415.554
FDA04,Frozen Foods,Regular,,0.066406853,259.7962,OUT027,1985,Medium,Tier 3,Mumbai,5697.9164
FDR51,Meat,Regular,,0.172629683,148.4708,OUT027,1985,Medium,Tier 3,Mumbai,3761.77
FDY33,Snack Foods,Regular,,0.096730427,159.0262,OUT027,1985,Medium,Tier 3,Mumbai,5887.6694
FDZ50,Dairy,Regular,,0.0,184.2608,OUT027,1985,Medium,Tier 3,Mumbai,6064.1064
FDD52,Dairy,Regular,,0.182407266,109.157,OUT027,1985,Medium,Tier 3,Mumbai,1867.569
FDL12,Baking Goods,Regular,,0.121043709,59.422,OUT027,1985,Medium,Tier 3,Mumbai,1078.596
FDL38,Canned,Regular,,0.014661762,89.1172,OUT027,1985,Medium,Tier 3,Mumbai,2319.6472
FDJ10,Snack Foods,Regular,,0.128876537,139.1838,OUT027,1985,Medium,Tier 3,Mumbai,4916.933
FDL39,Dairy,Regular,,0.06302467,181.6318,OUT027,1985,Medium,Tier 3,Mumbai,1263.0226
FDW27,Meat,Regular,,0.150122794,154.5314,OUT027,1985,Medium,Tier 3,Mumbai,1396.1826
FDW39,Meat,Regular,,0.036731658,177.237,OUT027,1985,Medium,Tier 3,Mumbai,4763.799
FDW26,Dairy,Regular,,0.106538757,222.3772,OUT027,1985,Medium,Tier 3,Mumbai,1556.6404
FDW21,Snack Foods,Regular,,0.005935001,98.8358,OUT027,1985,Medium,Tier 3,Mumbai,2010.716
FDT09,Snack Foods,Regular,,0.012203915,133.2284,OUT027,1985,Medium,Tier 3,Mumbai,4350.3372
FDL52,Frozen Foods,Regular,,0.04586701,37.9506,OUT027,1985,Medium,Tier 3,Mumbai,910.8144
FDQ25,Canned,Regular,,0.028139761,173.7422,OUT027,1985,Medium,Tier 3,Mumbai,3621.2862
FDY47,Breads,Regular,,0.054220618,129.131,OUT027,1985,Medium,Tier 3,Mumbai,4933.578
FDE10,Snack Foods,Regular,,0.089512542,133.1626,OUT027,1985,Medium,Tier 3,Mumbai,3672.5528
FDA02,Dairy,Regular,,0.029578726,143.5786,OUT027,1985,Medium,Tier 3,Mumbai,3756.4436
FDU01,Canned,Regular,,0.011937183,184.7924,OUT027,1985,Medium,Tier 3,Mumbai,4442.2176
FDY35,Breads,Regular,,0.015950066,47.7402,OUT027,1985,Medium,Tier 3,Mumbai,1975.4286
FDS28,Frozen Foods,Regular,,0.082002559,59.2588,OUT027,1985,Medium,Tier 3,Mumbai,1374.2112
FDA47,Baking Goods,Regular,,0.116108797,164.121,OUT027,1985,Medium,Tier 3,Mumbai,6035.477
FDU21,Snack Foods,Regular,,0.076348933,32.8558,OUT027,1985,Medium,Tier 3,Mumbai,713.0718
FDX03,Meat,Regular,,0.060800116,44.4744,OUT027,1985,Medium,Tier 3,Mumbai,769.6648
DRY23,Soft Drinks,Regular,,0.108568067,42.9112,OUT027,1985,Medium,Tier 3,Mumbai,809.6128
FDJ55,Meat,Regular,,0.023417004,223.8404,OUT027,1985,Medium,Tier 3,Mumbai,7201.2928
FDW09,Snack Foods,Regular,,0.025795293,80.2302,OUT027,1985,Medium,Tier 3,Mumbai,2139.2154
FDH50,Canned,Regular,,0.160653682,185.2266,OUT027,1985,Medium,Tier 3,Mumbai,5901.6512
FDY60,Baking Goods,Regular,,0.02624324,143.8128,OUT027,1985,Medium,Tier 3,Mumbai,4458.1968
FDH05,Frozen Foods,Regular,,0.090473389,229.7984,OUT027,1985,Medium,Tier 3,Mumbai,6024.1584
FDM15,Meat,Regular,,0.057143515,151.8366,OUT027,1985,Medium,Tier 3,Mumbai,6196.6006
FDS16,Frozen Foods,Regular,,0.0,145.276,OUT027,1985,Medium,Tier 3,Mumbai,5273.136
FDS02,Dairy,Regular,,0.0,196.4794,OUT027,1985,Medium,Tier 3,Mumbai,5852.382
FDA28,Frozen Foods,Regular,,0.047570401,125.7362,OUT027,1985,Medium,Tier 3,Mumbai,3020.0688
FDS09,Snack Foods,Regular,,0.080695806,51.3008,OUT027,1985,Medium,Tier 3,Mumbai,759.012
DRC01,Soft Drinks,Regular,,0.019107027,48.4692,OUT027,1985,Medium,Tier 3,Mumbai,1034.6532
FDT16,Frozen Foods,Regular,,0.048426708,258.7278,OUT027,1985,Medium,Tier 3,Mumbai,5466.8838
FDU57,Snack Foods,Regular,,0.089120516,149.8708,OUT027,1985,Medium,Tier 3,Mumbai,3611.2992
FDF24,Baking Goods,Regular,,0.02524761,81.9934,OUT027,1985,Medium,Tier 3,Mumbai,3439.5228
FDW38,Dairy,Regular,,0.138008431,54.8298,OUT027,1985,Medium,Tier 3,Mumbai,1348.245
FDY02,Dairy,Regular,,0.087221497,263.991,OUT027,1985,Medium,Tier 3,Mumbai,9467.676
FDD41,Frozen Foods,Regular,,0.086837543,106.2306,OUT027,1985,Medium,Tier 3,Mumbai,2090.612
FDW15,Meat,Regular,,0.054846706,147.3734,OUT027,1985,Medium,Tier 3,Mumbai,3266.4148
FDD59,Starchy Foods,Regular,,0.065860323,81.896,OUT027,1985,Medium,Tier 3,Mumbai,1677.816
FDF34,Snack Foods,Regular,,0.013951504,199.9084,OUT027,1985,Medium,Tier 3,Mumbai,5753.8436
FDK03,Dairy,Regular,,0.073562475,254.9356,OUT027,1985,Medium,Tier 3,Mumbai,8138.7392
FDP45,Snack Foods,Regular,,0.030476541,252.2724,OUT027,1985,Medium,Tier 3,Mumbai,5033.448
FDU27,Meat,Regular,,0.170646494,46.3376,OUT027,1985,Medium,Tier 3,Mumbai,2109.2544
FDJ21,Snack Foods,Regular,,0.038341654,146.2102,OUT027,1985,Medium,Tier 3,Mumbai,4228.4958
FDU26,Dairy,Regular,,0.042412572,119.0782,OUT027,1985,Medium,Tier 3,Mumbai,1549.3166
FDO45,Snack Foods,Regular,,0.037768989,88.5856,OUT027,1985,Medium,Tier 3,Mumbai,1845.5976
FDK25,Breakfast,Regular,,0.156072361,169.3474,OUT027,1985,Medium,Tier 3,Mumbai,3874.2902
FDD40,Dairy,Regular,,0.014721719,193.6162,OUT027,1985,Medium,Tier 3,Mumbai,5195.2374
FDU33,Snack Foods,Regular,,0.134057426,45.3402,OUT027,1985,Medium,Tier 3,Mumbai,918.804
FDP52,Frozen Foods,Regular,,0.070349402,228.601,OUT027,1985,Medium,Tier 3,Mumbai,7350.432
FDN34,Snack Foods,Regular,,0.045542628,170.7132,OUT027,1985,Medium,Tier 3,Mumbai,4904.2828
FDG17,Frozen Foods,Regular,,0.035666655,246.2486,OUT027,1985,Medium,Tier 3,Mumbai,8063.5038
FDB58,Snack Foods,Regular,,0.013431109,143.7154,OUT027,1985,Medium,Tier 3,Mumbai,4821.7236
FDZ14,Dairy,Regular,,0.047358246,123.1756,OUT027,1985,Medium,Tier 3,Mumbai,3998.7948
FDT11,Breads,Regular,,0.02923013,189.4556,OUT027,1985,Medium,Tier 3,Mumbai,3567.3564
FDU51,Meat,Regular,,0.096046304,178.7028,OUT027,1985,Medium,Tier 3,Mumbai,4604.6728
FDQ48,Baking Goods,Regular,,0.034244601,97.2726,OUT027,1985,Medium,Tier 3,Mumbai,1957.452
FDB23,Starchy Foods,Regular,,0.005561538,224.0062,OUT027,1985,Medium,Tier 3,Mumbai,3837.0054
FDH52,Frozen Foods,Regular,,0.043690499,60.2194,OUT027,1985,Medium,Tier 3,Mumbai,1733.7432
FDZ26,Dairy,Regular,,0.143319995,237.5222,OUT027,1985,Medium,Tier 3,Mumbai,7170.666
FDD26,Canned,Regular,,0.071806046,186.5924,OUT027,1985,Medium,Tier 3,Mumbai,5182.5872
FDG05,Frozen Foods,Regular,,0.087421738,154.463,OUT027,1985,Medium,Tier 3,Mumbai,2972.797
FDG14,Canned,Regular,,0.050256161,150.9024,OUT027,1985,Medium,Tier 3,Mumbai,4857.6768
FDA26,Dairy,Regular,,0.073562475,217.6482,OUT027,1985,Medium,Tier 3,Mumbai,3285.723
FDU24,Baking Goods,Regular,,0.139484292,94.312,OUT027,1985,Medium,Tier 3,Mumbai,2516.724
FDC59,Starchy Foods,Regular,,0.05436436,63.8168,OUT027,1985,Medium,Tier 3,Mumbai,958.752
FDZ21,Snack Foods,Regular,,0.039031927,95.641,OUT027,1985,Medium,Tier 3,Mumbai,1737.738
FDL48,Baking Goods,Regular,,0.08186804,46.8034,OUT027,1985,Medium,Tier 3,Mumbai,1069.2748
FDE52,Dairy,Regular,,0.02974207,88.9514,OUT027,1985,Medium,Tier 3,Mumbai,3453.5046
DRZ11,Soft Drinks,Regular,,0.112119359,123.0388,OUT027,1985,Medium,Tier 3,Mumbai,1981.4208
FDB14,Canned,Regular,,0.102226474,91.312,OUT027,1985,Medium,Tier 3,Mumbai,3075.996
FDO27,Meat,Regular,,0.178210285,95.7752,OUT027,1985,Medium,Tier 3,Mumbai,3930.8832
FDQ51,Meat,Regular,,0.017466284,45.4718,OUT027,1985,Medium,Tier 3,Mumbai,1323.6104
FDE11,Starchy Foods,Regular,,0.134441765,183.9924,OUT027,1985,Medium,Tier 3,Mumbai,6478.234
FDO39,Meat,Regular,,0.136701678,182.1608,OUT027,1985,Medium,Tier 3,Mumbai,5880.3456
FDU50,Dairy,Regular,,0.074806196,112.9176,OUT027,1985,Medium,Tier 3,Mumbai,3435.528
DRA24,Soft Drinks,Regular,,0.039734882,165.7868,OUT027,1985,Medium,Tier 3,Mumbai,4913.604
FDZ37,Canned,Regular,,0.019672774,86.4198,OUT027,1985,Medium,Tier 3,Mumbai,1918.8356
FDO49,Breakfast,Regular,,0.032892112,49.3008,OUT027,1985,Medium,Tier 3,Mumbai,1518.024
FDS25,Canned,Regular,,0.139330557,109.5228,OUT027,1985,Medium,Tier 3,Mumbai,3426.2068
FDZ16,Frozen Foods,Regular,,0.159081735,193.5478,OUT027,1985,Medium,Tier 3,Mumbai,4649.9472
FDN23,Breads,Regular,,0.075142108,145.8444,OUT027,1985,Medium,Tier 3,Mumbai,3773.7544
FDQ11,Breads,Regular,,0.067373081,258.8988,OUT027,1985,Medium,Tier 3,Mumbai,3083.9856
FDN33,Snack Foods,Regular,,0.122519571,93.0436,OUT027,1985,Medium,Tier 3,Mumbai,2363.59
FDT47,Breads,Regular,,0.02439015,95.9068,OUT027,1985,Medium,Tier 3,Mumbai,3207.8244
DRL01,Soft Drinks,Regular,,0.076798609,231.8958,OUT027,1985,Medium,Tier 3,Mumbai,8413.0488
FDF26,Canned,Regular,,0.046408928,153.2998,OUT027,1985,Medium,Tier 3,Mumbai,3998.7948
FDB36,Baking Goods,Regular,,0.048292189,133.1626,OUT027,1985,Medium,Tier 3,Mumbai,2492.0894
FDB02,Canned,Regular,,0.029023048,177.837,OUT027,1985,Medium,Tier 3,Mumbai,6704.606
FDS34,Snack Foods,Regular,,0.076387367,112.1518,OUT027,1985,Medium,Tier 3,Mumbai,3870.9612
FDF29,Frozen Foods,Regular,,0.019837655,128.131,OUT027,1985,Medium,Tier 3,Mumbai,1687.803
FDX47,Breads,Regular,,0.03443677,156.5288,OUT027,1985,Medium,Tier 3,Mumbai,4870.9928
FDH02,Canned,Regular,,0.0,91.8488,OUT027,1985,Medium,Tier 3,Mumbai,2716.464
FDY04,Frozen Foods,Regular,,0.042270751,162.521,OUT027,1985,Medium,Tier 3,Mumbai,4567.388
FDW02,Dairy,Regular,,0.037516862,124.3704,OUT027,1985,Medium,Tier 3,Mumbai,3004.0896
FDC29,Frozen Foods,Regular,,0.024088444,112.7176,OUT027,1985,Medium,Tier 3,Mumbai,1832.2816
FDK58,Snack Foods,Regular,,0.044764726,102.4016,OUT027,1985,Medium,Tier 3,Mumbai,2428.8384
FDG22,Snack Foods,Regular,,0.041180766,37.919,OUT027,1985,Medium,Tier 3,Mumbai,768.999
FDB40,Dairy,Regular,,0.007503372,146.7102,OUT027,1985,Medium,Tier 3,Mumbai,4374.306
FDU12,Baking Goods,Regular,,0.075384242,262.7568,OUT027,1985,Medium,Tier 3,Mumbai,7646.0472
FDV26,Dairy,Regular,,0.075791641,193.3794,OUT027,1985,Medium,Tier 3,Mumbai,8388.4142
FDG21,Seafood,Regular,,0.145591438,148.705,OUT027,1985,Medium,Tier 3,Mumbai,1797.66
FDE05,Frozen Foods,Regular,,0.032296886,144.0102,OUT027,1985,Medium,Tier 3,Mumbai,5394.9774
FDW52,Frozen Foods,Regular,,0.037340835,163.1526,OUT027,1985,Medium,Tier 3,Mumbai,3946.8624
FDU58,Snack Foods,Regular,,0.028871235,188.7898,OUT027,1985,Medium,Tier 3,Mumbai,2057.9878
FDQ26,Dairy,Regular,,0.067543727,57.2562,OUT027,1985,Medium,Tier 3,Mumbai,2073.967
FDW22,Snack Foods,Regular,,0.030143704,222.0114,OUT027,1985,Medium,Tier 3,Mumbai,6207.9192
FDJ33,Snack Foods,Regular,,0.087894475,121.173,OUT027,1985,Medium,Tier 3,Mumbai,2586.633
FDQ59,Breads,Regular,,0.0,84.5908,OUT027,1985,Medium,Tier 3,Mumbai,3020.0688
FDX57,Snack Foods,Regular,,0.047037323,96.4068,OUT027,1985,Medium,Tier 3,Mumbai,2624.5836
FDN03,Meat,Regular,,0.015016891,248.6408,OUT027,1985,Medium,Tier 3,Mumbai,6759.2016
FDQ45,Snack Foods,Regular,,0.010864186,185.3608,OUT027,1985,Medium,Tier 3,Mumbai,5329.0632
FDI10,Snack Foods,Regular,,0.07802465,171.4422,OUT027,1985,Medium,Tier 3,Mumbai,3448.844
FDZ35,Breads,Regular,,0.022170592,105.199,OUT027,1985,Medium,Tier 3,Mumbai,3199.169
FDZ02,Dairy,Regular,,0.037962696,97.5726,OUT027,1985,Medium,Tier 3,Mumbai,978.726
FDB38,Canned,Regular,,0.027214272,159.692,OUT027,1985,Medium,Tier 3,Mumbai,3515.424
FDF28,Frozen Foods,Regular,,0.037681359,125.1046,OUT027,1985,Medium,Tier 3,Mumbai,3859.6426
FDB37,Baking Goods,Regular,,0.022829734,241.0538,OUT027,1985,Medium,Tier 3,Mumbai,4566.7222
FDB04,Dairy,Regular,,0.06292013,88.9856,OUT027,1985,Medium,Tier 3,Mumbai,3515.424
FDT14,Dairy,Regular,,0.127108578,120.744,OUT027,1985,Medium,Tier 3,Mumbai,2756.412
FDE35,Starchy Foods,Regular,,0.0,59.8904,OUT027,1985,Medium,Tier 3,Mumbai,1757.712
DRA59,Soft Drinks,Regular,,0.127308434,186.6924,OUT027,1985,Medium,Tier 3,Mumbai,7033.5112
FDU46,Snack Foods,Regular,,0.011072421,85.354,OUT027,1985,Medium,Tier 3,Mumbai,2077.296
FDM01,Breakfast,Regular,,0.094109236,102.9332,OUT027,1985,Medium,Tier 3,Mumbai,3691.1952
FDM24,Baking Goods,Regular,,0.078943221,152.7366,OUT027,1985,Medium,Tier 3,Mumbai,1813.6392
FDM27,Meat,Regular,,0.157701958,158.7946,OUT027,1985,Medium,Tier 3,Mumbai,5522.811
FDF40,Dairy,Regular,,0.022403117,250.9092,OUT027,1985,Medium,Tier 3,Mumbai,8217.3036
FDR24,Baking Goods,Regular,,0.062547321,88.383,OUT027,1985,Medium,Tier 3,Mumbai,2067.309
FDW51,Meat,Regular,,0.094201477,213.356,OUT027,1985,Medium,Tier 3,Mumbai,6817.792
FDG34,Snack Foods,Regular,,0.037388493,107.8254,OUT027,1985,Medium,Tier 3,Mumbai,1410.8302
FDC14,Canned,Regular,,0.041049322,41.2454,OUT027,1985,Medium,Tier 3,Mumbai,1342.2528
FDO15,Meat,Regular,,0.008525061,72.5038,OUT027,1985,Medium,Tier 3,Mumbai,2512.7292
FDZ39,Meat,Regular,,0.017937483,103.499,OUT027,1985,Medium,Tier 3,Mumbai,1547.985
FDR40,Frozen Foods,Regular,,0.00799548,78.5618,OUT027,1985,Medium,Tier 3,Mumbai,2255.7304
FDR52,Frozen Foods,Regular,,0.075676339,190.4846,OUT027,1985,Medium,Tier 3,Mumbai,8789.8916
FDI50,Canned,Regular,,0.030693309,228.0352,OUT027,1985,Medium,Tier 3,Mumbai,10306.584
FDN50,Canned,Regular,,0.026391403,92.812,OUT027,1985,Medium,Tier 3,Mumbai,2609.936
FDA52,Frozen Foods,Regular,,0.127800388,177.037,OUT027,1985,Medium,Tier 3,Mumbai,4587.362
FDR25,Canned,Regular,,0.138846289,263.7884,OUT027,1985,Medium,Tier 3,Mumbai,1324.942
FDX39,Meat,Regular,,0.049435598,209.7586,OUT027,1985,Medium,Tier 3,Mumbai,5487.5236
FDL09,Snack Foods,Regular,,0.127416049,167.4816,OUT027,1985,Medium,Tier 3,Mumbai,1006.6896
FDI21,Snack Foods,Regular,,0.056328717,63.9168,OUT027,1985,Medium,Tier 3,Mumbai,1597.92
FDR15,Meat,Regular,,0.033276066,153.8314,OUT027,1985,Medium,Tier 3,Mumbai,3723.1536
FDQ40,Frozen Foods,Regular,,0.035853059,176.8712,OUT027,1985,Medium,Tier 3,Mumbai,3691.1952
FDZ49,Canned,Regular,,0.132500853,220.3798,OUT027,1985,Medium,Tier 3,Mumbai,5289.1152
FDJ58,Snack Foods,Regular,,0.104786172,172.2764,OUT027,1985,Medium,Tier 3,Mumbai,1545.9876
FDM22,Snack Foods,Regular,,0.041754584,53.464,OUT027,1985,Medium,Tier 3,Mumbai,1597.92
FDI07,Meat,Regular,,0.033597374,197.2426,OUT027,1985,Medium,Tier 3,Mumbai,3163.8816
FDY16,Frozen Foods,Regular,,0.091780142,182.5266,OUT027,1985,Medium,Tier 3,Mumbai,6454.931
FDR27,Meat,Regular,,0.095635061,130.7942,OUT027,1985,Medium,Tier 3,Mumbai,3047.3666
FDO46,Snack Foods,Regular,,0.014143673,187.3872,OUT027,1985,Medium,Tier 3,Mumbai,2836.308
FDX04,Frozen Foods,Regular,,0.041370245,46.2376,OUT027,1985,Medium,Tier 3,Mumbai,814.9392
FDH31,Meat,Regular,,0.020312314,98.1042,OUT027,1985,Medium,Tier 3,Mumbai,2777.7176
FDP59,Breads,Regular,,0.056192276,103.1648,OUT027,1985,Medium,Tier 3,Mumbai,1973.4312
FDW04,Frozen Foods,Regular,,0.0,130.531,OUT027,1985,Medium,Tier 3,Mumbai,5582.733
FDY26,Dairy,Regular,,0.030362777,210.5244,OUT027,1985,Medium,Tier 3,Mumbai,6775.1808
FDZ23,Baking Goods,Regular,,0.067175915,187.124,OUT027,1985,Medium,Tier 3,Mumbai,3728.48
FDV28,Frozen Foods,Regular,,0.158954903,34.9558,OUT027,1985,Medium,Tier 3,Mumbai,1120.5414
FDW16,Frozen Foods,Regular,,0.041273391,91.6804,OUT027,1985,Medium,Tier 3,Mumbai,3858.9768
FDZ59,Baking Goods,Regular,,0.103517853,164.95,OUT027,1985,Medium,Tier 3,Mumbai,4161.25
FDZ51,Meat,Regular,,0.054288646,96.6094,OUT027,1985,Medium,Tier 3,Mumbai,2189.8162
FDP49,Breakfast,Regular,,0.068754395,54.5614,OUT027,1985,Medium,Tier 3,Mumbai,1713.1034
FDY15,Dairy,Regular,,0.170000805,155.963,OUT027,1985,Medium,Tier 3,Mumbai,4537.427
FDE51,Dairy,Regular,,0.096000183,43.7086,OUT027,1985,Medium,Tier 3,Mumbai,1293.6494
FDS59,Breads,Regular,,0.04368089,110.157,OUT027,1985,Medium,Tier 3,Mumbai,2306.997
FDL03,Meat,Regular,,0.026949463,197.711,OUT027,1985,Medium,Tier 3,Mumbai,4910.275
FDR37,Breakfast,Regular,,0.065928735,183.0292,OUT027,1985,Medium,Tier 3,Mumbai,8209.314
FDA35,Baking Goods,Regular,,0.05357685,122.2072,OUT027,1985,Medium,Tier 3,Mumbai,3552.7088
FDB26,Canned,Regular,,0.031116081,55.264,OUT027,1985,Medium,Tier 3,Mumbai,1544.656
FDH60,Baking Goods,Regular,,0.080346058,195.711,OUT027,1985,Medium,Tier 3,Mumbai,5499.508
FDJ26,Canned,Regular,,0.084354713,215.5218,OUT027,1985,Medium,Tier 3,Mumbai,4915.6014
FDY39,Meat,Regular,,0.0,182.0608,OUT027,1985,Medium,Tier 3,Mumbai,7717.9536
FDE36,Baking Goods,Regular,,0.0,165.5868,OUT027,1985,Medium,Tier 3,Mumbai,5404.9644
FDG12,Baking Goods,Regular,,0.006295472,122.4098,OUT027,1985,Medium,Tier 3,Mumbai,3735.8038
FDU28,Frozen Foods,Regular,,0.093463546,189.1214,OUT027,1985,Medium,Tier 3,Mumbai,2261.0568
FDS11,Breads,Regular,,0.055289464,222.5088,OUT027,1985,Medium,Tier 3,Mumbai,7158.6816
FDJ36,Baking Goods,Regular,,0.127638966,104.5332,OUT027,1985,Medium,Tier 3,Mumbai,2563.33
FDG38,Canned,Regular,,0.052473797,83.6224,OUT027,1985,Medium,Tier 3,Mumbai,3494.1184
FDU37,Canned,Regular,,0.10400212,79.796,OUT027,1985,Medium,Tier 3,Mumbai,4074.696
FDC16,Dairy,Regular,,0.0204702,88.254,OUT027,1985,Medium,Tier 3,Mumbai,2510.066
FDT27,Meat,Regular,,0.069250192,232.9616,OUT027,1985,Medium,Tier 3,Mumbai,3515.424
FDJ15,Dairy,Regular,,0.023209537,183.3608,OUT027,1985,Medium,Tier 3,Mumbai,6064.1064
FDO09,Snack Foods,Regular,,0.124668026,261.091,OUT027,1985,Medium,Tier 3,Mumbai,5522.811
FDP21,Snack Foods,Regular,,0.025616191,188.1872,OUT027,1985,Medium,Tier 3,Mumbai,6239.8776
FDR22,Snack Foods,Regular,,0.018472714,109.9544,OUT027,1985,Medium,Tier 3,Mumbai,5257.1568
FDG10,Snack Foods,Regular,,0.010886324,57.2588,OUT027,1985,Medium,Tier 3,Mumbai,801.6232
FDY34,Snack Foods,Regular,,0.010928678,167.0842,OUT027,1985,Medium,Tier 3,Mumbai,6465.5838
FDI27,Dairy,Regular,,0.045763623,43.8744,OUT027,1985,Medium,Tier 3,Mumbai,1222.4088
FDD38,Canned,Regular,,0.0,100.3674,OUT027,1985,Medium,Tier 3,Mumbai,1833.6132
FDV04,Frozen Foods,Regular,,0.149288779,158.4288,OUT027,1985,Medium,Tier 3,Mumbai,2985.4472
FDH28,Frozen Foods,Regular,,0.0,37.0506,OUT027,1985,Medium,Tier 3,Mumbai,986.7156
FDU09,Snack Foods,Regular,,0.06627464,54.1956,OUT027,1985,Medium,Tier 3,Mumbai,3002.758
FDR01,Canned,Regular,,0.05336162,200.1742,OUT027,1985,Medium,Tier 3,Mumbai,6171.3002
FDY03,Meat,Regular,,0.075753207,111.1202,OUT027,1985,Medium,Tier 3,Mumbai,3150.5656
FDI04,Frozen Foods,Regular,,0.072559351,199.3426,OUT027,1985,Medium,Tier 3,Mumbai,3757.1094
FDO10,Snack Foods,Regular,,0.01268995,56.4588,OUT027,1985,Medium,Tier 3,Mumbai,973.3996
FDJ34,Snack Foods,Regular,,0.093202196,125.5704,OUT027,1985,Medium,Tier 3,Mumbai,1001.3632
FDW60,Baking Goods,Regular,,0.016979326,177.037,OUT027,1985,Medium,Tier 3,Mumbai,3352.303
FDV48,Baking Goods,Regular,,0.051366901,77.0644,OUT027,1985,Medium,Tier 3,Mumbai,3221.1404
FDR59,Breads,Regular,,0.063554289,263.6594,OUT027,1985,Medium,Tier 3,Mumbai,3401.5722
FDO03,Meat,Regular,,0.03670437,228.1352,OUT027,1985,Medium,Tier 3,Mumbai,9390.4432
FDX46,Snack Foods,Regular,,0.057835325,57.5562,OUT027,1985,Medium,Tier 3,Mumbai,2548.0166
FDT24,Baking Goods,Regular,,0.0,75.9328,OUT027,1985,Medium,Tier 3,Mumbai,3012.0792
FDY37,Canned,Regular,,0.026440214,143.647,OUT027,1985,Medium,Tier 3,Mumbai,2862.94
FDA01,Canned,Regular,,0.054114924,58.4904,OUT027,1985,Medium,Tier 3,Mumbai,1054.6272
FDV20,Fruits and Vegetables,Regular,,0.059511812,128.0678,OUT027,1985,Medium,Tier 3,Mumbai,2797.6916
FDZ07,Fruits and Vegetables,Regular,,0.0,60.2194,OUT027,1985,Medium,Tier 3,Mumbai,1733.7432
FDX31,Fruits and Vegetables,Regular,,0.014753811,231.7958,OUT027,1985,Medium,Tier 3,Mumbai,5375.0034
FDR56,Fruits and Vegetables,Regular,,0.100277876,196.8768,OUT027,1985,Medium,Tier 3,Mumbai,7094.7648
FDO19,Fruits and Vegetables,Regular,,0.016516275,47.4034,OUT027,1985,Medium,Tier 3,Mumbai,2187.153
FDT32,Fruits and Vegetables,Regular,,0.065316099,189.9214,OUT027,1985,Medium,Tier 3,Mumbai,5087.3778
FDC33,Fruits and Vegetables,Regular,,0.068604503,197.3768,OUT027,1985,Medium,Tier 3,Mumbai,7488.9184
FDV56,Fruits and Vegetables,Regular,,0.013529884,106.2596,OUT027,1985,Medium,Tier 3,Mumbai,1402.1748
FDU44,Fruits and Vegetables,Regular,,0.058142797,162.1552,OUT027,1985,Medium,Tier 3,Mumbai,3086.6488
FDQ08,Fruits and Vegetables,Regular,,0.018838681,62.9536,OUT027,1985,Medium,Tier 3,Mumbai,2266.3832
FDZ08,Fruits and Vegetables,Regular,,0.109459733,84.1592,OUT027,1985,Medium,Tier 3,Mumbai,1320.9472
FDS44,Fruits and Vegetables,Regular,,0.15528831,241.7538,OUT027,1985,Medium,Tier 3,Mumbai,9133.4444
FDE33,Fruits and Vegetables,Regular,,0.049395242,80.3644,OUT027,1985,Medium,Tier 3,Mumbai,1885.5456
FDF21,Fruits and Vegetables,Regular,,0.058542509,188.353,OUT027,1985,Medium,Tier 3,Mumbai,4364.319
FDY56,Fruits and Vegetables,Regular,,0.062109174,223.7062,OUT027,1985,Medium,Tier 3,Mumbai,4965.5364
FDU20,Fruits and Vegetables,Regular,,0.021353642,122.1098,OUT027,1985,Medium,Tier 3,Mumbai,3374.2744
FDR32,Fruits and Vegetables,Regular,,0.085392428,226.7694,OUT027,1985,Medium,Tier 3,Mumbai,6165.9738
FDW55,Fruits and Vegetables,Regular,,0.021863506,247.0092,OUT027,1985,Medium,Tier 3,Mumbai,5478.2024
FDT55,Fruits and Vegetables,Regular,,0.043443753,158.1946,OUT027,1985,Medium,Tier 3,Mumbai,6942.9624
FDB57,Fruits and Vegetables,Regular,,0.01871404,223.4772,OUT027,1985,Medium,Tier 3,Mumbai,7116.0704
FDK08,Fruits and Vegetables,Regular,,0.121712459,101.2016,OUT027,1985,Medium,Tier 3,Mumbai,2631.2416
FDZ43,Fruits and Vegetables,Regular,,0.056782237,241.2512,OUT027,1985,Medium,Tier 3,Mumbai,8239.9408
FDR55,Fruits and Vegetables,Regular,,0.131443921,189.1872,OUT027,1985,Medium,Tier 3,Mumbai,5294.4416
FDF57,Fruits and Vegetables,Regular,,0.058542509,168.6448,OUT027,1985,Medium,Tier 3,Mumbai,3408.896
FDY08,Fruits and Vegetables,Regular,,0.170246782,141.5838,OUT027,1985,Medium,Tier 3,Mumbai,3231.1274
FDT56,Fruits and Vegetables,Regular,,0.115032648,58.0246,OUT027,1985,Medium,Tier 3,Mumbai,2143.2102
FDG56,Fruits and Vegetables,Regular,,0.071106549,60.5536,OUT027,1985,Medium,Tier 3,Mumbai,2143.876
FDK20,Fruits and Vegetables,Regular,,0.0,120.5072,OUT027,1985,Medium,Tier 3,Mumbai,2695.1584
FDW31,Fruits and Vegetables,Regular,,0.042949109,199.5742,OUT027,1985,Medium,Tier 3,Mumbai,3981.484
FDX56,Fruits and Vegetables,Regular,,0.073700837,207.1638,OUT027,1985,Medium,Tier 3,Mumbai,7247.233
FDS31,Fruits and Vegetables,Regular,,0.043978369,178.4318,OUT027,1985,Medium,Tier 3,Mumbai,2526.0452
FDK32,Fruits and Vegetables,Regular,,0.048738407,152.8682,OUT027,1985,Medium,Tier 3,Mumbai,5031.4506
FDN08,Fruits and Vegetables,Regular,,0.087936752,115.9466,OUT027,1985,Medium,Tier 3,Mumbai,4124.631
FDT19,Fruits and Vegetables,Regular,,0.144338493,172.108,OUT027,1985,Medium,Tier 3,Mumbai,4327.7
FDU19,Fruits and Vegetables,Regular,,0.046544984,172.0422,OUT027,1985,Medium,Tier 3,Mumbai,4828.3816
FDP31,Fruits and Vegetables,Regular,,0.160722863,65.7168,OUT027,1985,Medium,Tier 3,Mumbai,2237.088
FDA07,Fruits and Vegetables,Regular,,0.030794774,122.9072,OUT027,1985,Medium,Tier 3,Mumbai,4532.7664
FDQ31,Fruits and Vegetables,Regular,,0.053586458,89.7856,OUT027,1985,Medium,Tier 3,Mumbai,966.7416
FDQ19,Fruits and Vegetables,Regular,,0.014295564,242.6512,OUT027,1985,Medium,Tier 3,Mumbai,12117.56
FDF44,Fruits and Vegetables,Regular,,0.059438787,130.9968,OUT027,1985,Medium,Tier 3,Mumbai,4828.3816
FDR19,Fruits and Vegetables,Regular,,0.158947217,145.5102,OUT027,1985,Medium,Tier 3,Mumbai,5978.2182
FDB56,Fruits and Vegetables,Regular,,0.0,188.2556,OUT027,1985,Medium,Tier 3,Mumbai,4693.89
FDO31,Fruits and Vegetables,Regular,,0.028842332,81.496,OUT027,1985,Medium,Tier 3,Mumbai,1997.4
FDF56,Fruits and Vegetables,Regular,,0.118883724,180.3976,OUT027,1985,Medium,Tier 3,Mumbai,7425.0016
FDZ31,Fruits and Vegetables,Regular,,0.112668963,191.0504,OUT027,1985,Medium,Tier 3,Mumbai,5752.512
FDC08,Fruits and Vegetables,Regular,,0.102949031,225.272,OUT027,1985,Medium,Tier 3,Mumbai,4753.812
FDQ55,Fruits and Vegetables,Regular,,0.012974937,115.9834,OUT027,1985,Medium,Tier 3,Mumbai,2994.7684
FDQ07,Fruits and Vegetables,Regular,,0.086983591,219.8456,OUT027,1985,Medium,Tier 3,Mumbai,1547.3192
FDJ44,Fruits and Vegetables,Regular,,0.105812357,175.0396,OUT027,1985,Medium,Tier 3,Mumbai,4012.1108
FDN56,Fruits and Vegetables,Regular,,0.106538757,145.4786,OUT027,1985,Medium,Tier 3,Mumbai,5779.144
FDR44,Fruits and Vegetables,Regular,,0.102422487,131.4968,OUT027,1985,Medium,Tier 3,Mumbai,1565.9616
FDU43,Fruits and Vegetables,Regular,,0.057762301,237.3564,OUT027,1985,Medium,Tier 3,Mumbai,2145.2076
FDY44,Fruits and Vegetables,Regular,,0.024286378,194.711,OUT027,1985,Medium,Tier 3,Mumbai,5892.33
FDA08,Fruits and Vegetables,Regular,,0.049842613,164.2526,OUT027,1985,Medium,Tier 3,Mumbai,3946.8624
FDW07,Fruits and Vegetables,Regular,,0.141997869,90.5514,OUT027,1985,Medium,Tier 3,Mumbai,2036.6822
FDQ32,Fruits and Vegetables,Regular,,0.046382793,122.8388,OUT027,1985,Medium,Tier 3,Mumbai,2972.1312
FDW19,Fruits and Vegetables,Regular,,0.038313981,109.957,OUT027,1985,Medium,Tier 3,Mumbai,4504.137
FDT07,Fruits and Vegetables,Regular,,0.076944658,257.133,OUT027,1985,Medium,Tier 3,Mumbai,7433.657
FDX07,Fruits and Vegetables,Regular,,0.022807826,183.495,OUT027,1985,Medium,Tier 3,Mumbai,4577.375
FDE56,Fruits and Vegetables,Regular,,0.158424516,62.4194,OUT027,1985,Medium,Tier 3,Mumbai,2291.0178
FDA55,Fruits and Vegetables,Regular,,0.056713056,223.8088,OUT027,1985,Medium,Tier 3,Mumbai,5592.72
FDR31,Fruits and Vegetables,Regular,,0.048924811,147.4102,OUT027,1985,Medium,Tier 3,Mumbai,3207.8244
FDG09,Fruits and Vegetables,Regular,,0.047704151,187.2556,OUT027,1985,Medium,Tier 3,Mumbai,4506.1344
FDS32,Fruits and Vegetables,Regular,,0.029510313,141.9838,OUT027,1985,Medium,Tier 3,Mumbai,4354.9978
FDX49,Canned,Regular,,0.101338651,232.63,OUT027,1985,Medium,Tier 3,Mumbai,5359.69
FDX21,Snack Foods,Low Fat,,0.084554569,109.8912,OUT027,1985,Medium,Tier 3,Mumbai,2074.6328
FDE53,Frozen Foods,Low Fat,,0.026749991,106.928,OUT027,1985,Medium,Tier 3,Mumbai,2876.256
FDC11,Starchy Foods,Low Fat,,0.141106202,87.9172,OUT027,1985,Medium,Tier 3,Mumbai,3836.3396
FDN12,Baking Goods,Low Fat,,0.08071118,113.1544,OUT027,1985,Medium,Tier 3,Mumbai,3355.632
FDS35,Breads,Low Fat,,0.110681931,63.2826,OUT027,1985,Medium,Tier 3,Mumbai,1033.3216
FDN21,Snack Foods,Low Fat,,0.076483451,163.1236,OUT027,1985,Medium,Tier 3,Mumbai,2416.854
FDW08,Fruits and Vegetables,Low Fat,,0.147663025,106.028,OUT027,1985,Medium,Tier 3,Mumbai,1810.976
DRM37,Soft Drinks,Low Fat,,0.095931002,198.5768,OUT027,1985,Medium,Tier 3,Mumbai,6897.688
FDW36,Baking Goods,Low Fat,,0.056656942,106.2622,OUT027,1985,Medium,Tier 3,Mumbai,2328.9684
NCJ05,Health and Hygiene,Low Fat,,0.045865089,152.3682,OUT027,1985,Medium,Tier 3,Mumbai,2287.023
FDI16,Frozen Foods,Regular,,0.135118202,52.564,OUT027,1985,Medium,Tier 3,Mumbai,2290.352
NCJ31,Others,Low Fat,,0.181769264,240.6196,OUT027,1985,Medium,Tier 3,Mumbai,4579.3724
NCV41,Health and Hygiene,Low Fat,,0.016956266,109.3228,OUT027,1985,Medium,Tier 3,Mumbai,2431.5016
FDU08,Fruits and Vegetables,Low Fat,,0.027183141,99.7042,OUT027,1985,Medium,Tier 3,Mumbai,3868.9638
FDA57,Snack Foods,Low Fat,,0.039451625,39.548,OUT027,1985,Medium,Tier 3,Mumbai,1358.232
FDV03,Meat,Low Fat,,0.057809959,156.2314,OUT027,1985,Medium,Tier 3,Mumbai,2947.4966
NCR50,Household,Low Fat,,0.011762847,153.534,OUT027,1985,Medium,Tier 3,Mumbai,7503.566
FDK41,Frozen Foods,Low Fat,,0.126924095,87.2224,OUT027,1985,Medium,Tier 3,Mumbai,3494.1184
FDT50,Dairy,Regular,,0.107714834,97.8752,OUT027,1985,Medium,Tier 3,Mumbai,2109.2544
FDG35,Starchy Foods,Regular,,0.007006883,173.5738,OUT027,1985,Medium,Tier 3,Mumbai,1216.4166
NCZ30,Household,Low Fat,,0.026058181,121.9098,OUT027,1985,Medium,Tier 3,Mumbai,3374.2744
FDU23,Breads,Low Fat,,0.021618297,167.1184,OUT027,1985,Medium,Tier 3,Mumbai,2476.776
FDI20,Fruits and Vegetables,Low Fat,,0.038377013,211.5586,OUT027,1985,Medium,Tier 3,Mumbai,4432.2306
DRC49,Soft Drinks,Low Fat,,0.065119701,145.7128,OUT027,1985,Medium,Tier 3,Mumbai,4026.7584
NCS29,Health and Hygiene,Low Fat,,0.069208684,264.0884,OUT027,1985,Medium,Tier 3,Mumbai,4504.8028
FDM20,Fruits and Vegetables,Low Fat,,0.0,245.0144,OUT027,1985,Medium,Tier 3,Mumbai,3185.1872
FDN24,Baking Goods,Low Fat,,0.112718928,54.2956,OUT027,1985,Medium,Tier 3,Mumbai,1310.2944
FDT26,Dairy,Regular,,0.067624438,120.944,OUT027,1985,Medium,Tier 3,Mumbai,1078.596
FDT08,Fruits and Vegetables,Low Fat,,0.048980156,148.705,OUT027,1985,Medium,Tier 3,Mumbai,2996.1
NCY06,Household,Low Fat,,0.060888514,130.1968,OUT027,1985,Medium,Tier 3,Mumbai,1565.9616
FDS47,Breads,Low Fat,,0.0,87.6856,OUT027,1985,Medium,Tier 3,Mumbai,1845.5976
FDA39,Meat,Low Fat,,0.012656359,37.8822,OUT027,1985,Medium,Tier 3,Mumbai,1021.3372
DRG36,Soft Drinks,Low Fat,,0.094916347,172.3106,OUT027,1985,Medium,Tier 3,Mumbai,4277.765
FDM58,Snack Foods,Regular,,0.0,112.2544,OUT027,1985,Medium,Tier 3,Mumbai,3914.904
NCP29,Health and Hygiene,Low Fat,,0.0,64.2168,OUT027,1985,Medium,Tier 3,Mumbai,1278.336
FDS51,Meat,Low Fat,,0.032024659,62.7194,OUT027,1985,Medium,Tier 3,Mumbai,1857.582
NCJ30,Household,Low Fat,,0.080249973,168.679,OUT027,1985,Medium,Tier 3,Mumbai,4923.591
DRM59,Hard Drinks,Low Fat,,0.003574698,154.6998,OUT027,1985,Medium,Tier 3,Mumbai,3229.7958
FDU34,Snack Foods,Low Fat,,0.074830794,125.9046,OUT027,1985,Medium,Tier 3,Mumbai,4482.1656
NCN30,Household,Low Fat,,0.016910914,96.641,OUT027,1985,Medium,Tier 3,Mumbai,1544.656
FDX60,Baking Goods,Low Fat,,0.080203852,77.996,OUT027,1985,Medium,Tier 3,Mumbai,2716.464
NCE43,Household,Low Fat,,0.102941345,171.2448,OUT027,1985,Medium,Tier 3,Mumbai,4602.0096
FDH28,Frozen Foods,Regular,,0.192650072,37.4506,OUT019,1985,Small,Tier 1,Jaipur,37.9506
NCI54,Household,Low Fat,,0.058827583,110.4912,OUT019,1985,Small,Tier 1,Jaipur,436.7648
NCX30,Household,Low Fat,,0.046609281,248.6776,OUT019,1985,Small,Tier 1,Jaipur,495.3552
FDA10,Snack Foods,Low Fat,,0.248301532,124.1072,OUT019,1985,Small,Tier 1,Jaipur,245.0144
DRK49,Soft Drinks,Low Fat,,0.0,40.5138,OUT019,1985,Small,Tier 1,Jaipur,40.6138
FDE41,Frozen Foods,Regular,,0.0,83.7566,OUT019,1985,Small,Tier 1,Jaipur,253.6698
FDY21,Snack Foods,Low Fat,,0.30374337,196.011,OUT019,1985,Small,Tier 1,Jaipur,589.233
FDH33,Snack Foods,Low Fat,,0.213125482,44.9428,OUT019,1985,Small,Tier 1,Jaipur,175.7712
FDQ34,Snack Foods,Low Fat,,0.284065879,105.5622,OUT019,1985,Small,Tier 1,Jaipur,211.7244
FDM44,Fruits and Vegetables,Low Fat,,0.054363971,105.099,OUT019,1985,Small,Tier 1,Jaipur,103.199
FDS12,Baking Goods,Low Fat,,0.304859104,125.4362,OUT019,1985,Small,Tier 1,Jaipur,755.0172
FDY16,Frozen Foods,Regular,,0.16147714,186.2266,OUT019,1985,Small,Tier 1,Jaipur,1106.5596
FDU38,Dairy,Low Fat,,0.144534212,190.6504,OUT019,1985,Small,Tier 1,Jaipur,575.2512
FDD38,Canned,Regular,,0.014342659,103.7674,OUT019,1985,Small,Tier 1,Jaipur,203.7348
NCQ38,Others,Low Fat,,0.023402893,108.228,OUT019,1985,Small,Tier 1,Jaipur,213.056
FDH41,Frozen Foods,Low Fat,,0.143591586,213.5534,OUT019,1985,Small,Tier 1,Jaipur,430.1068
NCX06,Household,Low Fat,,0.02746599,181.5976,OUT019,1985,Small,Tier 1,Jaipur,543.2928
DRM37,Soft Drinks,Low Fat,,0.168780127,197.8768,OUT019,1985,Small,Tier 1,Jaipur,197.0768
FDY55,Fruits and Vegetables,Low Fat,,0.0,258.3988,OUT019,1985,Small,Tier 1,Jaipur,256.9988
DRG37,Soft Drinks,Low Fat,,0.033929133,154.3972,OUT019,1985,Small,Tier 1,Jaipur,311.5944
FDX24,Baking Goods,Low Fat,,0.024387984,92.4462,OUT019,1985,Small,Tier 1,Jaipur,185.0924
FDX48,Baking Goods,Regular,,0.066336811,154.1656,OUT019,1985,Small,Tier 1,Jaipur,617.8624
FDD14,Canned,Low Fat,,0.297312685,185.4266,OUT019,1985,Small,Tier 1,Jaipur,368.8532
FDA32,Fruits and Vegetables,Low Fat,,0.052691046,216.3192,OUT019,1985,Small,Tier 1,Jaipur,215.7192
FDC14,Canned,Regular,,0.072221801,43.6454,OUT019,1985,Small,Tier 1,Jaipur,125.8362
FDS02,Dairy,Regular,,0.255394896,196.8794,OUT019,1985,Small,Tier 1,Jaipur,780.3176
FDY40,Frozen Foods,Regular,,0.15028599,51.0692,OUT019,1985,Small,Tier 1,Jaipur,147.8076
FDW39,Meat,Regular,,0.064625342,176.937,OUT019,1985,Small,Tier 1,Jaipur,176.437
DRY23,Soft Drinks,Regular,,0.191013663,42.1112,OUT019,1985,Small,Tier 1,Jaipur,42.6112
FDO08,Fruits and Vegetables,Regular,,0.09415375,165.7526,OUT019,1985,Small,Tier 1,Jaipur,657.8104
FDS45,Snack Foods,Regular,,0.051643608,107.3622,OUT019,1985,Small,Tier 1,Jaipur,317.5866
FDS46,Snack Foods,Regular,,0.082741482,118.7782,OUT019,1985,Small,Tier 1,Jaipur,119.1782
FDV20,Fruits and Vegetables,Regular,,0.104704537,125.2678,OUT019,1985,Small,Tier 1,Jaipur,254.3356
FDW27,Meat,Regular,,0.264124669,155.7314,OUT019,1985,Small,Tier 1,Jaipur,155.1314
FDS09,Snack Foods,Regular,,0.141975462,49.6008,OUT019,1985,Small,Tier 1,Jaipur,50.6008
FDB38,Canned,Regular,,0.0,160.692,OUT019,1985,Small,Tier 1,Jaipur,319.584
FDE05,Frozen Foods,Regular,,0.0,145.2102,OUT019,1985,Small,Tier 1,Jaipur,437.4306
FDI41,Frozen Foods,Regular,,0.109003832,145.2418,OUT019,1985,Small,Tier 1,Jaipur,147.1418
FDT32,Fruits and Vegetables,Regular,,0.114916546,188.4214,OUT019,1985,Small,Tier 1,Jaipur,565.2642
FDO49,Breakfast,Regular,,0.05787008,49.7008,OUT019,1985,Small,Tier 1,Jaipur,50.6008
FDL38,Canned,Regular,,0.02579577,88.4172,OUT019,1985,Small,Tier 1,Jaipur,89.2172
FDC21,Fruits and Vegetables,Regular,,0.075215349,108.4254,OUT019,1985,Small,Tier 1,Jaipur,217.0508
FDL13,Breakfast,Regular,,0.098606543,232.73,OUT019,1985,Small,Tier 1,Jaipur,932.12
FDL02,Canned,Regular,,0.182236555,107.1622,OUT019,1985,Small,Tier 1,Jaipur,211.7244
FDJ02,Canned,Regular,,0.044063785,147.2418,OUT019,1985,Small,Tier 1,Jaipur,294.2836
FDK08,Fruits and Vegetables,Regular,,0.214139786,102.4016,OUT019,1985,Small,Tier 1,Jaipur,202.4032
FDI04,Frozen Foods,Regular,,0.127660257,198.5426,OUT019,1985,Small,Tier 1,Jaipur,790.9704
FDQ03,Meat,Regular,,0.136592891,238.0248,OUT019,1985,Small,Tier 1,Jaipur,711.0744
FDW38,Dairy,Regular,,0.0,55.9298,OUT019,1985,Small,Tier 1,Jaipur,107.8596
FDL09,Snack Foods,Regular,,0.22417463,168.8816,OUT019,1985,Small,Tier 1,Jaipur,167.7816
FDG33,Seafood,Regular,,0.245542627,172.2764,OUT019,1985,Small,Tier 1,Jaipur,171.7764
FDZ59,Baking Goods,Regular,,0.182128363,165.65,OUT019,1985,Small,Tier 1,Jaipur,665.8
FDC10,Snack Foods,Regular,,0.127599399,118.9098,OUT019,1985,Small,Tier 1,Jaipur,120.5098
FDE33,Fruits and Vegetables,Regular,,0.086905536,78.8644,OUT019,1985,Small,Tier 1,Jaipur,314.2576
FDR12,Baking Goods,Regular,,0.055213281,172.4764,OUT019,1985,Small,Tier 1,Jaipur,687.1056
FDW32,Fruits and Vegetables,Regular,,0.165101585,87.7882,OUT019,1985,Small,Tier 1,Jaipur,515.3292
FDH52,Frozen Foods,Regular,,0.076868664,62.1194,OUT019,1985,Small,Tier 1,Jaipur,123.8388
FDB58,Snack Foods,Regular,,0.02363057,141.7154,OUT019,1985,Small,Tier 1,Jaipur,425.4462
FDQ36,Baking Goods,Regular,,0.0,38.1848,OUT019,1985,Small,Tier 1,Jaipur,37.2848
FDF40,Dairy,Regular,,0.03941584,247.8092,OUT019,1985,Small,Tier 1,Jaipur,498.0184
FDC57,Fruits and Vegetables,Regular,,0.095587976,193.982,OUT019,1985,Small,Tier 1,Jaipur,579.246
FDQ27,Meat,Regular,,0.077480627,101.399,OUT019,1985,Small,Tier 1,Jaipur,206.398
FDG46,Snack Foods,Regular,,0.057620562,115.4518,OUT019,1985,Small,Tier 1,Jaipur,113.8518
FDU01,Canned,Regular,,0.021002171,185.1924,OUT019,1985,Small,Tier 1,Jaipur,555.2772
FDU21,Snack Foods,Regular,,0.134327613,35.0558,OUT019,1985,Small,Tier 1,Jaipur,33.9558
FDH17,Frozen Foods,Regular,,0.029157849,97.0726,OUT019,1985,Small,Tier 1,Jaipur,293.6178
FDP51,Meat,Regular,,0.149305497,119.6124,OUT019,1985,Small,Tier 1,Jaipur,592.562
FDR31,Fruits and Vegetables,Regular,,0.086077865,143.8102,OUT019,1985,Small,Tier 1,Jaipur,291.6204
FDT07,Fruits and Vegetables,Regular,,0.135375727,256.133,OUT019,1985,Small,Tier 1,Jaipur,256.333
DRL01,Soft Drinks,Regular,,0.13511877,232.9958,OUT019,1985,Small,Tier 1,Jaipur,934.7832
FDW02,Dairy,Regular,,0.066006824,126.2704,OUT019,1985,Small,Tier 1,Jaipur,250.3408
FDS31,Fruits and Vegetables,Regular,,0.0,178.5318,OUT019,1985,Small,Tier 1,Jaipur,180.4318
DRA24,Soft Drinks,Regular,,0.069909188,163.2868,OUT019,1985,Small,Tier 1,Jaipur,491.3604
FDM27,Meat,Regular,,0.277459381,156.3946,OUT019,1985,Small,Tier 1,Jaipur,473.3838
FDJ14,Canned,Regular,,0.0,78.896,OUT019,1985,Small,Tier 1,Jaipur,399.48
FDS27,Meat,Regular,,0.0218126,194.711,OUT019,1985,Small,Tier 1,Jaipur,196.411
FDL57,Snack Foods,Regular,,0.117442838,257.7304,OUT019,1985,Small,Tier 1,Jaipur,774.9912
FDV01,Canned,Regular,,0.148737487,155.1314,OUT019,1985,Small,Tier 1,Jaipur,155.1314
FDB04,Dairy,Regular,,0.1107011,88.6856,OUT019,1985,Small,Tier 1,Jaipur,351.5424
FDZ32,Fruits and Vegetables,Regular,,0.066765523,107.1964,OUT019,1985,Small,Tier 1,Jaipur,420.7856
FDX35,Breads,Regular,,0.139913045,227.9036,OUT019,1985,Small,Tier 1,Jaipur,455.4072
FDX47,Breads,Regular,,0.060587738,156.8288,OUT019,1985,Small,Tier 1,Jaipur,471.3864
FDL12,Baking Goods,Regular,,0.212963193,59.522,OUT019,1985,Small,Tier 1,Jaipur,299.61
FDG12,Baking Goods,Regular,,0.0,121.3098,OUT019,1985,Small,Tier 1,Jaipur,120.5098
FDE28,Frozen Foods,Regular,,0.232072674,229.4668,OUT019,1985,Small,Tier 1,Jaipur,460.7336
FDT51,Meat,Regular,,0.019117392,110.6544,OUT019,1985,Small,Tier 1,Jaipur,223.7088
FDA02,Dairy,Regular,,0.052040539,143.1786,OUT019,1985,Small,Tier 1,Jaipur,288.9572
FDX56,Fruits and Vegetables,Regular,,0.129668578,206.8638,OUT019,1985,Small,Tier 1,Jaipur,207.0638
FDV27,Meat,Regular,,0.070017381,89.3514,OUT019,1985,Small,Tier 1,Jaipur,177.1028
FDX22,Snack Foods,Regular,,0.04022593,210.9928,OUT019,1985,Small,Tier 1,Jaipur,210.3928
FDS44,Fruits and Vegetables,Regular,,0.27321283,240.9538,OUT019,1985,Small,Tier 1,Jaipur,480.7076
FDO15,Meat,Regular,,0.014998914,72.4038,OUT019,1985,Small,Tier 1,Jaipur,221.7114
FDG35,Starchy Foods,Regular,,0.012327847,173.8738,OUT019,1985,Small,Tier 1,Jaipur,347.5476
FDY02,Dairy,Regular,,0.153456703,264.091,OUT019,1985,Small,Tier 1,Jaipur,262.991
FDN03,Meat,Regular,,0.026420581,250.9408,OUT019,1985,Small,Tier 1,Jaipur,1001.3632
FDC60,Baking Goods,Regular,,0.2004264,88.8514,OUT019,1985,Small,Tier 1,Jaipur,265.6542
FDR15,Meat,Regular,,0.058545606,155.8314,OUT019,1985,Small,Tier 1,Jaipur,310.2628
FDB49,Baking Goods,Regular,,0.052791124,98.5384,OUT019,1985,Small,Tier 1,Jaipur,591.2304
FDP40,Frozen Foods,Regular,,0.060154968,110.1544,OUT019,1985,Small,Tier 1,Jaipur,111.8544
FDY34,Snack Foods,Regular,,0.019227816,163.9842,OUT019,1985,Small,Tier 1,Jaipur,331.5684
FDO10,Snack Foods,Regular,,0.0,58.7588,OUT019,1985,Small,Tier 1,Jaipur,400.8116
FDQ40,Frozen Foods,Regular,,0.063079544,175.7712,OUT019,1985,Small,Tier 1,Jaipur,351.5424
FDX04,Frozen Foods,Regular,,0.07278643,49.4376,OUT019,1985,Small,Tier 1,Jaipur,191.7504
FDB14,Canned,Regular,,0.0,92.312,OUT019,1985,Small,Tier 1,Jaipur,372.848
FDO03,Meat,Regular,,0.064577332,230.5352,OUT019,1985,Small,Tier 1,Jaipur,687.1056
FDL52,Frozen Foods,Regular,,0.080697998,39.8506,OUT019,1985,Small,Tier 1,Jaipur,37.9506
FDP21,Snack Foods,Regular,,0.045068892,190.8872,OUT019,1985,Small,Tier 1,Jaipur,945.436
FDY35,Breads,Regular,,0.028062401,44.0402,OUT019,1985,Small,Tier 1,Jaipur,91.8804
FDR01,Canned,Regular,,0.093883945,200.4742,OUT019,1985,Small,Tier 1,Jaipur,398.1484
FDQ60,Baking Goods,Regular,,0.191500528,121.2098,OUT019,1985,Small,Tier 1,Jaipur,120.5098
FDA26,Dairy,Regular,,0.129425145,219.3482,OUT019,1985,Small,Tier 1,Jaipur,219.0482
FDY33,Snack Foods,Regular,,0.170186628,159.0262,OUT019,1985,Small,Tier 1,Jaipur,159.1262
FDN25,Breakfast,Regular,,0.107110465,55.5588,OUT019,1985,Small,Tier 1,Jaipur,229.0352
FDS21,Snack Foods,Regular,,0.036551446,62.7194,OUT019,1985,Small,Tier 1,Jaipur,123.8388
FDH60,Baking Goods,Regular,,0.141360118,197.311,OUT019,1985,Small,Tier 1,Jaipur,392.822
FDV16,Frozen Foods,Regular,,0.145200948,35.4558,OUT019,1985,Small,Tier 1,Jaipur,135.8232
FDR52,Frozen Foods,Regular,,0.133144259,190.8846,OUT019,1985,Small,Tier 1,Jaipur,191.0846
FDU12,Baking Goods,Regular,,0.132630345,263.8568,OUT019,1985,Small,Tier 1,Jaipur,790.9704
FDZ07,Fruits and Vegetables,Regular,,0.164391573,62.8194,OUT019,1985,Small,Tier 1,Jaipur,61.9194
FDA55,Fruits and Vegetables,Regular,,0.099780431,225.2088,OUT019,1985,Small,Tier 1,Jaipur,447.4176
FDE51,Dairy,Regular,,0.168901843,43.4086,OUT019,1985,Small,Tier 1,Jaipur,44.6086
FDK26,Canned,Regular,,0.056338482,184.624,OUT019,1985,Small,Tier 1,Jaipur,1304.968
FDJ58,Snack Foods,Regular,,0.184359831,172.6764,OUT019,1985,Small,Tier 1,Jaipur,858.882
FDQ32,Fruits and Vegetables,Regular,,0.081605462,122.3388,OUT019,1985,Small,Tier 1,Jaipur,371.5164
FDM22,Snack Foods,Regular,,0.073462632,52.364,OUT019,1985,Small,Tier 1,Jaipur,53.264
FDW26,Dairy,Regular,,0.187443314,220.4772,OUT019,1985,Small,Tier 1,Jaipur,444.7544
FDQ08,Fruits and Vegetables,Regular,,0.033144603,62.7536,OUT019,1985,Small,Tier 1,Jaipur,61.2536
FDU45,Snack Foods,Regular,,0.06216667,112.3518,OUT019,1985,Small,Tier 1,Jaipur,683.1108
FDF57,Fruits and Vegetables,Regular,,0.102999154,169.9448,OUT019,1985,Small,Tier 1,Jaipur,170.4448
FDC34,Snack Foods,Regular,,0.302478871,155.4972,OUT019,1985,Small,Tier 1,Jaipur,311.5944
FDK20,Fruits and Vegetables,Regular,,0.072762086,120.9072,OUT019,1985,Small,Tier 1,Jaipur,122.5072
FDU24,Baking Goods,Regular,,0.245407386,92.812,OUT019,1985,Small,Tier 1,Jaipur,93.212
FDC52,Dairy,Regular,,0.014497036,150.8708,OUT019,1985,Small,Tier 1,Jaipur,150.4708
FDH56,Fruits and Vegetables,Regular,,0.11173569,115.9492,OUT019,1985,Small,Tier 1,Jaipur,115.8492
FDG08,Fruits and Vegetables,Regular,,0.289522833,172.0764,OUT019,1985,Small,Tier 1,Jaipur,171.7764
FDH31,Meat,Regular,,0.0,98.2042,OUT019,1985,Small,Tier 1,Jaipur,198.4084
FDO56,Fruits and Vegetables,Regular,,0.078758649,116.3808,OUT019,1985,Small,Tier 1,Jaipur,234.3616
FDU33,Snack Foods,Regular,,0.235859408,46.1402,OUT019,1985,Small,Tier 1,Jaipur,45.9402
FDT15,Meat,Regular,,0.074729835,183.795,OUT019,1985,Small,Tier 1,Jaipur,549.285
FDG10,Snack Foods,Regular,,0.019153299,57.6588,OUT019,1985,Small,Tier 1,Jaipur,400.8116
FDP49,Breakfast,Regular,,0.120965853,55.8614,OUT019,1985,Small,Tier 1,Jaipur,110.5228
DRA59,Soft Drinks,Regular,,0.223985293,186.2924,OUT019,1985,Small,Tier 1,Jaipur,555.2772
FDY56,Fruits and Vegetables,Regular,,0.109274313,225.3062,OUT019,1985,Small,Tier 1,Jaipur,677.1186
FDB35,Starchy Foods,Regular,,0.113139486,92.9804,OUT019,1985,Small,Tier 1,Jaipur,183.7608
FDB23,Starchy Foods,Regular,,0.00978492,225.9062,OUT019,1985,Small,Tier 1,Jaipur,451.4124
FDV19,Fruits and Vegetables,Regular,,0.06173052,159.1578,OUT019,1985,Small,Tier 1,Jaipur,160.4578
FDL28,Frozen Foods,Regular,,0.0,230.0668,OUT019,1985,Small,Tier 1,Jaipur,691.1004
FDU28,Frozen Foods,Regular,,0.164438907,188.4214,OUT019,1985,Small,Tier 1,Jaipur,376.8428
FDX38,Dairy,Regular,,0.084404264,49.5376,OUT019,1985,Small,Tier 1,Jaipur,143.8128
FDS11,Breads,Regular,,0.097275777,223.9088,OUT019,1985,Small,Tier 1,Jaipur,223.7088
FDN38,Canned,Regular,,0.161030847,251.2408,OUT019,1985,Small,Tier 1,Jaipur,1001.3632
FDY38,Dairy,Regular,,0.208662546,231.83,OUT019,1985,Small,Tier 1,Jaipur,466.06
FDK58,Snack Foods,Regular,,0.078758649,103.0016,OUT019,1985,Small,Tier 1,Jaipur,202.4032
FDX52,Frozen Foods,Regular,,0.073541072,192.282,OUT019,1985,Small,Tier 1,Jaipur,386.164
FDT55,Fruits and Vegetables,Regular,,0.076434542,155.8946,OUT019,1985,Small,Tier 1,Jaipur,473.3838
FDH45,Fruits and Vegetables,Regular,,0.185008985,42.3796,OUT019,1985,Small,Tier 1,Jaipur,123.8388
FDJ57,Seafood,Regular,,0.0,184.3582,OUT019,1985,Small,Tier 1,Jaipur,185.7582
FDY03,Meat,Regular,,0.133279499,112.6202,OUT019,1985,Small,Tier 1,Jaipur,675.1212
FDX03,Meat,Regular,,0.106971167,44.7744,OUT019,1985,Small,Tier 1,Jaipur,135.8232
FDB41,Frozen Foods,Regular,,0.170382726,45.2718,OUT019,1985,Small,Tier 1,Jaipur,47.2718
FDV10,Snack Foods,Regular,,0.116793684,41.0112,OUT019,1985,Small,Tier 1,Jaipur,42.6112
FDG21,Seafood,Regular,,0.256152243,151.005,OUT019,1985,Small,Tier 1,Jaipur,149.805
FDS33,Snack Foods,Regular,,0.216107535,86.8514,OUT019,1985,Small,Tier 1,Jaipur,354.2056
FDM36,Baking Goods,Regular,,0.102830104,172.6422,OUT019,1985,Small,Tier 1,Jaipur,344.8844
FDQ11,Breads,Regular,,0.118535581,256.3988,OUT019,1985,Small,Tier 1,Jaipur,256.9988
FDZ25,Canned,Regular,,0.0,169.879,OUT019,1985,Small,Tier 1,Jaipur,339.558
FDU26,Dairy,Regular,,0.074620291,120.1782,OUT019,1985,Small,Tier 1,Jaipur,357.5346
FDL32,Fruits and Vegetables,Regular,,0.214423791,111.6544,OUT019,1985,Small,Tier 1,Jaipur,335.5632
FDV60,Baking Goods,Regular,,0.205484395,198.011,OUT019,1985,Small,Tier 1,Jaipur,392.822
FDE11,Starchy Foods,Regular,,0.23653561,184.1924,OUT019,1985,Small,Tier 1,Jaipur,185.0924
FDV26,Dairy,Regular,,0.133347119,193.0794,OUT019,1985,Small,Tier 1,Jaipur,975.397
FDT09,Snack Foods,Regular,,0.021471456,131.0284,OUT019,1985,Small,Tier 1,Jaipur,131.8284
FDH14,Canned,Regular,,0.081955735,142.0838,OUT019,1985,Small,Tier 1,Jaipur,280.9676
FDD26,Canned,Regular,,0.1263349,184.0924,OUT019,1985,Small,Tier 1,Jaipur,555.2772
FDO09,Snack Foods,Regular,,0.0,262.891,OUT019,1985,Small,Tier 1,Jaipur,788.973
FDX32,Fruits and Vegetables,Regular,,0.1748389,142.8786,OUT019,1985,Small,Tier 1,Jaipur,433.4358
FDE56,Fruits and Vegetables,Regular,,0.278730642,63.2194,OUT019,1985,Small,Tier 1,Jaipur,247.6776
FDP13,Canned,Regular,,0.235183205,41.548,OUT019,1985,Small,Tier 1,Jaipur,79.896
FDI07,Meat,Regular,,0.059110912,199.3426,OUT019,1985,Small,Tier 1,Jaipur,395.4852
FDY49,Canned,Regular,,0.021031586,164.7184,OUT019,1985,Small,Tier 1,Jaipur,495.3552
FDE40,Dairy,Regular,,0.173587926,60.0194,OUT019,1985,Small,Tier 1,Jaipur,123.8388
FDN56,Fruits and Vegetables,Regular,,0.187443314,145.8786,OUT019,1985,Small,Tier 1,Jaipur,288.9572
FDN34,Snack Foods,Regular,,0.080127283,168.7132,OUT019,1985,Small,Tier 1,Jaipur,338.2264
FDA08,Fruits and Vegetables,Regular,,0.087692636,162.5526,OUT019,1985,Small,Tier 1,Jaipur,328.9052
FDL21,Snack Foods,Regular,,0.01251245,38.748,OUT019,1985,Small,Tier 1,Jaipur,79.896
FDX36,Baking Goods,Regular,,0.224607399,223.1404,OUT019,1985,Small,Tier 1,Jaipur,450.0808
FDY39,Meat,Regular,,0.08234117,185.7608,OUT019,1985,Small,Tier 1,Jaipur,1470.0864
FDW46,Snack Foods,Regular,,0.123089128,63.6484,OUT019,1985,Small,Tier 1,Jaipur,65.2484
FDQ49,Breakfast,Regular,,0.06871772,155.563,OUT019,1985,Small,Tier 1,Jaipur,469.389
FDK25,Breakfast,Regular,,0.274592283,167.8474,OUT019,1985,Small,Tier 1,Jaipur,336.8948
FDH04,Frozen Foods,Regular,,0.019912606,91.0488,OUT019,1985,Small,Tier 1,Jaipur,271.6464
FDS59,Breads,Regular,,0.076851759,111.857,OUT019,1985,Small,Tier 1,Jaipur,109.857
FDY15,Dairy,Regular,,0.299097859,157.863,OUT019,1985,Small,Tier 1,Jaipur,469.389
FDZ16,Frozen Foods,Regular,,0.279886948,193.1478,OUT019,1985,Small,Tier 1,Jaipur,387.4956
FDR32,Fruits and Vegetables,Regular,,0.150238656,229.3694,OUT019,1985,Small,Tier 1,Jaipur,228.3694
FDU20,Fruits and Vegetables,Regular,,0.037569401,120.7098,OUT019,1985,Small,Tier 1,Jaipur,361.5294
FDF56,Fruits and Vegetables,Regular,,0.209162936,179.1976,OUT019,1985,Small,Tier 1,Jaipur,543.2928
FDX31,Fruits and Vegetables,Regular,,0.0,234.7958,OUT019,1985,Small,Tier 1,Jaipur,467.3916
FDY28,Frozen Foods,Regular,,0.26639671,215.6218,OUT019,1985,Small,Tier 1,Jaipur,641.1654
FDQ45,Snack Foods,Regular,,0.019114349,182.1608,OUT019,1985,Small,Tier 1,Jaipur,367.5216
FDU44,Fruits and Vegetables,Regular,,0.102295904,162.3552,OUT019,1985,Small,Tier 1,Jaipur,487.3656
FDC37,Baking Goods,Low Fat,,0.057556998,107.6938,OUT019,1985,Small,Tier 1,Jaipur,214.3876
FDI26,Canned,Low Fat,,0.061082177,180.0344,OUT019,1985,Small,Tier 1,Jaipur,892.172
FDN48,Baking Goods,Low Fat,,0.113720344,89.9804,OUT019,1985,Small,Tier 1,Jaipur,643.1628
NCL18,Household,Low Fat,,0.293417759,194.6136,OUT019,1985,Small,Tier 1,Jaipur,583.2408
FDU04,Frozen Foods,Low Fat,,0.009714595,120.0414,OUT019,1985,Small,Tier 1,Jaipur,487.3656
DRE60,Soft Drinks,Low Fat,,0.278974075,225.372,OUT019,1985,Small,Tier 1,Jaipur,679.116
NCO17,Health and Hygiene,Low Fat,,0.128478462,117.944,OUT019,1985,Small,Tier 1,Jaipur,239.688
NCO07,Others,Low Fat,,0.017116983,211.956,OUT019,1985,Small,Tier 1,Jaipur,213.056
DRF27,Dairy,Low Fat,,0.049754975,152.134,OUT019,1985,Small,Tier 1,Jaipur,153.134
DRF15,Dairy,Low Fat,,0.058153409,152.034,OUT019,1985,Small,Tier 1,Jaipur,306.268
FDQ04,Frozen Foods,Low Fat,,0.148392623,41.5796,OUT019,1985,Small,Tier 1,Jaipur,41.2796
FDJ08,Fruits and Vegetables,Low Fat,,0.193772568,190.3846,OUT019,1985,Small,Tier 1,Jaipur,573.2538
FDC41,Frozen Foods,Low Fat,,0.2047,76.867,OUT019,1985,Small,Tier 1,Jaipur,229.701
FDJ22,Snack Foods,Low Fat,,0.09246392,190.9504,OUT019,1985,Small,Tier 1,Jaipur,383.5008
FDX26,Dairy,Low Fat,,0.153741385,182.6292,OUT019,1985,Small,Tier 1,Jaipur,182.4292
NCW53,Health and Hygiene,Low Fat,,0.053392944,193.8162,OUT019,1985,Small,Tier 1,Jaipur,384.8324
FDU02,Dairy,Low Fat,,0.179484411,228.9352,OUT019,1985,Small,Tier 1,Jaipur,916.1408
FDW24,Baking Goods,Low Fat,,0.065652494,48.9034,OUT019,1985,Small,Tier 1,Jaipur,48.6034
FDW35,Breads,Low Fat,,0.0194158,41.6454,OUT019,1985,Small,Tier 1,Jaipur,83.8908
FDW23,Baking Goods,Low Fat,,0.143592939,37.3164,OUT019,1985,Small,Tier 1,Jaipur,38.6164
DRH03,Dairy,Low Fat,,0.061393095,91.812,OUT019,1985,Small,Tier 1,Jaipur,372.848
FDX14,Dairy,Low Fat,,0.13121032,74.0354,OUT019,1985,Small,Tier 1,Jaipur,75.2354
NCT41,Health and Hygiene,Low Fat,,0.098031771,151.3024,OUT019,1985,Small,Tier 1,Jaipur,151.8024
DRN36,Soft Drinks,Low Fat,,0.087854925,95.9752,OUT019,1985,Small,Tier 1,Jaipur,95.8752
NCE06,Household,Low Fat,,0.160178832,160.2894,OUT019,1985,Small,Tier 1,Jaipur,323.5788
FDW50,Dairy,Low Fat,,0.132327406,168.4158,OUT019,1985,Small,Tier 1,Jaipur,334.2316
FDE22,Snack Foods,Low Fat,,0.051778173,157.892,OUT019,1985,Small,Tier 1,Jaipur,319.584
DRK35,Hard Drinks,Low Fat,,0.125793938,36.2506,OUT019,1985,Small,Tier 1,Jaipur,37.9506
NCZ06,Household,Low Fat,,0.164864915,255.2698,OUT019,1985,Small,Tier 1,Jaipur,761.0094
FDA14,Dairy,Low Fat,,0.114127418,147.176,OUT019,1985,Small,Tier 1,Jaipur,585.904
FDS03,Meat,Low Fat,,0.139419417,66.0826,OUT019,1985,Small,Tier 1,Jaipur,258.3304
DRD60,Soft Drinks,Low Fat,,0.065188619,181.1634,OUT019,1985,Small,Tier 1,Jaipur,181.7634
FDK55,Meat,Low Fat,,0.045105407,89.4172,OUT019,1985,Small,Tier 1,Jaipur,178.4344
FDL56,Fruits and Vegetables,Low Fat,,0.220225608,85.6198,OUT019,1985,Small,Tier 1,Jaipur,87.2198
FDU13,Canned,Low Fat,,0.328390948,146.0418,OUT019,1985,Small,Tier 1,Jaipur,588.5672
DRM59,Hard Drinks,Low Fat,,0.006289291,153.2998,OUT019,1985,Small,Tier 1,Jaipur,461.3994
FDZ12,Baking Goods,Low Fat,,0.0,144.847,OUT019,1985,Small,Tier 1,Jaipur,143.147
FDM56,Fruits and Vegetables,Low Fat,,0.122896411,111.1912,OUT019,1985,Small,Tier 1,Jaipur,218.3824
FDW49,Canned,Low Fat,,0.14453827,180.6002,OUT019,1985,Small,Tier 1,Jaipur,895.501
FDK15,Meat,Low Fat,,0.172309903,98.2042,OUT019,1985,Small,Tier 1,Jaipur,198.4084
FDQ24,Baking Goods,Low Fat,,0.12898088,250.4724,OUT019,1985,Small,Tier 1,Jaipur,251.6724
NCN14,Others,Low Fat,,0.160936178,184.2608,OUT019,1985,Small,Tier 1,Jaipur,367.5216
FDU22,Snack Foods,Low Fat,,0.163350221,120.2124,OUT019,1985,Small,Tier 1,Jaipur,474.0496
FDQ57,Snack Foods,Low Fat,,0.048932713,144.476,OUT019,1985,Small,Tier 1,Jaipur,146.476
NCX29,Health and Hygiene,Low Fat,,0.156094569,144.3102,OUT019,1985,Small,Tier 1,Jaipur,145.8102
DRK37,Soft Drinks,Low Fat,,0.077046505,189.453,OUT019,1985,Small,Tier 1,Jaipur,759.012
FDA49,Canned,Low Fat,,0.113669629,89.0198,OUT019,1985,Small,Tier 1,Jaipur,174.4396
FDY52,Frozen Foods,Low Fat,,0.012865901,59.3536,OUT019,1985,Small,Tier 1,Jaipur,122.5072
FDD46,Snack Foods,Low Fat,,0.247321039,152.3998,OUT019,1985,Small,Tier 1,Jaipur,153.7998
FDK45,Seafood,Low Fat,,0.059281315,111.586,OUT019,1985,Small,Tier 1,Jaipur,339.558
DRH01,Soft Drinks,Low Fat,,0.171417316,173.0738,OUT019,1985,Small,Tier 1,Jaipur,347.5476
DRH37,Soft Drinks,Low Fat,,0.072864869,165.2526,OUT019,1985,Small,Tier 1,Jaipur,822.263
DRH49,Soft Drinks,Low Fat,,0.043168763,82.8592,OUT019,1985,Small,Tier 1,Jaipur,165.1184
DRE37,Soft Drinks,Low Fat,,0.164966345,189.4872,OUT019,1985,Small,Tier 1,Jaipur,189.0872
FDZ33,Snack Foods,Low Fat,,0.188038372,146.4076,OUT019,1985,Small,Tier 1,Jaipur,147.8076
FDK43,Meat,Low Fat,,0.046994717,125.802,OUT019,1985,Small,Tier 1,Jaipur,253.004
FDO23,Breads,Low Fat,,0.25637539,94.8436,OUT019,1985,Small,Tier 1,Jaipur,567.2616
NCK29,Health and Hygiene,Low Fat,,0.0,123.473,OUT019,1985,Small,Tier 1,Jaipur,369.519
DRI11,Hard Drinks,Low Fat,,0.060237465,115.9834,OUT019,1985,Small,Tier 1,Jaipur,345.5502
NCF19,Household,Low Fat,,0.061470858,48.6034,OUT019,1985,Small,Tier 1,Jaipur,145.8102
FDR46,Snack Foods,Low Fat,,0.244102315,148.076,OUT019,1985,Small,Tier 1,Jaipur,146.476
FDE16,Frozen Foods,Low Fat,,0.046124444,206.7954,OUT019,1985,Small,Tier 1,Jaipur,833.5816
NCX05,Health and Hygiene,Low Fat,,0.169943195,116.2492,OUT019,1985,Small,Tier 1,Jaipur,115.8492
FDS01,Canned,Low Fat,,0.031069203,179.6686,OUT019,1985,Small,Tier 1,Jaipur,177.7686
FDW34,Snack Foods,Low Fat,,0.062294473,242.417,OUT019,1985,Small,Tier 1,Jaipur,486.034
FDL20,Fruits and Vegetables,Low Fat,,0.224837308,112.7886,OUT019,1985,Small,Tier 1,Jaipur,222.3772
FDE45,Fruits and Vegetables,Low Fat,,0.070660449,180.4002,OUT019,1985,Small,Tier 1,Jaipur,716.4008
FDC04,Dairy,Low Fat,,0.078764059,241.3854,OUT019,1985,Small,Tier 1,Jaipur,483.3708
FDD16,Frozen Foods,Low Fat,,0.063649582,74.7696,OUT019,1985,Small,Tier 1,Jaipur,74.5696
NCQ06,Household,Low Fat,,0.073229342,254.1014,OUT019,1985,Small,Tier 1,Jaipur,255.0014
FDG16,Frozen Foods,Low Fat,,0.157257637,215.0192,OUT019,1985,Small,Tier 1,Jaipur,1078.596
DRP35,Hard Drinks,Low Fat,,0.159096908,129.3336,OUT019,1985,Small,Tier 1,Jaipur,127.8336
DRC25,Soft Drinks,Low Fat,,0.079440262,86.7882,OUT019,1985,Small,Tier 1,Jaipur,85.8882
FDP25,Canned,Low Fat,,0.037131628,216.4824,OUT019,1985,Small,Tier 1,Jaipur,218.3824
NCL05,Health and Hygiene,Low Fat,,0.083862625,44.077,OUT019,1985,Small,Tier 1,Jaipur,216.385
FDC28,Frozen Foods,Low Fat,,0.0,109.9254,OUT019,1985,Small,Tier 1,Jaipur,108.5254
FDX21,Snack Foods,Low Fat,,0.148764535,111.1912,OUT019,1985,Small,Tier 1,Jaipur,109.1912
FDY09,Snack Foods,Low Fat,,0.044122209,173.8054,OUT019,1985,Small,Tier 1,Jaipur,175.1054
FDU36,Baking Goods,Low Fat,,0.081014461,98.8384,OUT019,1985,Small,Tier 1,Jaipur,492.692
FDJ56,Fruits and Vegetables,Low Fat,,0.32111501,100.77,OUT019,1985,Small,Tier 1,Jaipur,199.74
FDW36,Baking Goods,Low Fat,,0.099681705,107.4622,OUT019,1985,Small,Tier 1,Jaipur,317.5866
FDZ58,Snack Foods,Low Fat,,0.091354948,122.3072,OUT019,1985,Small,Tier 1,Jaipur,122.5072
FDH21,Seafood,Low Fat,,0.054670967,158.6604,OUT019,1985,Small,Tier 1,Jaipur,316.9208
NCB31,Household,Low Fat,,0.207783483,262.291,OUT019,1985,Small,Tier 1,Jaipur,525.982
NCO54,Household,Low Fat,,0.024992442,53.6614,OUT019,1985,Small,Tier 1,Jaipur,165.7842
NCQ42,Household,Low Fat,,0.068753558,127.9678,OUT019,1985,Small,Tier 1,Jaipur,254.3356
FDQ12,Baking Goods,Low Fat,,0.061999648,230.001,OUT019,1985,Small,Tier 1,Jaipur,689.103
FDV46,Snack Foods,Low Fat,,0.022074764,141.418,OUT019,1985,Small,Tier 1,Jaipur,559.272
FDM28,Frozen Foods,Low Fat,,0.079146113,181.466,OUT019,1985,Small,Tier 1,Jaipur,179.766
NCY29,Health and Hygiene,Low Fat,,0.135226962,56.293,OUT019,1985,Small,Tier 1,Jaipur,113.186
FDA38,Dairy,Low Fat,,0.04461205,241.1538,OUT019,1985,Small,Tier 1,Jaipur,480.7076
FDZ45,Snack Foods,Low Fat,,0.117091213,197.9084,OUT019,1985,Small,Tier 1,Jaipur,992.042
NCS06,Household,Low Fat,,0.055566935,263.591,OUT019,1985,Small,Tier 1,Jaipur,262.991
FDK02,Canned,Low Fat,,0.196490902,120.544,OUT019,1985,Small,Tier 1,Jaipur,479.376
NCJ42,Household,Low Fat,,0.025039776,102.7332,OUT019,1985,Small,Tier 1,Jaipur,410.1328
FDH10,Snack Foods,Low Fat,,0.086326707,192.6478,OUT019,1985,Small,Tier 1,Jaipur,387.4956
FDV09,Snack Foods,Low Fat,,0.036012919,148.0734,OUT019,1985,Small,Tier 1,Jaipur,593.8936
NCK05,Health and Hygiene,Low Fat,,0.135612397,61.1536,OUT019,1985,Small,Tier 1,Jaipur,61.2536
DRJ24,Soft Drinks,Low Fat,,0.198424841,185.2924,OUT019,1985,Small,Tier 1,Jaipur,370.1848
FDE08,Fruits and Vegetables,Low Fat,,0.086352403,149.8734,OUT019,1985,Small,Tier 1,Jaipur,445.4202
FDR23,Breads,Low Fat,,0.143199389,175.837,OUT019,1985,Small,Tier 1,Jaipur,352.874
FDC45,Fruits and Vegetables,Low Fat,,0.237651344,170.2106,OUT019,1985,Small,Tier 1,Jaipur,171.1106
FDD05,Frozen Foods,Low Fat,,0.029084548,122.0098,OUT019,1985,Small,Tier 1,Jaipur,361.5294
DRH13,Soft Drinks,Low Fat,,0.041821227,107.628,OUT019,1985,Small,Tier 1,Jaipur,213.056
FDL16,Frozen Foods,Low Fat,,0.294939214,47.106,OUT019,1985,Small,Tier 1,Jaipur,139.818
FDQ13,Canned,Low Fat,,0.018632082,82.9908,OUT019,1985,Small,Tier 1,Jaipur,503.3448
FDQ23,Breads,Low Fat,,0.042941559,102.9332,OUT019,1985,Small,Tier 1,Jaipur,102.5332
FDH19,Meat,Low Fat,,0.057933643,175.1738,OUT019,1985,Small,Tier 1,Jaipur,347.5476
FDW59,Breads,Low Fat,,0.03627089,85.9566,OUT019,1985,Small,Tier 1,Jaipur,169.1132
DRD25,Soft Drinks,Low Fat,,0.138269873,111.686,OUT019,1985,Small,Tier 1,Jaipur,452.744
FDG44,Fruits and Vegetables,Low Fat,,0.178923163,55.7298,OUT019,1985,Small,Tier 1,Jaipur,161.7894
FDL40,Frozen Foods,Low Fat,,0.0,98.241,OUT019,1985,Small,Tier 1,Jaipur,289.623
FDW01,Canned,Low Fat,,0.112161697,154.4682,OUT019,1985,Small,Tier 1,Jaipur,152.4682
NCX18,Household,Low Fat,,0.015397129,194.911,OUT019,1985,Small,Tier 1,Jaipur,196.411
DRD15,Dairy,Low Fat,,0.099442329,233.1642,OUT019,1985,Small,Tier 1,Jaipur,697.0926
NCR53,Health and Hygiene,Low Fat,,0.253947823,223.8404,OUT019,1985,Small,Tier 1,Jaipur,675.1212
FDK24,Baking Goods,Low Fat,,0.177354373,46.6744,OUT019,1985,Small,Tier 1,Jaipur,135.8232
NCN53,Health and Hygiene,Low Fat,,0.053148497,36.3874,OUT019,1985,Small,Tier 1,Jaipur,105.8622
FDF16,Frozen Foods,Low Fat,,0.150806666,149.0076,OUT019,1985,Small,Tier 1,Jaipur,295.6152
NCL41,Health and Hygiene,Low Fat,,0.073077197,34.3216,OUT019,1985,Small,Tier 1,Jaipur,34.6216
FDB32,Fruits and Vegetables,Low Fat,,0.041063069,93.5778,OUT019,1985,Small,Tier 1,Jaipur,187.7556
FDH08,Fruits and Vegetables,Low Fat,,0.030516069,227.801,OUT019,1985,Small,Tier 1,Jaipur,459.402
NCP42,Household,Low Fat,,0.028207784,195.5478,OUT019,1985,Small,Tier 1,Jaipur,387.4956
FDP39,Meat,Low Fat,,0.121554149,53.7324,OUT019,1985,Small,Tier 1,Jaipur,311.5944
NCG07,Household,Low Fat,,0.091924311,189.753,OUT019,1985,Small,Tier 1,Jaipur,189.753
FDP58,Snack Foods,Low Fat,,0.236616754,217.6482,OUT019,1985,Small,Tier 1,Jaipur,219.0482
FDH48,Baking Goods,Low Fat,,0.105893301,86.254,OUT019,1985,Small,Tier 1,Jaipur,519.324
FDZ44,Fruits and Vegetables,Low Fat,,0.06780958,118.1808,OUT019,1985,Small,Tier 1,Jaipur,234.3616
FDZ48,Baking Goods,Low Fat,,0.132995494,113.5544,OUT019,1985,Small,Tier 1,Jaipur,223.7088
FDI24,Baking Goods,Low Fat,,0.137870237,175.037,OUT019,1985,Small,Tier 1,Jaipur,352.874
NCT30,Household,Low Fat,,0.140582485,47.1718,OUT019,1985,Small,Tier 1,Jaipur,141.8154
FDT40,Frozen Foods,Low Fat,,0.167725251,128.3678,OUT019,1985,Small,Tier 1,Jaipur,127.1678
NCF31,Household,Low Fat,,0.090778148,153.1024,OUT019,1985,Small,Tier 1,Jaipur,303.6048
NCB19,Household,Low Fat,,0.158096128,86.3882,OUT019,1985,Small,Tier 1,Jaipur,85.8882
DRH23,Hard Drinks,Low Fat,,0.298205272,55.7614,OUT019,1985,Small,Tier 1,Jaipur,110.5228
NCE19,Household,Low Fat,,0.162856593,54.5956,OUT019,1985,Small,Tier 1,Jaipur,218.3824
NCL55,Others,Low Fat,,0.113212516,254.604,OUT019,1985,Small,Tier 1,Jaipur,759.012
FDU32,Fruits and Vegetables,Low Fat,,0.045465958,120.8414,OUT019,1985,Small,Tier 1,Jaipur,852.8898
FDY36,Baking Goods,Low Fat,,0.016476619,74.338,OUT019,1985,Small,Tier 1,Jaipur,146.476
NCZ18,Household,Low Fat,,0.325780807,252.7698,OUT019,1985,Small,Tier 1,Jaipur,761.0094
FDN13,Breakfast,Low Fat,,0.266234421,98.5358,OUT019,1985,Small,Tier 1,Jaipur,402.1432
FDK09,Snack Foods,Low Fat,,0.160665697,227.5352,OUT019,1985,Small,Tier 1,Jaipur,916.1408
FDZ60,Baking Goods,Low Fat,,0.208987123,106.0596,OUT019,1985,Small,Tier 1,Jaipur,215.7192
FDV32,Fruits and Vegetables,Low Fat,,0.155316936,64.151,OUT019,1985,Small,Tier 1,Jaipur,316.255
FDV15,Meat,Low Fat,,0.255929096,103.3648,OUT019,1985,Small,Tier 1,Jaipur,311.5944
FDV23,Breads,Low Fat,,0.185306514,125.6046,OUT019,1985,Small,Tier 1,Jaipur,622.523
NCO30,Household,Low Fat,,0.027532258,185.0608,OUT019,1985,Small,Tier 1,Jaipur,551.2824
DRG27,Dairy,Low Fat,,0.184035253,42.2138,OUT019,1985,Small,Tier 1,Jaipur,40.6138
DRH15,Dairy,Low Fat,,0.19244045,43.9428,OUT019,1985,Small,Tier 1,Jaipur,131.8284
FDI15,Dairy,Low Fat,,0.24749009,263.1884,OUT019,1985,Small,Tier 1,Jaipur,529.9768
FDL36,Baking Goods,Low Fat,,0.133198355,91.083,OUT019,1985,Small,Tier 1,Jaipur,89.883
NCJ06,Household,Low Fat,,0.060672263,119.8782,OUT019,1985,Small,Tier 1,Jaipur,238.3564
FDN21,Snack Foods,Low Fat,,0.134564284,159.8236,OUT019,1985,Small,Tier 1,Jaipur,322.2472
FDA19,Fruits and Vegetables,Low Fat,,0.0,126.6994,OUT019,1985,Small,Tier 1,Jaipur,256.9988
FDG04,Frozen Foods,Low Fat,,0.010615026,185.1898,OUT019,1985,Small,Tier 1,Jaipur,374.1796
FDC47,Snack Foods,Low Fat,,0.208162156,228.1694,OUT019,1985,Small,Tier 1,Jaipur,228.3694
FDR08,Fruits and Vegetables,Low Fat,,0.065872936,113.1886,OUT019,1985,Small,Tier 1,Jaipur,111.1886
FDG32,Fruits and Vegetables,Low Fat,,0.308145448,222.0772,OUT019,1985,Small,Tier 1,Jaipur,889.5088
FDP46,Snack Foods,Low Fat,,0.13064231,88.383,OUT019,1985,Small,Tier 1,Jaipur,89.883
FDC20,Fruits and Vegetables,Low Fat,,0.041970938,55.4272,OUT019,1985,Small,Tier 1,Jaipur,111.8544
FDO13,Breakfast,Low Fat,,0.106907604,162.8526,OUT019,1985,Small,Tier 1,Jaipur,493.3578
NCQ30,Household,Low Fat,,0.050901814,120.5414,OUT019,1985,Small,Tier 1,Jaipur,365.5242
FDS13,Canned,Low Fat,,0.21799414,266.5884,OUT019,1985,Small,Tier 1,Jaipur,1324.942
FDA50,Dairy,Low Fat,,0.152632413,98.441,OUT019,1985,Small,Tier 1,Jaipur,96.541
FDB17,Frozen Foods,Low Fat,,0.064208126,180.1976,OUT019,1985,Small,Tier 1,Jaipur,181.0976
NCL31,Others,Low Fat,,0.210596485,144.747,OUT019,1985,Small,Tier 1,Jaipur,143.147
FDB05,Frozen Foods,Low Fat,,0.145669556,247.2776,OUT019,1985,Small,Tier 1,Jaipur,743.0328
FDW48,Baking Goods,Low Fat,,0.0,81.8618,OUT019,1985,Small,Tier 1,Jaipur,161.1236
FDY48,Baking Goods,Low Fat,,0.041556697,104.4332,OUT019,1985,Small,Tier 1,Jaipur,307.5996
NCH43,Household,Low Fat,,0.123557061,216.6192,OUT019,1985,Small,Tier 1,Jaipur,215.7192
NCN29,Health and Hygiene,Low Fat,,0.021214364,48.2034,OUT019,1985,Small,Tier 1,Jaipur,97.2068
NCF42,Household,Low Fat,,0.293066133,177.0712,OUT019,1985,Small,Tier 1,Jaipur,351.5424
FDD53,Frozen Foods,Low Fat,,0.077427883,41.8454,OUT019,1985,Small,Tier 1,Jaipur,41.9454
NCS29,Health and Hygiene,Low Fat,,0.121765124,264.1884,OUT019,1985,Small,Tier 1,Jaipur,264.9884
DRE15,Dairy,Low Fat,,0.031139933,74.8012,OUT019,1985,Small,Tier 1,Jaipur,303.6048
NCW42,Household,Low Fat,,0.102371638,221.2456,OUT019,1985,Small,Tier 1,Jaipur,663.1368
DRF49,Soft Drinks,Low Fat,,0.124448295,112.0518,OUT019,1985,Small,Tier 1,Jaipur,113.8518
NCD43,Household,Low Fat,,0.028048877,106.1964,OUT019,1985,Small,Tier 1,Jaipur,210.3928
FDN01,Breakfast,Low Fat,,0.126760908,176.937,OUT019,1985,Small,Tier 1,Jaipur,352.874
NCR30,Household,Low Fat,,0.124299531,73.4696,OUT019,1985,Small,Tier 1,Jaipur,298.2784
FDD39,Dairy,Low Fat,,0.122832172,217.685,OUT019,1985,Small,Tier 1,Jaipur,432.77
FDY13,Canned,Low Fat,,0.052749199,74.967,OUT019,1985,Small,Tier 1,Jaipur,229.701
FDR14,Dairy,Low Fat,,0.304737387,54.7298,OUT019,1985,Small,Tier 1,Jaipur,107.8596
NCI06,Household,Low Fat,,0.083547515,179.166,OUT019,1985,Small,Tier 1,Jaipur,359.532
FDV45,Snack Foods,Low Fat,,0.078872251,189.5556,OUT019,1985,Small,Tier 1,Jaipur,1126.5336
NCH07,Household,Low Fat,,0.162248011,160.4604,OUT019,1985,Small,Tier 1,Jaipur,316.9208
FDS52,Frozen Foods,Low Fat,,0.009585169,102.5016,OUT019,1985,Small,Tier 1,Jaipur,101.2016
NCI31,Others,Low Fat,,0.142393355,36.419,OUT019,1985,Small,Tier 1,Jaipur,109.857
FDN24,Baking Goods,Low Fat,,0.198316649,54.3956,OUT019,1985,Small,Tier 1,Jaipur,272.978
FDS48,Baking Goods,Low Fat,,0.048637888,149.7708,OUT019,1985,Small,Tier 1,Jaipur,150.4708
FDO36,Baking Goods,Low Fat,,0.136417078,179.766,OUT019,1985,Small,Tier 1,Jaipur,179.766
NCQ43,Others,Low Fat,,0.194874778,110.2912,OUT019,1985,Small,Tier 1,Jaipur,218.3824
NCS53,Health and Hygiene,Low Fat,,0.157190017,156.8604,OUT019,1985,Small,Tier 1,Jaipur,316.9208
FDG31,Meat,Low Fat,,0.066351687,65.0826,OUT019,1985,Small,Tier 1,Jaipur,193.7478
FDO28,Frozen Foods,Low Fat,,0.126585095,122.4098,OUT019,1985,Small,Tier 1,Jaipur,120.5098
FDR07,Fruits and Vegetables,Low Fat,,0.136119549,94.1094,OUT019,1985,Small,Tier 1,Jaipur,190.4188
FDZ10,Snack Foods,Low Fat,,0.077849833,127.202,OUT019,1985,Small,Tier 1,Jaipur,506.008
FDS57,Snack Foods,Low Fat,,0.181114059,141.647,OUT019,1985,Small,Tier 1,Jaipur,429.441
DRK11,Hard Drinks,Low Fat,,0.018847114,148.0392,OUT019,1985,Small,Tier 1,Jaipur,447.4176
FDE09,Fruits and Vegetables,Low Fat,,0.037824735,109.7228,OUT019,1985,Small,Tier 1,Jaipur,331.5684
FDE02,Canned,Low Fat,,0.212293753,92.2778,OUT019,1985,Small,Tier 1,Jaipur,469.389
FDA13,Canned,Low Fat,,0.137539574,38.8506,OUT019,1985,Small,Tier 1,Jaipur,37.9506
NCX42,Household,Low Fat,,0.010467749,162.9526,OUT019,1985,Small,Tier 1,Jaipur,822.263
FDP11,Breads,Low Fat,,0.120986139,216.1166,OUT019,1985,Small,Tier 1,Jaipur,435.4332
NCV54,Household,Low Fat,,0.057969482,119.3124,OUT019,1985,Small,Tier 1,Jaipur,474.0496
NCT29,Health and Hygiene,Low Fat,,0.112249603,123.3414,OUT019,1985,Small,Tier 1,Jaipur,243.6828
FDB45,Fruits and Vegetables,Low Fat,,0.037345714,106.5306,OUT019,1985,Small,Tier 1,Jaipur,104.5306
NCT06,Household,Low Fat,,0.067824456,167.7842,OUT019,1985,Small,Tier 1,Jaipur,165.7842
FDB33,Fruits and Vegetables,Low Fat,,0.025527994,157.5262,OUT019,1985,Small,Tier 1,Jaipur,477.3786
NCE30,Household,Low Fat,,0.173574402,214.0902,OUT019,1985,Small,Tier 1,Jaipur,1061.951
NCW29,Health and Hygiene,Low Fat,,0.050535312,130.031,OUT019,1985,Small,Tier 1,Jaipur,129.831
NCP55,Others,Low Fat,,0.019592289,56.9614,OUT019,1985,Small,Tier 1,Jaipur,221.0456
FDX45,Snack Foods,Low Fat,,0.18358896,154.663,OUT019,1985,Small,Tier 1,Jaipur,312.926
DRG01,Soft Drinks,Low Fat,,0.078576075,78.467,OUT019,1985,Small,Tier 1,Jaipur,229.701
FDL15,Meat,Low Fat,,0.081651443,152.5682,OUT019,1985,Small,Tier 1,Jaipur,152.4682
FDS23,Breads,Low Fat,,0.246678647,129.7994,OUT019,1985,Small,Tier 1,Jaipur,385.4982
FDK33,Snack Foods,Low Fat,,0.019671473,214.756,OUT019,1985,Small,Tier 1,Jaipur,213.056
NCB18,Household,Low Fat,,0.072295507,89.7514,OUT019,1985,Small,Tier 1,Jaipur,88.5514
FDN57,Snack Foods,Low Fat,,0.094957079,143.5154,OUT019,1985,Small,Tier 1,Jaipur,567.2616
FDP27,Meat,Low Fat,,0.20914265,190.953,OUT019,1985,Small,Tier 1,Jaipur,379.506
NCA05,Health and Hygiene,Low Fat,,0.044000492,148.2734,OUT019,1985,Small,Tier 1,Jaipur,296.9468
NCL07,Others,Low Fat,,0.05486977,40.548,OUT019,1985,Small,Tier 1,Jaipur,39.948
FDD04,Dairy,Low Fat,,0.157528118,142.9154,OUT019,1985,Small,Tier 1,Jaipur,141.8154
NCG43,Household,Low Fat,,0.129983688,93.0462,OUT019,1985,Small,Tier 1,Jaipur,185.0924
NCQ29,Health and Hygiene,Low Fat,,0.182493512,258.8278,OUT019,1985,Small,Tier 1,Jaipur,1041.3112
FDA36,Baking Goods,Low Fat,,0.009921107,183.6924,OUT019,1985,Small,Tier 1,Jaipur,555.2772
FDQ14,Dairy,Low Fat,,0.10818157,149.605,OUT019,1985,Small,Tier 1,Jaipur,449.415
NCM26,Others,Low Fat,,0.040520754,153.934,OUT019,1985,Small,Tier 1,Jaipur,153.134
FDC48,Baking Goods,Low Fat,,0.027767577,82.1592,OUT019,1985,Small,Tier 1,Jaipur,412.796
FDS55,Fruits and Vegetables,Low Fat,,0.142107998,150.3734,OUT019,1985,Small,Tier 1,Jaipur,296.9468
FDW47,Breads,Low Fat,,0.081197035,121.7414,OUT019,1985,Small,Tier 1,Jaipur,365.5242
FDF46,Snack Foods,Low Fat,,0.164006137,113.2834,OUT019,1985,Small,Tier 1,Jaipur,575.917
DRH36,Soft Drinks,Low Fat,,0.058444176,73.0696,OUT019,1985,Small,Tier 1,Jaipur,223.7088
FDI32,Fruits and Vegetables,Low Fat,,0.305305397,116.6834,OUT019,1985,Small,Tier 1,Jaipur,460.7336
FDE46,Snack Foods,Low Fat,,0.027610698,149.5366,OUT019,1985,Small,Tier 1,Jaipur,604.5464
FDT46,Snack Foods,Low Fat,,0.053939315,52.1008,OUT019,1985,Small,Tier 1,Jaipur,50.6008
FDZ38,Dairy,Low Fat,,0.014008751,171.3422,OUT019,1985,Small,Tier 1,Jaipur,862.211
DRI03,Dairy,Low Fat,,0.039751236,176.9028,OUT019,1985,Small,Tier 1,Jaipur,708.4112
FDT13,Canned,Low Fat,,0.032516546,188.8214,OUT019,1985,Small,Tier 1,Jaipur,753.6856
FDT60,Baking Goods,Low Fat,,0.132275338,123.8388,OUT019,1985,Small,Tier 1,Jaipur,123.8388
NCU06,Household,Low Fat,,0.13027716,228.001,OUT019,1985,Small,Tier 1,Jaipur,1148.505
NCU18,Household,Low Fat,,0.097768728,142.4496,OUT019,1985,Small,Tier 1,Jaipur,564.5984
FDP34,Snack Foods,Low Fat,,0.240268248,156.463,OUT019,1985,Small,Tier 1,Jaipur,312.926
DRO59,Hard Drinks,Low Fat,,0.094817105,77.9012,OUT019,1985,Small,Tier 1,Jaipur,75.9012
NCM54,Household,Low Fat,,0.08918772,128.9678,OUT019,1985,Small,Tier 1,Jaipur,254.3356
FDB39,Dairy,Low Fat,,0.067441726,57.4272,OUT019,1985,Small,Tier 1,Jaipur,111.8544
NCE54,Household,Low Fat,,0.047098175,75.5354,OUT019,1985,Small,Tier 1,Jaipur,150.4708
NCA53,Health and Hygiene,Low Fat,,0.017295906,47.1034,OUT019,1985,Small,Tier 1,Jaipur,145.8102
FDN15,Meat,Low Fat,,0.029299175,140.318,OUT019,1985,Small,Tier 1,Jaipur,139.818
FDD51,Dairy,Low Fat,,0.210021713,44.2744,OUT019,1985,Small,Tier 1,Jaipur,90.5488
NCN19,Others,Low Fat,,0.021184746,189.553,OUT019,1985,Small,Tier 1,Jaipur,379.506
NCK17,Health and Hygiene,Low Fat,,0.0,40.348,OUT019,1985,Small,Tier 1,Jaipur,79.896
FDJ45,Seafood,Low Fat,,0.128532558,34.2216,OUT019,1985,Small,Tier 1,Jaipur,173.108
FDU52,Frozen Foods,Low Fat,,0.111654545,157.063,OUT019,1985,Small,Tier 1,Jaipur,312.926
FDD58,Snack Foods,Low Fat,,0.103918113,100.67,OUT019,1985,Small,Tier 1,Jaipur,399.48
NCG30,Household,Low Fat,,0.196659953,125.8046,OUT019,1985,Small,Tier 1,Jaipur,249.0092
FDI22,Snack Foods,Low Fat,,0.168455549,211.0612,OUT019,1985,Small,Tier 1,Jaipur,418.1224
NCB30,Household,Low Fat,,0.045002624,196.5084,OUT019,1985,Small,Tier 1,Jaipur,198.4084
FDV47,Breads,Low Fat,,0.094910421,84.5566,OUT019,1985,Small,Tier 1,Jaipur,253.6698
FDP26,Dairy,Low Fat,,0.244338986,105.9306,OUT019,1985,Small,Tier 1,Jaipur,209.0612
FDU07,Fruits and Vegetables,Low Fat,,0.104784329,150.4366,OUT019,1985,Small,Tier 1,Jaipur,151.1366
FDP09,Snack Foods,Low Fat,,0.059336763,212.1902,OUT019,1985,Small,Tier 1,Jaipur,424.7804
NCM43,Others,Low Fat,,0.03409886,162.621,OUT019,1985,Small,Tier 1,Jaipur,815.605
NCZ54,Household,Low Fat,,0.145951533,160.9552,OUT019,1985,Small,Tier 1,Jaipur,162.4552
FDQ10,Snack Foods,Low Fat,,0.058092551,172.0422,OUT019,1985,Small,Tier 1,Jaipur,517.3266
FDH12,Baking Goods,Low Fat,,0.148742896,107.128,OUT019,1985,Small,Tier 1,Jaipur,319.584
FDP33,Snack Foods,Low Fat,,0.156304192,256.3672,OUT019,1985,Small,Tier 1,Jaipur,255.6672
FDY32,Fruits and Vegetables,Low Fat,,0.226284381,163.221,OUT019,1985,Small,Tier 1,Jaipur,326.242
FDX55,Fruits and Vegetables,Low Fat,,0.096658404,216.9166,OUT019,1985,Small,Tier 1,Jaipur,217.7166
NCU29,Health and Hygiene,Low Fat,,0.044607722,145.976,OUT019,1985,Small,Tier 1,Jaipur,585.904
FDV39,Meat,Low Fat,,0.0,196.8426,OUT019,1985,Small,Tier 1,Jaipur,593.2278
NCP50,Others,Low Fat,,0.035997636,78.6618,OUT019,1985,Small,Tier 1,Jaipur,80.5618
NCR38,Household,Low Fat,,0.19875618,250.7724,OUT019,1985,Small,Tier 1,Jaipur,251.6724
NCN41,Health and Hygiene,Low Fat,,0.091411749,121.373,OUT019,1985,Small,Tier 1,Jaipur,369.519
NCT53,Health and Hygiene,Low Fat,,0.084245356,164.6526,OUT019,1985,Small,Tier 1,Jaipur,657.8104
FDV25,Canned,Low Fat,,0.079931185,219.7456,OUT019,1985,Small,Tier 1,Jaipur,884.1824
FDC32,Fruits and Vegetables,Low Fat,,0.173527068,92.0462,OUT019,1985,Small,Tier 1,Jaipur,277.6386
FDR33,Snack Foods,Low Fat,,0.04690397,110.657,OUT019,1985,Small,Tier 1,Jaipur,659.142
DRF37,Soft Drinks,Low Fat,,0.0,261.291,OUT019,1985,Small,Tier 1,Jaipur,788.973
NCO55,Others,Low Fat,,0.159394437,105.6938,OUT019,1985,Small,Tier 1,Jaipur,214.3876
FDO57,Snack Foods,Low Fat,,0.19033746,159.4578,OUT019,1985,Small,Tier 1,Jaipur,160.4578
FDZ22,Snack Foods,Low Fat,,0.079261744,81.825,OUT019,1985,Small,Tier 1,Jaipur,83.225
NCM07,Others,Low Fat,,0.069968018,83.9908,OUT019,1985,Small,Tier 1,Jaipur,167.7816
FDZ27,Dairy,Low Fat,,0.0,51.235,OUT019,1985,Small,Tier 1,Jaipur,49.935
FDI20,Fruits and Vegetables,Low Fat,,0.067520165,211.3586,OUT019,1985,Small,Tier 1,Jaipur,422.1172
DRD27,Dairy,Low Fat,,0.041740624,98.3042,OUT019,1985,Small,Tier 1,Jaipur,198.4084
DRF01,Soft Drinks,Low Fat,,0.306542848,147.3102,OUT019,1985,Small,Tier 1,Jaipur,291.6204
FDS40,Frozen Foods,Low Fat,,0.024546148,34.619,OUT019,1985,Small,Tier 1,Jaipur,36.619
NCD54,Household,Low Fat,,0.050790917,142.7786,OUT019,1985,Small,Tier 1,Jaipur,144.4786
FDN60,Baking Goods,Low Fat,,0.166609517,157.6604,OUT019,1985,Small,Tier 1,Jaipur,316.9208
NCR54,Household,Low Fat,,0.158562708,194.711,OUT019,1985,Small,Tier 1,Jaipur,196.411
DRL60,Soft Drinks,Low Fat,,0.047377447,150.6682,OUT019,1985,Small,Tier 1,Jaipur,457.4046
FDX09,Snack Foods,Low Fat,,0.114243048,174.937,OUT019,1985,Small,Tier 1,Jaipur,176.437
DRF25,Soft Drinks,Low Fat,,0.068153091,36.019,OUT019,1985,Small,Tier 1,Jaipur,73.238
FDF04,Frozen Foods,Low Fat,,0.023876708,258.6304,OUT019,1985,Small,Tier 1,Jaipur,516.6608
FDV38,Dairy,Low Fat,,0.178192864,54.9956,OUT019,1985,Small,Tier 1,Jaipur,109.1912
DRH51,Dairy,Low Fat,,0.170213676,89.5856,OUT019,1985,Small,Tier 1,Jaipur,175.7712
NCM30,Household,Low Fat,,0.117825569,43.2796,OUT019,1985,Small,Tier 1,Jaipur,41.2796
FDP37,Breakfast,Low Fat,,0.250560049,126.9994,OUT019,1985,Small,Tier 1,Jaipur,385.4982
NCZ05,Health and Hygiene,Low Fat,,0.10178199,104.699,OUT019,1985,Small,Tier 1,Jaipur,103.199
NCP43,Others,Low Fat,,0.053413906,181.766,OUT019,1985,Small,Tier 1,Jaipur,179.766
NCV29,Health and Hygiene,Low Fat,,0.039996021,176.7686,OUT019,1985,Small,Tier 1,Jaipur,888.843
FDZ56,Fruits and Vegetables,Low Fat,,0.04506213,167.5474,OUT019,1985,Small,Tier 1,Jaipur,1010.6844
NCP41,Health and Hygiene,Low Fat,,0.028382853,109.4596,OUT019,1985,Small,Tier 1,Jaipur,647.1576
FDH34,Snack Foods,Low Fat,,0.054443762,184.6582,OUT019,1985,Small,Tier 1,Jaipur,185.7582
NCH55,Household,Low Fat,,0.060706749,127.502,OUT019,1985,Small,Tier 1,Jaipur,379.506
FDH38,Canned,Low Fat,,0.018275994,115.2808,OUT019,1985,Small,Tier 1,Jaipur,117.1808
FDW13,Canned,Low Fat,,0.171383506,50.5324,OUT019,1985,Small,Tier 1,Jaipur,207.7296
FDF52,Frozen Foods,Low Fat,,0.116928924,183.3292,OUT019,1985,Small,Tier 1,Jaipur,364.8584
NCN43,Others,Low Fat,,0.011835436,121.373,OUT019,1985,Small,Tier 1,Jaipur,246.346
FDH27,Dairy,Low Fat,,0.102157958,145.0128,OUT019,1985,Small,Tier 1,Jaipur,143.8128
DRL59,Hard Drinks,Low Fat,,0.037160705,54.2298,OUT019,1985,Small,Tier 1,Jaipur,161.7894
NCI30,Household,Low Fat,,0.103188491,244.346,OUT019,1985,Small,Tier 1,Jaipur,246.346
FDX08,Fruits and Vegetables,Low Fat,,0.039576776,179.9318,OUT019,1985,Small,Tier 1,Jaipur,360.8636
FDT37,Canned,Low Fat,,0.061753511,253.3014,OUT019,1985,Small,Tier 1,Jaipur,510.0028
NCV06,Household,Low Fat,,0.116750407,195.2478,OUT019,1985,Small,Tier 1,Jaipur,193.7478
NCX41,Health and Hygiene,Low Fat,,0.031024168,210.5244,OUT019,1985,Small,Tier 1,Jaipur,1482.0708
FDK27,Meat,Low Fat,,0.015664229,122.2756,OUT019,1985,Small,Tier 1,Jaipur,121.1756
NCM05,Health and Hygiene,Low Fat,,0.104784329,266.0226,OUT019,1985,Small,Tier 1,Jaipur,528.6452
NCQ05,Health and Hygiene,Low Fat,,0.037829469,151.0708,OUT019,1985,Small,Tier 1,Jaipur,451.4124
DRH39,Dairy,Low Fat,,0.0,75.967,OUT019,1985,Small,Tier 1,Jaipur,153.134
FDB09,Fruits and Vegetables,Low Fat,,0.100493148,123.1046,OUT019,1985,Small,Tier 1,Jaipur,124.5046
FDX40,Frozen Foods,Low Fat,,0.173324207,39.9164,OUT019,1985,Small,Tier 1,Jaipur,38.6164
FDG02,Canned,Low Fat,,0.019716846,191.9188,OUT019,1985,Small,Tier 1,Jaipur,571.2564
NCH54,Household,Low Fat,,0.127234249,158.392,OUT019,1985,Small,Tier 1,Jaipur,159.792
FDX20,Fruits and Vegetables,Low Fat,,0.074517508,227.372,OUT019,1985,Small,Tier 1,Jaipur,452.744
FDQ58,Snack Foods,Low Fat,,0.0,154.534,OUT019,1985,Small,Tier 1,Jaipur,459.402
FDX07,Fruits and Vegetables,Regular,19.2,0.0,182.095,OUT010,1998,,Tier 3,Jaipur,732.38
FDE51,Dairy,Regular,5.925,0.161466534,45.5086,OUT010,1998,,Tier 3,Jaipur,178.4344
FDB14,Canned,Regular,20.25,0.171938781,92.512,OUT010,1998,,Tier 3,Jaipur,186.424
FDF24,Baking Goods,Regular,15.5,0.042464962,81.5934,OUT010,1998,,Tier 3,Jaipur,327.5736
FDE10,Snack Foods,Regular,6.67,0.150554711,130.0626,OUT010,1998,,Tier 3,Jaipur,131.1626
FDR44,Fruits and Vegetables,Regular,6.11,0.0,131.2968,OUT010,1998,,Tier 3,Jaipur,260.9936
FDP28,Frozen Foods,Regular,13.65,0.134975628,260.0936,OUT010,1998,,Tier 3,Jaipur,260.9936
FDC08,Fruits and Vegetables,Regular,19.0,0.173154079,228.272,OUT010,1998,,Tier 3,Jaipur,452.744
FDZ01,Canned,Regular,8.975,0.01516265,101.899,OUT010,1998,,Tier 3,Jaipur,103.199
FDG20,Fruits and Vegetables,Regular,15.5,0.210375806,178.2028,OUT010,1998,,Tier 3,Jaipur,177.1028
FDX57,Snack Foods,Regular,17.25,0.079113947,99.2068,OUT010,1998,,Tier 3,Jaipur,97.2068
FDE35,Starchy Foods,Regular,7.06,0.073480266,58.8904,OUT010,1998,,Tier 3,Jaipur,58.5904
FDL48,Baking Goods,Regular,19.35,0.137697119,47.1034,OUT010,1998,,Tier 3,Jaipur,145.8102
FDF21,Fruits and Vegetables,Regular,10.3,0.098464979,188.653,OUT010,1998,,Tier 3,Jaipur,189.753
FDO10,Snack Foods,Regular,13.65,0.021343732,58.3588,OUT010,1998,,Tier 3,Jaipur,114.5176
FDZ23,Baking Goods,Regular,17.75,0.112985849,185.424,OUT010,1998,,Tier 3,Jaipur,745.696
FDP01,Breakfast,Regular,20.75,0.105994654,150.5682,OUT010,1998,,Tier 3,Jaipur,762.341
FDM02,Canned,Regular,12.5,0.12341737,86.0198,OUT010,1998,,Tier 3,Jaipur,87.2198
FDO22,Snack Foods,Regular,13.5,0.029893094,81.096,OUT010,1998,,Tier 3,Jaipur,159.792
FDU60,Baking Goods,Regular,20.0,0.100262068,169.6132,OUT010,1998,,Tier 3,Jaipur,169.1132
FDY24,Baking Goods,Regular,4.88,0.223440258,52.2298,OUT010,1998,,Tier 3,Jaipur,161.7894
FDV28,Frozen Foods,Regular,16.1,0.267352587,34.9558,OUT010,1998,,Tier 3,Jaipur,67.9116
FDJ55,Meat,Regular,12.8,0.039385992,224.8404,OUT010,1998,,Tier 3,Jaipur,1575.2828
FDO56,Fruits and Vegetables,Regular,10.195,0.075291577,119.1808,OUT010,1998,,Tier 3,Jaipur,351.5424
FDQ31,Fruits and Vegetables,Regular,5.785,0.0901292,89.8856,OUT010,1998,,Tier 3,Jaipur,175.7712
FDU58,Snack Foods,Regular,6.61,0.04855968,188.4898,OUT010,1998,,Tier 3,Jaipur,187.0898
FDS45,Snack Foods,Regular,5.175,0.04937018,106.7622,OUT010,1998,,Tier 3,Jaipur,211.7244
FDK03,Dairy,Regular,12.6,0.123727659,253.0356,OUT010,1998,,Tier 3,Jaipur,254.3356
FDK08,Fruits and Vegetables,Regular,9.195,0.204713036,101.0016,OUT010,1998,,Tier 3,Jaipur,202.4032
FDW12,Baking Goods,Regular,8.315,0.059540542,143.6444,OUT010,1998,,Tier 3,Jaipur,145.1444
FDE04,Frozen Foods,Regular,19.75,0.030166924,179.766,OUT010,1998,,Tier 3,Jaipur,719.064
FDX27,Dairy,Regular,20.7,0.191008614,92.8436,OUT010,1998,,Tier 3,Jaipur,189.0872
FDH44,Fruits and Vegetables,Regular,19.1,0.043304681,147.5418,OUT010,1998,,Tier 3,Jaipur,294.2836
FDR59,Breads,Regular,14.5,0.106894492,260.4594,OUT010,1998,,Tier 3,Jaipur,1046.6376
FDN08,Fruits and Vegetables,Regular,7.72,0.147904328,116.6466,OUT010,1998,,Tier 3,Jaipur,117.8466
FDA03,Dairy,Regular,18.5,0.076097035,145.8102,OUT010,1998,,Tier 3,Jaipur,291.6204
DRL01,Soft Drinks,Regular,19.5,0.129170642,233.9958,OUT010,1998,,Tier 3,Jaipur,467.3916
FDV60,Baking Goods,Regular,20.2,0.196438668,194.611,OUT010,1998,,Tier 3,Jaipur,392.822
FDY12,Baking Goods,Regular,9.8,0.235354055,50.8008,OUT010,1998,,Tier 3,Jaipur,101.2016
FDP44,Fruits and Vegetables,Regular,16.5,0.133424184,102.2332,OUT010,1998,,Tier 3,Jaipur,102.5332
FDZ26,Dairy,Regular,11.6,0.241055611,238.5222,OUT010,1998,,Tier 3,Jaipur,717.0666
FDJ44,Fruits and Vegetables,Regular,12.3,0.17797002,173.1396,OUT010,1998,,Tier 3,Jaipur,697.7584
FDH53,Frozen Foods,Regular,20.5,0.032136417,83.9592,OUT010,1998,,Tier 3,Jaipur,165.1184
FDB58,Snack Foods,Regular,10.5,0.022590318,140.6154,OUT010,1998,,Tier 3,Jaipur,283.6308
FDE05,Frozen Foods,Regular,10.895,0.05432142,146.2102,OUT010,1998,,Tier 3,Jaipur,437.4306
FDW38,Dairy,Regular,5.325,0.23212188,55.5298,OUT010,1998,,Tier 3,Jaipur,53.9298
FDV37,Canned,Regular,13.0,0.139785104,196.2426,OUT010,1998,,Tier 3,Jaipur,197.7426
FDF26,Canned,Regular,6.825,0.078057026,154.5998,OUT010,1998,,Tier 3,Jaipur,153.7998
FDU15,Meat,Regular,13.65,0.044526443,37.9532,OUT010,1998,,Tier 3,Jaipur,71.9064
FDB41,Frozen Foods,Regular,19.0,0.162882227,46.8718,OUT010,1998,,Tier 3,Jaipur,189.0872
FDD26,Canned,Regular,8.71,0.120773451,186.5924,OUT010,1998,,Tier 3,Jaipur,555.2772
FDT32,Fruits and Vegetables,Regular,19.0,0.10985775,188.8214,OUT010,1998,,Tier 3,Jaipur,188.4214
DRB13,Soft Drinks,Regular,6.115,0.01179078,189.053,OUT010,1998,,Tier 3,Jaipur,948.765
FDX51,Meat,Regular,9.5,0.036921781,194.2452,OUT010,1998,,Tier 3,Jaipur,782.9808
FDV22,Snack Foods,Regular,14.85,0.016635488,157.563,OUT010,1998,,Tier 3,Jaipur,312.926
FDD56,Fruits and Vegetables,Regular,15.2,0.173703549,175.8054,OUT010,1998,,Tier 3,Jaipur,1050.6324
FDU46,Snack Foods,Regular,10.3,0.018623146,87.854,OUT010,1998,,Tier 3,Jaipur,259.662
FDZ03,Dairy,Regular,13.65,0.13187274,188.024,OUT010,1998,,Tier 3,Jaipur,745.696
FDY47,Breads,Regular,8.6,0.091195818,130.231,OUT010,1998,,Tier 3,Jaipur,129.831
FDG33,Seafood,Regular,5.365,0.234733477,173.4764,OUT010,1998,,Tier 3,Jaipur,171.7764
FDQ40,Frozen Foods,Regular,11.1,0.060302689,175.8712,OUT010,1998,,Tier 3,Jaipur,175.7712
FDJ57,Seafood,Regular,7.42,0.036109859,186.5582,OUT010,1998,,Tier 3,Jaipur,185.7582
FDX48,Baking Goods,Regular,17.75,0.063416566,154.6656,OUT010,1998,,Tier 3,Jaipur,308.9312
FDG58,Snack Foods,Regular,10.695,0.145253944,156.8972,OUT010,1998,,Tier 3,Jaipur,467.3916
DRB48,Soft Drinks,Regular,16.75,0.041599644,40.9822,OUT010,1998,,Tier 3,Jaipur,157.1288
FDR27,Meat,Regular,15.1,0.160852421,131.3942,OUT010,1998,,Tier 3,Jaipur,397.4826
FDY60,Baking Goods,Regular,10.5,0.044139551,143.9128,OUT010,1998,,Tier 3,Jaipur,143.8128
FDW51,Meat,Regular,6.155,0.158441218,213.756,OUT010,1998,,Tier 3,Jaipur,852.224
FDV34,Snack Foods,Regular,10.695,0.019123874,73.0038,OUT010,1998,,Tier 3,Jaipur,147.8076
FDR52,Frozen Foods,Regular,12.65,0.127283051,191.7846,OUT010,1998,,Tier 3,Jaipur,382.1692
FDW40,Frozen Foods,Regular,14.0,0.175991929,140.7812,OUT010,1998,,Tier 3,Jaipur,142.4812
FDR36,Baking Goods,Regular,6.715,0.203510667,41.0454,OUT010,1998,,Tier 3,Jaipur,251.6724
FDY40,Frozen Foods,Regular,15.5,0.143670179,48.4692,OUT010,1998,,Tier 3,Jaipur,49.2692
FDU26,Dairy,Regular,16.7,0.071335395,120.3782,OUT010,1998,,Tier 3,Jaipur,119.1782
FDV48,Baking Goods,Regular,9.195,0.086396038,79.0644,OUT010,1998,,Tier 3,Jaipur,157.1288
FDP59,Breads,Regular,20.85,0.094512029,104.5648,OUT010,1998,,Tier 3,Jaipur,207.7296
FDT10,Snack Foods,Regular,16.7,0.103849783,58.8562,OUT010,1998,,Tier 3,Jaipur,59.2562
FDX38,Dairy,Regular,10.5,0.080688663,46.7376,OUT010,1998,,Tier 3,Jaipur,47.9376
FDO19,Fruits and Vegetables,Regular,17.7,0.027779381,50.1034,OUT010,1998,,Tier 3,Jaipur,97.2068
FDQ45,Snack Foods,Regular,9.5,0.0,182.3608,OUT010,1998,,Tier 3,Jaipur,1102.5648
FDC60,Baking Goods,Regular,5.425,0.191603334,87.0514,OUT010,1998,,Tier 3,Jaipur,88.5514
FDG34,Snack Foods,Regular,11.5,0.062885197,106.7254,OUT010,1998,,Tier 3,Jaipur,542.627
FDD38,Canned,Regular,16.75,0.013711274,100.2674,OUT010,1998,,Tier 3,Jaipur,203.7348
FDY35,Breads,Regular,17.6,0.026827052,47.8402,OUT010,1998,,Tier 3,Jaipur,91.8804
FDP03,Meat,Regular,5.15,0.10239789,122.1388,OUT010,1998,,Tier 3,Jaipur,495.3552
FDG09,Fruits and Vegetables,Regular,20.6,0.080235512,188.9556,OUT010,1998,,Tier 3,Jaipur,563.2668
FDV11,Breads,Regular,9.1,0.136695145,173.4054,OUT010,1998,,Tier 3,Jaipur,875.527
FDM25,Breakfast,Regular,10.695,0.10154201,173.7712,OUT010,1998,,Tier 3,Jaipur,175.7712
FDA07,Fruits and Vegetables,Regular,7.55,0.051794958,122.6072,OUT010,1998,,Tier 3,Jaipur,122.5072
FDX31,Fruits and Vegetables,Regular,20.35,0.024815024,234.0958,OUT010,1998,,Tier 3,Jaipur,467.3916
FDY56,Fruits and Vegetables,Regular,16.35,0.104463896,227.1062,OUT010,1998,,Tier 3,Jaipur,225.7062
FDM51,Meat,Regular,11.8,0.0,102.4674,OUT010,1998,,Tier 3,Jaipur,203.7348
DRA24,Soft Drinks,Regular,19.35,0.066831682,163.8868,OUT010,1998,,Tier 3,Jaipur,327.5736
FDT12,Baking Goods,Regular,6.215,0.083056555,224.4062,OUT010,1998,,Tier 3,Jaipur,225.7062
FDU33,Snack Foods,Regular,7.63,0.225476528,45.1402,OUT010,1998,,Tier 3,Jaipur,45.9402
FDL13,Breakfast,Regular,13.85,0.094265737,233.93,OUT010,1998,,Tier 3,Jaipur,233.03
FDN39,Meat,Regular,19.35,0.109667698,166.0816,OUT010,1998,,Tier 3,Jaipur,671.1264
FDT15,Meat,Regular,12.15,0.071440118,182.295,OUT010,1998,,Tier 3,Jaipur,549.285
FDC14,Canned,Regular,14.5,0.06904249,41.4454,OUT010,1998,,Tier 3,Jaipur,41.9454
FDW44,Fruits and Vegetables,Regular,9.5,0.058835928,170.2448,OUT010,1998,,Tier 3,Jaipur,170.4448
FDY39,Meat,Regular,5.305,0.07871639,183.5608,OUT010,1998,,Tier 3,Jaipur,551.2824
FDZ07,Fruits and Vegetables,Regular,15.1,0.157154813,62.2194,OUT010,1998,,Tier 3,Jaipur,185.7582
FDN49,Breakfast,Regular,17.25,0.209600084,40.348,OUT010,1998,,Tier 3,Jaipur,39.948
FDZ02,Dairy,Regular,6.905,0.063850971,97.2726,OUT010,1998,,Tier 3,Jaipur,195.7452
FDG38,Canned,Regular,8.975,0.088257771,84.1224,OUT010,1998,,Tier 3,Jaipur,170.4448
FDS04,Frozen Foods,Regular,10.195,0.245483691,141.8838,OUT010,1998,,Tier 3,Jaipur,280.9676
FDS19,Fruits and Vegetables,Regular,13.8,0.107469819,77.8012,OUT010,1998,,Tier 3,Jaipur,227.7036
FDV20,Fruits and Vegetables,Regular,20.2,0.100095288,125.2678,OUT010,1998,,Tier 3,Jaipur,127.1678
FDZ16,Frozen Foods,Regular,16.85,0.267565911,194.1478,OUT010,1998,,Tier 3,Jaipur,1162.4868
FDU12,Baking Goods,Regular,15.5,0.126791761,262.1568,OUT010,1998,,Tier 3,Jaipur,527.3136
FDH56,Fruits and Vegetables,Regular,9.8,0.106816919,114.2492,OUT010,1998,,Tier 3,Jaipur,463.3968
FDQ51,Meat,Regular,16.0,0.029377239,46.1718,OUT010,1998,,Tier 3,Jaipur,94.5436
FDC09,Fruits and Vegetables,Regular,15.5,0.044024163,102.0332,OUT010,1998,,Tier 3,Jaipur,102.5332
FDT56,Fruits and Vegetables,Regular,16.0,0.193477995,55.9246,OUT010,1998,,Tier 3,Jaipur,405.4722
FDZ28,Frozen Foods,Regular,20.0,0.086187886,125.4678,OUT010,1998,,Tier 3,Jaipur,127.1678
FDO11,Breads,Regular,8.0,0.050657232,249.9092,OUT010,1998,,Tier 3,Jaipur,249.0092
FDQ15,Meat,Regular,20.35,0.252865979,82.7276,OUT010,1998,,Tier 3,Jaipur,162.4552
FDY03,Meat,Regular,17.6,0.127412338,111.3202,OUT010,1998,,Tier 3,Jaipur,337.5606
FDJ36,Baking Goods,Regular,14.5,0.214681063,102.7332,OUT010,1998,,Tier 3,Jaipur,205.0664
FDH40,Frozen Foods,Regular,11.6,0.132111921,82.2276,OUT010,1998,,Tier 3,Jaipur,243.6828
FDY02,Dairy,Regular,8.945,0.146701312,262.291,OUT010,1998,,Tier 3,Jaipur,1314.955
FDU27,Meat,Regular,18.6,0.28701714,48.8376,OUT010,1998,,Tier 3,Jaipur,47.9376
FDH47,Starchy Foods,Regular,13.5,0.21561193,98.6068,OUT010,1998,,Tier 3,Jaipur,97.2068
FDS59,Breads,Regular,14.8,0.073468631,110.857,OUT010,1998,,Tier 3,Jaipur,329.571
FDR37,Breakfast,Regular,16.5,0.110888167,181.6292,OUT010,1998,,Tier 3,Jaipur,1094.5752
FDN03,Meat,Regular,9.8,0.025257508,248.5408,OUT010,1998,,Tier 3,Jaipur,751.0224
FDM09,Snack Foods,Regular,11.15,0.143831787,169.979,OUT010,1998,,Tier 3,Jaipur,169.779
FDY08,Fruits and Vegetables,Regular,9.395,0.286344848,139.1838,OUT010,1998,,Tier 3,Jaipur,280.9676
FDY26,Dairy,Regular,20.6,0.051068365,213.0244,OUT010,1998,,Tier 3,Jaipur,423.4488
FDV04,Frozen Foods,Regular,7.825,0.251094747,156.6288,OUT010,1998,,Tier 3,Jaipur,628.5152
FDW19,Fruits and Vegetables,Regular,12.35,0.064441812,110.957,OUT010,1998,,Tier 3,Jaipur,219.714
FDE11,Starchy Foods,Regular,17.7,0.226122963,185.7924,OUT010,1998,,Tier 3,Jaipur,370.1848
FDD47,Starchy Foods,Regular,7.6,0.238366442,171.8448,OUT010,1998,,Tier 3,Jaipur,852.224
FDX39,Meat,Regular,14.3,0.083147702,210.1586,OUT010,1998,,Tier 3,Jaipur,422.1172
FDZ51,Meat,Regular,11.3,0.091310237,96.9094,OUT010,1998,,Tier 3,Jaipur,190.4188
FDF34,Snack Foods,Regular,9.3,0.02346559,197.6084,OUT010,1998,,Tier 3,Jaipur,595.2252
FDJ20,Fruits and Vegetables,Regular,20.7,0.16767231,124.2388,OUT010,1998,,Tier 3,Jaipur,247.6776
FDC21,Fruits and Vegetables,Regular,14.6,0.071904258,106.8254,OUT010,1998,,Tier 3,Jaipur,108.5254
FDW55,Fruits and Vegetables,Regular,12.6,0.036773101,250.3092,OUT010,1998,,Tier 3,Jaipur,249.0092
FDT11,Breads,Regular,5.94,0.049163321,186.4556,OUT010,1998,,Tier 3,Jaipur,563.2668
FDS32,Fruits and Vegetables,Regular,17.75,0.049634572,140.2838,OUT010,1998,,Tier 3,Jaipur,280.9676
FDX32,Fruits and Vegetables,Regular,15.1,0.0,146.2786,OUT010,1998,,Tier 3,Jaipur,433.4358
FDW07,Fruits and Vegetables,Regular,18.0,0.238831875,88.2514,OUT010,1998,,Tier 3,Jaipur,88.5514
FDE17,Frozen Foods,Regular,20.1,0.0,152.2366,OUT010,1998,,Tier 3,Jaipur,151.1366
FDE33,Fruits and Vegetables,Regular,19.35,0.083079826,80.3644,OUT010,1998,,Tier 3,Jaipur,157.1288
FDJ58,Snack Foods,Regular,15.6,0.176244038,173.6764,OUT010,1998,,Tier 3,Jaipur,515.3292
FDX12,Baking Goods,Regular,18.2,0.043626605,241.4196,OUT010,1998,,Tier 3,Jaipur,482.0392
FDF08,Fruits and Vegetables,Regular,14.3,0.109144085,88.2856,OUT010,1998,,Tier 3,Jaipur,175.7712
FDM58,Snack Foods,Regular,16.85,0.133385398,109.8544,OUT010,1998,,Tier 3,Jaipur,223.7088
FDL32,Fruits and Vegetables,Regular,15.7,0.204984538,111.0544,OUT010,1998,,Tier 3,Jaipur,223.7088
FDS15,Meat,Regular,9.195,0.130657442,106.4596,OUT010,1998,,Tier 3,Jaipur,215.7192
FDV01,Canned,Regular,19.2,0.142189843,153.8314,OUT010,1998,,Tier 3,Jaipur,155.1314
FDE28,Frozen Foods,Regular,9.5,0.221856492,231.8668,OUT010,1998,,Tier 3,Jaipur,230.3668
FDA01,Canned,Regular,15.0,0.091018048,60.2904,OUT010,1998,,Tier 3,Jaipur,117.1808
FDZ08,Fruits and Vegetables,Regular,12.5,0.0,80.8592,OUT010,1998,,Tier 3,Jaipur,82.5592
FDR22,Snack Foods,Regular,19.35,0.031069993,112.0544,OUT010,1998,,Tier 3,Jaipur,223.7088
FDT51,Meat,Regular,11.65,0.018275816,110.8544,OUT010,1998,,Tier 3,Jaipur,111.8544
FDQ25,Canned,Regular,8.63,0.047329385,174.1422,OUT010,1998,,Tier 3,Jaipur,517.3266
FDT24,Baking Goods,Regular,12.35,0.311090379,79.2328,OUT010,1998,,Tier 3,Jaipur,154.4656
FDL38,Canned,Regular,13.8,0.024660202,87.4172,OUT010,1998,,Tier 3,Jaipur,178.4344
FDZ21,Snack Foods,Regular,17.6,0.065649353,94.841,OUT010,1998,,Tier 3,Jaipur,193.082
FDQ47,Breads,Regular,7.155,0.281509514,33.8874,OUT010,1998,,Tier 3,Jaipur,35.2874
FDI21,Snack Foods,Regular,5.59,0.094741514,63.1168,OUT010,1998,,Tier 3,Jaipur,191.7504
FDU47,Breads,Regular,12.8,0.190569038,138.7838,OUT010,1998,,Tier 3,Jaipur,280.9676
FDG46,Snack Foods,Regular,8.63,0.055084019,114.7518,OUT010,1998,,Tier 3,Jaipur,455.4072
FDB40,Dairy,Regular,17.5,0.012620221,144.8102,OUT010,1998,,Tier 3,Jaipur,291.6204
FDS56,Fruits and Vegetables,Regular,5.785,0.064871045,262.1252,OUT010,1998,,Tier 3,Jaipur,786.9756
FDH14,Canned,Regular,17.1,0.078347922,141.8838,OUT010,1998,,Tier 3,Jaipur,280.9676
FDX03,Meat,Regular,15.85,0.102262138,47.1744,OUT010,1998,,Tier 3,Jaipur,90.5488
FDM08,Fruits and Vegetables,Regular,10.1,0.089688978,225.5088,OUT010,1998,,Tier 3,Jaipur,1342.2528
FDD10,Snack Foods,Regular,20.6,0.077029195,177.2344,OUT010,1998,,Tier 3,Jaipur,892.172
FDG10,Snack Foods,Regular,6.63,0.018310142,57.7588,OUT010,1998,,Tier 3,Jaipur,57.2588
FDA28,Frozen Foods,Regular,16.1,0.080010553,124.2362,OUT010,1998,,Tier 3,Jaipur,377.5086
FDL58,Snack Foods,Regular,5.78,0.124110349,262.3568,OUT010,1998,,Tier 3,Jaipur,790.9704
FDW09,Snack Foods,Regular,13.65,0.043386131,80.2302,OUT010,1998,,Tier 3,Jaipur,79.2302
FDW32,Fruits and Vegetables,Regular,18.35,0.15783357,87.5882,OUT010,1998,,Tier 3,Jaipur,171.7764
FDW26,Dairy,Regular,11.8,0.179191782,224.2772,OUT010,1998,,Tier 3,Jaipur,667.1316
FDJ03,Dairy,Regular,12.35,0.121174241,47.8692,OUT010,1998,,Tier 3,Jaipur,49.2692
FDI38,Canned,Regular,13.35,0.024482433,205.7638,OUT010,1998,,Tier 3,Jaipur,621.1914
FDI60,Baking Goods,Regular,7.22,0.064141866,61.251,OUT010,1998,,Tier 3,Jaipur,126.502
FDB49,Baking Goods,Regular,8.3,0.05046718,97.6384,OUT010,1998,,Tier 3,Jaipur,197.0768
FDU57,Snack Foods,Regular,8.27,0.149895348,152.0708,OUT010,1998,,Tier 3,Jaipur,451.4124
FDQ08,Fruits and Vegetables,Regular,15.7,0.031685529,63.1536,OUT010,1998,,Tier 3,Jaipur,122.5072
FDO08,Fruits and Vegetables,Regular,11.1,0.090008963,164.0526,OUT010,1998,,Tier 3,Jaipur,164.4526
DRA59,Soft Drinks,Regular,8.27,0.214125129,183.9924,OUT010,1998,,Tier 3,Jaipur,185.0924
FDI16,Frozen Foods,Regular,14.0,0.227260689,54.364,OUT010,1998,,Tier 3,Jaipur,159.792
FDR20,Fruits and Vegetables,Regular,20.0,0.0,46.4744,OUT010,1998,,Tier 3,Jaipur,45.2744
FDM39,Dairy,Low Fat,6.42,0.089498926,178.1002,OUT010,1998,,Tier 3,Jaipur,358.2004
FDC46,Snack Foods,Low Fat,17.7,0.195068226,185.4266,OUT010,1998,,Tier 3,Jaipur,184.4266
FDR47,Breads,Low Fat,17.85,0.0,196.5794,OUT010,1998,,Tier 3,Jaipur,585.2382
FDX26,Dairy,Low Fat,17.7,0.146973462,184.1292,OUT010,1998,,Tier 3,Jaipur,547.2876
FDL52,Frozen Foods,Regular,6.635,0.077145553,39.8506,OUT010,1998,,Tier 3,Jaipur,75.9012
FDL14,Canned,Regular,8.115,0.05382735,155.2972,OUT010,1998,,Tier 3,Jaipur,311.5944
NCJ18,Household,Low Fat,12.35,0.274405193,117.1124,OUT010,1998,,Tier 3,Jaipur,355.5372
FDM12,Baking Goods,Regular,16.7,0.117026714,189.2214,OUT010,1998,,Tier 3,Jaipur,188.4214
FDT39,Meat,Regular,6.26,0.016516867,151.1366,OUT010,1998,,Tier 3,Jaipur,453.4098
FDA50,Dairy,Low Fat,16.25,0.145913308,95.441,OUT010,1998,,Tier 3,Jaipur,193.082
DRL60,Soft Drinks,Low Fat,8.52,0.045291822,153.5682,OUT010,1998,,Tier 3,Jaipur,457.4046
FDF58,Snack Foods,Low Fat,13.3,0.0,62.151,OUT010,1998,,Tier 3,Jaipur,63.251
NCE06,Household,Low Fat,5.825,0.153127523,162.4894,OUT010,1998,,Tier 3,Jaipur,323.5788
NCX53,Health and Hygiene,Low Fat,20.1,0.025002878,140.4154,OUT010,1998,,Tier 3,Jaipur,567.2616
FDT34,Snack Foods,Low Fat,9.3,0.291826616,107.1964,OUT010,1998,,Tier 3,Jaipur,420.7856
NCN26,Household,Low Fat,10.85,0.048004263,117.5808,OUT010,1998,,Tier 3,Jaipur,351.5424
NCQ30,Household,Low Fat,7.725,0.048661041,123.7414,OUT010,1998,,Tier 3,Jaipur,121.8414
FDS21,Snack Foods,Regular,19.85,0.034942397,61.9194,OUT010,1998,,Tier 3,Jaipur,123.8388
DRD37,Soft Drinks,Low Fat,9.8,0.02316823,47.506,OUT010,1998,,Tier 3,Jaipur,186.424
FDH21,Seafood,Low Fat,10.395,0.05226427,158.4604,OUT010,1998,,Tier 3,Jaipur,158.4604
FDP19,Fruits and Vegetables,Low Fat,11.5,0.290430317,130.6652,OUT010,1998,,Tier 3,Jaipur,258.3304
NCL53,Health and Hygiene,Low Fat,7.5,0.060649825,177.4028,OUT010,1998,,Tier 3,Jaipur,354.2056
FDX58,Snack Foods,Low Fat,13.15,0.073251428,181.695,OUT010,1998,,Tier 3,Jaipur,549.285
FDF56,Fruits and Vegetables,Regular,16.7,0.199955274,182.3976,OUT010,1998,,Tier 3,Jaipur,724.3904
NCA29,Household,Low Fat,10.5,0.045655118,169.8106,OUT010,1998,,Tier 3,Jaipur,171.1106
FDX43,Fruits and Vegetables,Low Fat,5.655,0.142732848,167.95,OUT010,1998,,Tier 3,Jaipur,166.45
FDE59,Starchy Foods,Low Fat,12.15,0.104257037,34.0532,OUT010,1998,,Tier 3,Jaipur,179.766
FDZ59,Baking Goods,Regular,6.63,0.174110803,166.85,OUT010,1998,,Tier 3,Jaipur,499.35
FDQ19,Fruits and Vegetables,Regular,7.35,0.024044279,241.0512,OUT010,1998,,Tier 3,Jaipur,242.3512
NCC31,Household,Low Fat,8.02,0.033259081,154.2972,OUT010,1998,,Tier 3,Jaipur,1090.5804
FDW28,Frozen Foods,Low Fat,18.25,0.148673586,197.2452,OUT010,1998,,Tier 3,Jaipur,195.7452
FDC59,Starchy Foods,Regular,16.7,0.091437584,64.3168,OUT010,1998,,Tier 3,Jaipur,127.8336
DRK37,Soft Drinks,Low Fat,5.0,0.0,190.453,OUT010,1998,,Tier 3,Jaipur,379.506
NCC54,Health and Hygiene,Low Fat,17.75,0.163548055,239.3196,OUT010,1998,,Tier 3,Jaipur,723.0588
DRH59,Hard Drinks,Low Fat,10.8,0.097805615,73.938,OUT010,1998,,Tier 3,Jaipur,73.238
FDV38,Dairy,Low Fat,19.25,0.170348551,55.7956,OUT010,1998,,Tier 3,Jaipur,163.7868
FDW20,Fruits and Vegetables,Low Fat,20.75,0.040421193,122.173,OUT010,1998,,Tier 3,Jaipur,369.519
FDS52,Frozen Foods,Low Fat,8.89,0.009163216,101.7016,OUT010,1998,,Tier 3,Jaipur,101.2016
NCN07,Others,Low Fat,18.5,0.056816465,132.1284,OUT010,1998,,Tier 3,Jaipur,263.6568
FDI32,Fruits and Vegetables,Low Fat,17.7,0.291865402,115.1834,OUT010,1998,,Tier 3,Jaipur,345.5502
NCU05,Health and Hygiene,Low Fat,11.8,0.098312421,81.4618,OUT010,1998,,Tier 3,Jaipur,161.1236
FDX40,Frozen Foods,Low Fat,12.85,0.165694219,39.7164,OUT010,1998,,Tier 3,Jaipur,231.6984
NCZ54,Household,Low Fat,14.65,0.0,161.5552,OUT010,1998,,Tier 3,Jaipur,324.9104
FDK21,Snack Foods,Low Fat,7.905,0.016758569,250.4408,OUT010,1998,,Tier 3,Jaipur,500.6816
FDE08,Fruits and Vegetables,Low Fat,18.2,0.082551042,147.3734,OUT010,1998,,Tier 3,Jaipur,296.9468
NCK19,Others,Low Fat,9.8,0.151420934,194.3478,OUT010,1998,,Tier 3,Jaipur,387.4956
FDT57,Snack Foods,Low Fat,15.2,0.031860325,235.1248,OUT010,1998,,Tier 3,Jaipur,474.0496
NCZ42,Household,Low Fat,10.5,0.0,238.3248,OUT010,1998,,Tier 3,Jaipur,711.0744
FDR04,Frozen Foods,Low Fat,7.075,0.03777249,98.0068,OUT010,1998,,Tier 3,Jaipur,291.6204
FDV51,Meat,Low Fat,16.35,0.054463442,163.8842,OUT010,1998,,Tier 3,Jaipur,165.7842
FDC02,Canned,Low Fat,21.35,0.115194717,258.3278,OUT010,1998,,Tier 3,Jaipur,520.6556
FDN09,Snack Foods,Low Fat,14.15,0.05837308,243.9828,OUT010,1998,,Tier 3,Jaipur,731.0484
FDB15,Dairy,Low Fat,10.895,0.228993134,263.4568,OUT010,1998,,Tier 3,Jaipur,527.3136
FDQ37,Breakfast,Low Fat,20.75,0.149404057,192.8478,OUT010,1998,,Tier 3,Jaipur,774.9912
FDC15,Dairy,Low Fat,18.1,0.297883712,156.7288,OUT010,1998,,Tier 3,Jaipur,314.2576
NCD19,Household,Low Fat,8.93,0.022059594,56.0614,OUT010,1998,,Tier 3,Jaipur,276.307
NCM55,Others,Low Fat,15.6,0.111685868,184.7924,OUT010,1998,,Tier 3,Jaipur,370.1848
FDR49,Canned,Low Fat,8.71,0.233039817,49.5376,OUT010,1998,,Tier 3,Jaipur,95.8752
FDA44,Fruits and Vegetables,Low Fat,19.7,0.089083914,54.593,OUT010,1998,,Tier 3,Jaipur,56.593
FDD29,Frozen Foods,Low Fat,12.15,0.030815427,252.0698,OUT010,1998,,Tier 3,Jaipur,1014.6792
DRF03,Dairy,Low Fat,19.1,0.075836522,40.2138,OUT010,1998,,Tier 3,Jaipur,81.2276
FDY07,Fruits and Vegetables,Low Fat,11.8,0.0,46.5402,OUT010,1998,,Tier 3,Jaipur,229.701
FDU32,Fruits and Vegetables,Low Fat,8.785,0.0,123.0414,OUT010,1998,,Tier 3,Jaipur,121.8414
DRI39,Dairy,Low Fat,13.8,0.162462044,55.893,OUT010,1998,,Tier 3,Jaipur,226.372
DRN47,Hard Drinks,Low Fat,12.1,0.028164527,178.166,OUT010,1998,,Tier 3,Jaipur,539.298
FDN15,Meat,Low Fat,17.5,0.028009382,141.718,OUT010,1998,,Tier 3,Jaipur,419.454
FDS03,Meat,Low Fat,7.825,0.133281968,63.2826,OUT010,1998,,Tier 3,Jaipur,129.1652
NCV30,Household,Low Fat,20.2,0.110356797,62.051,OUT010,1998,,Tier 3,Jaipur,126.502
NCQ05,Health and Hygiene,Low Fat,11.395,0.03616416,150.1708,OUT010,1998,,Tier 3,Jaipur,300.9416
FDU40,Frozen Foods,Low Fat,20.85,0.062606583,192.2478,OUT010,1998,,Tier 3,Jaipur,387.4956
DRK12,Soft Drinks,Low Fat,9.5,0.0,32.89,OUT010,1998,,Tier 3,Jaipur,33.29
DRG51,Dairy,Low Fat,12.1,0.019314961,164.6526,OUT010,1998,,Tier 3,Jaipur,657.8104
DRM37,Soft Drinks,Low Fat,15.35,0.161350176,196.6768,OUT010,1998,,Tier 3,Jaipur,591.2304
DRF23,Hard Drinks,Low Fat,4.61,0.205294827,172.8396,OUT010,1998,,Tier 3,Jaipur,174.4396
NCN43,Others,Low Fat,12.15,0.011314423,122.973,OUT010,1998,,Tier 3,Jaipur,123.173
FDW56,Fruits and Vegetables,Low Fat,7.68,0.118672537,192.2162,OUT010,1998,,Tier 3,Jaipur,384.8324
FDO34,Snack Foods,Low Fat,17.7,0.050111641,165.9816,OUT010,1998,,Tier 3,Jaipur,167.7816
FDG31,Meat,Low Fat,12.15,0.063430788,65.4826,OUT010,1998,,Tier 3,Jaipur,258.3304
NCS54,Household,Low Fat,13.6,0.016726506,176.037,OUT010,1998,,Tier 3,Jaipur,352.874
FDM28,Frozen Foods,Low Fat,15.7,0.075661985,181.366,OUT010,1998,,Tier 3,Jaipur,179.766
NCY41,Health and Hygiene,Low Fat,16.75,0.126765903,35.7532,OUT010,1998,,Tier 3,Jaipur,143.8128
NCA54,Household,Low Fat,16.5,0.061330521,178.7318,OUT010,1998,,Tier 3,Jaipur,360.8636
NCF18,Household,Low Fat,18.35,0.148938624,191.9504,OUT010,1998,,Tier 3,Jaipur,767.0016
NCX41,Health and Hygiene,Low Fat,19.0,0.0,211.0244,OUT010,1998,,Tier 3,Jaipur,1482.0708
FDB34,Snack Foods,Low Fat,15.25,0.044539371,85.3198,OUT010,1998,,Tier 3,Jaipur,261.6594
NCK06,Household,Low Fat,5.03,0.014472516,122.0756,OUT010,1998,,Tier 3,Jaipur,121.1756
NCZ30,Household,Low Fat,6.59,0.043828293,121.4098,OUT010,1998,,Tier 3,Jaipur,241.0196
DRM23,Hard Drinks,Low Fat,16.6,0.227189581,173.9422,OUT010,1998,,Tier 3,Jaipur,172.4422
FDT58,Snack Foods,Low Fat,9.0,0.143870574,169.4816,OUT010,1998,,Tier 3,Jaipur,503.3448
NCI31,Others,Low Fat,20.0,0.136124989,38.319,OUT010,1998,,Tier 3,Jaipur,146.476
FDM32,Fruits and Vegetables,Low Fat,20.5,0.0,90.883,OUT010,1998,,Tier 3,Jaipur,89.883
NCW42,Household,Low Fat,18.2,0.097865088,221.8456,OUT010,1998,,Tier 3,Jaipur,884.1824
FDD16,Frozen Foods,Low Fat,20.5,0.060847634,75.0696,OUT010,1998,,Tier 3,Jaipur,149.1392
NCG18,Household,Low Fat,15.3,0.038460297,104.0332,OUT010,1998,,Tier 3,Jaipur,205.0664
FDK02,Canned,Low Fat,12.5,0.187841082,119.244,OUT010,1998,,Tier 3,Jaipur,119.844
NCJ17,Health and Hygiene,Low Fat,7.68,0.255348289,84.4224,OUT010,1998,,Tier 3,Jaipur,170.4448
FDD57,Fruits and Vegetables,Low Fat,18.1,0.037492325,95.5094,OUT010,1998,,Tier 3,Jaipur,95.2094
FDK52,Frozen Foods,Low Fat,18.25,0.132596101,226.2062,OUT010,1998,,Tier 3,Jaipur,677.1186
NCK18,Household,Low Fat,9.6,0.011211251,166.9184,OUT010,1998,,Tier 3,Jaipur,660.4736
FDP11,Breads,Low Fat,15.85,0.11566015,218.3166,OUT010,1998,,Tier 3,Jaipur,435.4332
NCG43,Household,Low Fat,20.2,0.124261614,93.6462,OUT010,1998,,Tier 3,Jaipur,277.6386
FDD46,Snack Foods,Low Fat,6.035,0.236433601,155.5998,OUT010,1998,,Tier 3,Jaipur,153.7998
FDR43,Fruits and Vegetables,Low Fat,18.2,0.270300331,38.319,OUT010,1998,,Tier 3,Jaipur,109.857
FDO57,Snack Foods,Low Fat,20.75,0.181958524,161.0578,OUT010,1998,,Tier 3,Jaipur,481.3734
FDF16,Frozen Foods,Low Fat,7.3,0.144167934,146.3076,OUT010,1998,,Tier 3,Jaipur,886.8456
FDZ45,Snack Foods,Low Fat,14.1,0.111936685,198.8084,OUT010,1998,,Tier 3,Jaipur,992.042
FDE34,Snack Foods,Low Fat,9.195,0.180588082,182.2634,OUT010,1998,,Tier 3,Jaipur,363.5268
NCH30,Household,Low Fat,17.1,0.112402118,112.986,OUT010,1998,,Tier 3,Jaipur,113.186
NCM29,Health and Hygiene,Low Fat,11.5,0.029529474,132.6626,OUT010,1998,,Tier 3,Jaipur,262.3252
NCU54,Household,Low Fat,8.88,0.165073642,207.727,OUT010,1998,,Tier 3,Jaipur,209.727
FDB27,Dairy,Low Fat,7.575,0.092711708,197.7768,OUT010,1998,,Tier 3,Jaipur,197.0768
DRJ13,Soft Drinks,Low Fat,12.65,0.105265475,159.9578,OUT010,1998,,Tier 3,Jaipur,962.7468
FDE53,Frozen Foods,Low Fat,10.895,0.044991876,107.228,OUT010,1998,,Tier 3,Jaipur,426.112
DRJ11,Hard Drinks,Low Fat,9.5,0.142425145,189.9872,OUT010,1998,,Tier 3,Jaipur,756.3488
NCB06,Health and Hygiene,Low Fat,17.6,0.137807013,161.792,OUT010,1998,,Tier 3,Jaipur,159.792
NCY18,Household,Low Fat,7.285,0.052141447,174.9054,OUT010,1998,,Tier 3,Jaipur,525.3162
DRE49,Soft Drinks,Low Fat,20.75,0.035568147,151.8024,OUT010,1998,,Tier 3,Jaipur,151.8024
NCP41,Health and Hygiene,Low Fat,16.6,0.027133398,106.2596,OUT010,1998,,Tier 3,Jaipur,215.7192
FDS37,Canned,Low Fat,7.655,0.05346916,114.1492,OUT010,1998,,Tier 3,Jaipur,115.8492
FDH35,Starchy Foods,Low Fat,18.25,0.10084386,166.3526,OUT010,1998,,Tier 3,Jaipur,164.4526
FDH10,Snack Foods,Low Fat,21.0,0.082526478,191.8478,OUT010,1998,,Tier 3,Jaipur,774.9912
FDE26,Canned,Low Fat,9.3,0.14897741,143.0786,OUT010,1998,,Tier 3,Jaipur,288.9572
NCB07,Household,Low Fat,19.2,0.129731747,196.211,OUT010,1998,,Tier 3,Jaipur,589.233
NCV41,Health and Hygiene,Low Fat,14.35,0.028519419,109.2228,OUT010,1998,,Tier 3,Jaipur,221.0456
DRJ23,Hard Drinks,Low Fat,18.35,0.069745165,190.2872,OUT010,1998,,Tier 3,Jaipur,378.1744
FDZ10,Snack Foods,Low Fat,17.85,0.074422769,128.002,OUT010,1998,,Tier 3,Jaipur,253.004
FDM13,Breakfast,Low Fat,6.425,0.105742544,130.5626,OUT010,1998,,Tier 3,Jaipur,131.1626
NCQ54,Household,Low Fat,17.7,0.020993364,166.8474,OUT010,1998,,Tier 3,Jaipur,168.4474
FDY32,Fruits and Vegetables,Low Fat,7.605,0.216323008,165.021,OUT010,1998,,Tier 3,Jaipur,815.605
DRL35,Hard Drinks,Low Fat,15.7,0.0,43.377,OUT010,1998,,Tier 3,Jaipur,129.831
FDB22,Snack Foods,Low Fat,8.02,0.186528819,151.9998,OUT010,1998,,Tier 3,Jaipur,307.5996
NCP55,Others,Low Fat,14.65,0.0,56.4614,OUT010,1998,,Tier 3,Jaipur,55.2614
DRE27,Dairy,Low Fat,11.85,0.222063351,99.6726,OUT010,1998,,Tier 3,Jaipur,195.7452
DRH03,Dairy,Low Fat,17.25,0.05869048,91.612,OUT010,1998,,Tier 3,Jaipur,93.212
NCI54,Household,Low Fat,15.2,0.056237906,110.7912,OUT010,1998,,Tier 3,Jaipur,109.1912
FDR23,Breads,Low Fat,15.85,0.13689554,176.437,OUT010,1998,,Tier 3,Jaipur,529.311
FDL46,Snack Foods,Low Fat,20.35,0.090480214,119.5466,OUT010,1998,,Tier 3,Jaipur,117.8466
FDQ14,Dairy,Low Fat,9.27,0.103419257,148.105,OUT010,1998,,Tier 3,Jaipur,149.805
DRC25,Soft Drinks,Low Fat,5.73,0.075943184,85.5882,OUT010,1998,,Tier 3,Jaipur,171.7764
FDD17,Frozen Foods,Low Fat,7.5,0.054610829,237.1906,OUT010,1998,,Tier 3,Jaipur,237.6906
DRO47,Hard Drinks,Low Fat,10.195,0.187841082,112.486,OUT010,1998,,Tier 3,Jaipur,113.186
FDU48,Baking Goods,Low Fat,18.85,0.0926587,131.4284,OUT010,1998,,Tier 3,Jaipur,263.6568
NCE31,Household,Low Fat,7.67,0.309390255,33.2216,OUT010,1998,,Tier 3,Jaipur,138.4864
FDZ20,Fruits and Vegetables,Low Fat,16.1,0.057422821,253.7356,OUT010,1998,,Tier 3,Jaipur,508.6712
FDU38,Dairy,Low Fat,10.8,0.138171603,191.4504,OUT010,1998,,Tier 3,Jaipur,575.2512
NCR30,Household,Low Fat,20.6,0.118827682,75.0696,OUT010,1998,,Tier 3,Jaipur,149.1392
FDO25,Canned,Low Fat,6.3,0.21332355,208.527,OUT010,1998,,Tier 3,Jaipur,419.454
FDE24,Baking Goods,Low Fat,14.85,0.15643727,142.0812,OUT010,1998,,Tier 3,Jaipur,284.9624
FDD36,Baking Goods,Low Fat,13.3,0.035607579,119.9124,OUT010,1998,,Tier 3,Jaipur,118.5124
FDR26,Dairy,Low Fat,20.7,0.071699984,177.6028,OUT010,1998,,Tier 3,Jaipur,531.3084
FDZ12,Baking Goods,Low Fat,9.17,0.172365428,144.847,OUT010,1998,,Tier 3,Jaipur,572.588
FDN12,Baking Goods,Low Fat,15.6,0.13575135,111.5544,OUT010,1998,,Tier 3,Jaipur,223.7088
FDW10,Snack Foods,Low Fat,21.2,0.118297605,175.037,OUT010,1998,,Tier 3,Jaipur,529.311
FDX21,Snack Foods,Low Fat,7.05,0.1422157,108.7912,OUT010,1998,,Tier 3,Jaipur,109.1912
NCN53,Health and Hygiene,Low Fat,5.175,0.050808821,33.6874,OUT010,1998,,Tier 3,Jaipur,70.5748
FDL45,Snack Foods,Low Fat,15.6,0.063081713,125.7704,OUT010,1998,,Tier 3,Jaipur,250.3408
FDA49,Canned,Low Fat,19.7,0.108665723,86.4198,OUT010,1998,,Tier 3,Jaipur,87.2198
FDU35,Breads,Low Fat,6.44,0.132590283,98.17,OUT010,1998,,Tier 3,Jaipur,199.74
FDV59,Breads,Low Fat,13.35,0.080387424,219.2166,OUT010,1998,,Tier 3,Jaipur,1524.0162
DRI37,Soft Drinks,Low Fat,15.85,0.180096791,57.3904,OUT010,1998,,Tier 3,Jaipur,117.1808
NCH06,Household,Low Fat,12.3,0.128136346,248.346,OUT010,1998,,Tier 3,Jaipur,985.384
FDC35,Starchy Foods,Low Fat,7.435,0.205605116,207.7638,OUT010,1998,,Tier 3,Jaipur,621.1914
FDI22,Snack Foods,Low Fat,12.6,0.161039887,210.2612,OUT010,1998,,Tier 3,Jaipur,418.1224
FDC50,Canned,Low Fat,15.85,0.228469522,93.3094,OUT010,1998,,Tier 3,Jaipur,285.6282
NCO06,Household,Low Fat,19.25,0.180820798,35.9558,OUT010,1998,,Tier 3,Jaipur,67.9116
FDV09,Snack Foods,Low Fat,12.1,0.034427577,146.6734,OUT010,1998,,Tier 3,Jaipur,296.9468
NCR53,Health and Hygiene,Low Fat,12.15,0.242768664,226.5404,OUT010,1998,,Tier 3,Jaipur,225.0404
NCJ43,Household,Low Fat,6.635,0.045308629,173.1396,OUT010,1998,,Tier 3,Jaipur,348.8792
FDU23,Breads,Low Fat,12.15,0.036360676,166.0184,OUT010,1998,,Tier 3,Jaipur,330.2368
NCQ41,Health and Hygiene,Low Fat,14.8,0.032606181,193.5794,OUT010,1998,,Tier 3,Jaipur,390.1588
FDT46,Snack Foods,Low Fat,11.35,0.051564827,49.0008,OUT010,1998,,Tier 3,Jaipur,101.2016
NCH42,Household,Low Fat,6.86,0.061155983,228.401,OUT010,1998,,Tier 3,Jaipur,229.701
FDW24,Baking Goods,Low Fat,6.8,0.062762374,50.4034,OUT010,1998,,Tier 3,Jaipur,48.6034
FDT04,Frozen Foods,Low Fat,17.25,0.0,37.5822,OUT010,1998,,Tier 3,Jaipur,196.411
FDA39,Meat,Low Fat,6.32,0.021287234,38.5822,OUT010,1998,,Tier 3,Jaipur,78.5644
FDA32,Fruits and Vegetables,Low Fat,14.0,0.050371508,214.7192,OUT010,1998,,Tier 3,Jaipur,862.8768
NCP02,Household,Low Fat,7.105,0.075000682,61.0562,OUT010,1998,,Tier 3,Jaipur,296.281
FDG50,Canned,Low Fat,7.405,0.02556185,89.7146,OUT010,1998,,Tier 3,Jaipur,182.4292
FDP16,Frozen Foods,Low Fat,18.6,0.065771529,245.7802,OUT010,1998,,Tier 3,Jaipur,245.6802
NCK05,Health and Hygiene,Low Fat,20.1,0.0,61.3536,OUT010,1998,,Tier 3,Jaipur,183.7608
FDO37,Breakfast,Low Fat,8.06,0.035780177,230.2326,OUT010,1998,,Tier 3,Jaipur,693.0978
DRJ01,Soft Drinks,Low Fat,6.135,0.192540665,160.2236,OUT010,1998,,Tier 3,Jaipur,322.2472
FDJ07,Meat,Low Fat,7.26,0.02414202,117.415,OUT010,1998,,Tier 3,Jaipur,466.06
FDX50,Dairy,Low Fat,20.1,0.124910635,109.6228,OUT010,1998,,Tier 3,Jaipur,110.5228
FDS10,Snack Foods,Low Fat,19.2,0.058893461,178.9318,OUT010,1998,,Tier 3,Jaipur,180.4318
FDO40,Frozen Foods,Low Fat,17.1,0.054612768,150.2392,OUT010,1998,,Tier 3,Jaipur,596.5568
DRG11,Hard Drinks,Low Fat,6.385,0.14032811,109.1596,OUT010,1998,,Tier 3,Jaipur,107.8596
FDT03,Meat,Low Fat,21.25,0.016735879,185.2608,OUT010,1998,,Tier 3,Jaipur,183.7608
NCO55,Others,Low Fat,12.8,0.152377658,108.1938,OUT010,1998,,Tier 3,Jaipur,428.7752
NCV42,Household,Low Fat,6.26,0.052593952,111.0228,OUT010,1998,,Tier 3,Jaipur,221.0456
FDZ44,Fruits and Vegetables,Low Fat,8.185,0.064824502,116.0808,OUT010,1998,,Tier 3,Jaipur,234.3616
FDK51,Dairy,Low Fat,19.85,0.008762556,266.6884,OUT010,1998,,Tier 3,Jaipur,264.9884
FDV24,Baking Goods,Low Fat,5.635,0.172856719,148.205,OUT010,1998,,Tier 3,Jaipur,449.415
FDL36,Baking Goods,Low Fat,15.1,0.127334766,88.283,OUT010,1998,,Tier 3,Jaipur,89.883
FDB28,Dairy,Low Fat,6.615,0.156307983,196.3426,OUT010,1998,,Tier 3,Jaipur,790.9704
FDC41,Frozen Foods,Low Fat,15.6,0.195688803,77.367,OUT010,1998,,Tier 3,Jaipur,153.134
FDR07,Fruits and Vegetables,Low Fat,21.35,0.130127365,96.2094,OUT010,1998,,Tier 3,Jaipur,190.4188
FDS40,Frozen Foods,Low Fat,15.35,0.02346559,35.219,OUT010,1998,,Tier 3,Jaipur,36.619
NCZ17,Health and Hygiene,Low Fat,12.15,0.132952286,37.6506,OUT010,1998,,Tier 3,Jaipur,37.9506
FDK46,Snack Foods,Low Fat,9.6,0.086145867,258.362,OUT010,1998,,Tier 3,Jaipur,259.662
DRI01,Soft Drinks,Low Fat,7.97,0.057667173,172.1422,OUT010,1998,,Tier 3,Jaipur,517.3266
FDY21,Snack Foods,Low Fat,15.1,0.0,197.211,OUT010,1998,,Tier 3,Jaipur,196.411
NCX05,Health and Hygiene,Low Fat,15.2,0.162462044,117.6492,OUT010,1998,,Tier 3,Jaipur,347.5476
FDK40,Frozen Foods,Low Fat,7.035,0.0,263.291,OUT010,1998,,Tier 3,Jaipur,525.982
NCJ30,Household,Low Fat,5.82,0.134975628,170.579,OUT010,1998,,Tier 3,Jaipur,509.337
NCN29,Health and Hygiene,Low Fat,15.2,0.020280476,49.1034,OUT010,1998,,Tier 3,Jaipur,194.4136
NCD31,Household,Low Fat,12.1,0.025834128,165.1526,OUT010,1998,,Tier 3,Jaipur,164.4526
FDR09,Snack Foods,Low Fat,18.25,0.130095044,257.2962,OUT010,1998,,Tier 3,Jaipur,517.9924
NCD43,Household,Low Fat,8.85,0.026814124,103.7964,OUT010,1998,,Tier 3,Jaipur,210.3928
FDE16,Frozen Foods,Low Fat,8.895,0.044093978,208.3954,OUT010,1998,,Tier 3,Jaipur,1041.977
FDW47,Breads,Low Fat,15.0,0.077622622,121.8414,OUT010,1998,,Tier 3,Jaipur,243.6828
FDR46,Snack Foods,Low Fat,16.85,0.233356571,146.576,OUT010,1998,,Tier 3,Jaipur,439.428
NCO41,Health and Hygiene,Low Fat,12.5,0.031549131,99.0384,OUT010,1998,,Tier 3,Jaipur,197.0768
NCH55,Household,Low Fat,16.35,0.058034349,124.802,OUT010,1998,,Tier 3,Jaipur,253.004
FDA43,Fruits and Vegetables,Low Fat,10.895,0.108253944,194.8794,OUT010,1998,,Tier 3,Jaipur,585.2382
DRG49,Soft Drinks,Low Fat,7.81,0.112906337,243.5486,OUT010,1998,,Tier 3,Jaipur,488.6972
FDA15,Dairy,Low Fat,9.3,0.026818196,248.9092,OUT010,1998,,Tier 3,Jaipur,498.0184
FDB32,Fruits and Vegetables,Low Fat,20.6,0.039255412,94.4778,OUT010,1998,,Tier 3,Jaipur,93.8778
FDK28,Frozen Foods,Low Fat,5.695,0.109784056,256.0646,OUT010,1998,,Tier 3,Jaipur,1288.323
NCZ53,Health and Hygiene,Low Fat,9.6,0.040969757,188.7214,OUT010,1998,,Tier 3,Jaipur,376.8428
DRE03,Dairy,Low Fat,19.6,0.040550868,45.5718,OUT010,1998,,Tier 3,Jaipur,47.2718
FDZ09,Snack Foods,Low Fat,17.6,0.175545889,163.6868,OUT010,1998,,Tier 3,Jaipur,163.7868
FDK04,Frozen Foods,Low Fat,7.36,0.087559621,55.2588,OUT010,1998,,Tier 3,Jaipur,229.0352
FDD53,Frozen Foods,Low Fat,16.2,0.074019393,41.7454,OUT010,1998,,Tier 3,Jaipur,83.8908
FDR48,Baking Goods,Low Fat,11.65,0.220111117,153.0024,OUT010,1998,,Tier 3,Jaipur,455.4072
NCI29,Health and Hygiene,Low Fat,8.6,0.054601779,141.1154,OUT010,1998,,Tier 3,Jaipur,425.4462
NCF42,Household,Low Fat,17.35,0.280164929,177.5712,OUT010,1998,,Tier 3,Jaipur,527.3136
FDD02,Canned,Low Fat,16.6,0.084176826,118.0124,OUT010,1998,,Tier 3,Jaipur,592.562
NCA30,Household,Low Fat,19.0,0.216478153,190.1872,OUT010,1998,,Tier 3,Jaipur,567.2616
NCJ19,Others,Low Fat,18.6,0.19780911,55.6588,OUT010,1998,,Tier 3,Jaipur,114.5176
NCN06,Household,Low Fat,8.39,0.20168772,162.8868,OUT010,1998,,Tier 3,Jaipur,327.5736
DRF36,Soft Drinks,Low Fat,16.1,0.039463564,189.9846,OUT010,1998,,Tier 3,Jaipur,191.0846
FDE09,Fruits and Vegetables,Low Fat,8.775,0.036159635,110.7228,OUT010,1998,,Tier 3,Jaipur,331.5684
FDK09,Snack Foods,Low Fat,15.2,0.153592956,228.0352,OUT010,1998,,Tier 3,Jaipur,458.0704
NCO14,Household,Low Fat,9.6,0.049617765,44.2086,OUT010,1998,,Tier 3,Jaipur,44.6086
FDR02,Dairy,Low Fat,16.7,0.036933417,109.1886,OUT010,1998,,Tier 3,Jaipur,222.3772
FDO24,Baking Goods,Low Fat,11.1,0.294948897,159.0604,OUT010,1998,,Tier 3,Jaipur,792.302
DRI11,Hard Drinks,Low Fat,8.26,0.057585723,113.7834,OUT010,1998,,Tier 3,Jaipur,115.1834
FDX37,Canned,Low Fat,16.2,0.105498192,101.47,OUT010,1998,,Tier 3,Jaipur,399.48
FDF32,Fruits and Vegetables,Low Fat,16.35,0.113953562,198.2426,OUT010,1998,,Tier 3,Jaipur,790.9704
FDC26,Canned,Low Fat,10.195,0.211539389,110.9886,OUT010,1998,,Tier 3,Jaipur,111.1886
FDQ04,Frozen Foods,Low Fat,6.4,0.141860161,41.0796,OUT010,1998,,Tier 3,Jaipur,41.2796
FDQ39,Meat,Low Fat,14.8,0.13564792,190.8846,OUT010,1998,,Tier 3,Jaipur,191.0846
FDP15,Meat,Low Fat,15.2,0.0,256.033,OUT010,1998,,Tier 3,Jaipur,1281.665
NCH18,Household,Low Fat,9.3,0.074753743,246.4802,OUT010,1998,,Tier 3,Jaipur,982.7208
NCV29,Health and Hygiene,Low Fat,11.8,0.038235337,177.5686,OUT010,1998,,Tier 3,Jaipur,711.0744
FDZ33,Snack Foods,Low Fat,10.195,0.0,147.2076,OUT010,1998,,Tier 3,Jaipur,739.038
FDB17,Frozen Foods,Low Fat,13.15,0.061381589,179.9976,OUT010,1998,,Tier 3,Jaipur,181.0976
NCL06,Household,Low Fat,14.65,0.120624771,261.7594,OUT010,1998,,Tier 3,Jaipur,523.3188
NCV53,Health and Hygiene,Low Fat,8.27,0.031490111,239.088,OUT010,1998,,Tier 3,Jaipur,719.064
NCH54,Household,Low Fat,13.5,0.12163321,161.692,OUT010,1998,,Tier 3,Jaipur,159.792
NCQ17,Health and Hygiene,Low Fat,10.3,0.195721125,156.463,OUT010,1998,,Tier 3,Jaipur,312.926
FDI56,Fruits and Vegetables,Low Fat,7.325,0.156307983,92.2146,OUT010,1998,,Tier 3,Jaipur,91.2146
FDR10,Snack Foods,Low Fat,17.6,0.016804724,163.4552,OUT010,1998,,Tier 3,Jaipur,649.8208
FDS26,Dairy,Low Fat,20.35,0.149753132,259.7594,OUT010,1998,,Tier 3,Jaipur,784.9782
DRD25,Soft Drinks,Low Fat,6.135,0.132183029,115.086,OUT010,1998,,Tier 3,Jaipur,452.744
FDE22,Snack Foods,Low Fat,9.695,0.049498821,158.792,OUT010,1998,,Tier 3,Jaipur,319.584
FDJ48,Baking Goods,Low Fat,11.3,0.094460314,245.3118,OUT010,1998,,Tier 3,Jaipur,247.0118
NCK53,Health and Hygiene,Low Fat,11.6,0.062903297,100.4042,OUT010,1998,,Tier 3,Jaipur,595.2252
FDJ28,Frozen Foods,Low Fat,12.3,0.036590807,193.3162,OUT010,1998,,Tier 3,Jaipur,192.4162
DRD24,Soft Drinks,Low Fat,13.85,0.051544658,142.5154,OUT010,1998,,Tier 3,Jaipur,141.8154
NCP17,Health and Hygiene,Low Fat,19.35,0.0,65.3168,OUT010,1998,,Tier 3,Jaipur,191.7504
FDV36,Baking Goods,Low Fat,18.7,0.044024163,125.902,OUT010,1998,,Tier 3,Jaipur,126.502
NCT30,Household,Low Fat,9.1,0.134393836,48.0718,OUT010,1998,,Tier 3,Jaipur,47.2718
FDP24,Baking Goods,Low Fat,20.6,0.13893181,119.5756,OUT010,1998,,Tier 3,Jaipur,121.1756
FDL40,Frozen Foods,Low Fat,17.7,0.019438042,95.541,OUT010,1998,,Tier 3,Jaipur,96.541
FDG57,Fruits and Vegetables,Low Fat,14.7,0.121012632,49.4034,OUT010,1998,,Tier 3,Jaipur,194.4136
FDI20,Fruits and Vegetables,Low Fat,19.1,0.064547828,212.8586,OUT010,1998,,Tier 3,Jaipur,422.1172
NCL29,Health and Hygiene,Low Fat,9.695,0.190711254,159.1604,OUT010,1998,,Tier 3,Jaipur,633.8416
FDF52,Frozen Foods,Low Fat,9.3,0.11178154,182.3292,OUT010,1998,,Tier 3,Jaipur,182.4292
FDF20,Fruits and Vegetables,Low Fat,12.85,0.055603753,195.6768,OUT010,1998,,Tier 3,Jaipur,394.1536
NCM06,Household,Low Fat,7.475,0.126752975,154.2656,OUT010,1998,,Tier 3,Jaipur,308.9312
FDQ56,Fruits and Vegetables,Low Fat,6.59,0.176748258,82.7908,OUT010,1998,,Tier 3,Jaipur,83.8908
NCU53,Health and Hygiene,Low Fat,5.485,0.071557769,165.7842,OUT010,1998,,Tier 3,Jaipur,165.7842
NCH07,Household,Low Fat,13.15,0.155105614,157.2604,OUT010,1998,,Tier 3,Jaipur,316.9208
FDO16,Frozen Foods,Low Fat,5.48,0.02528802,83.325,OUT010,1998,,Tier 3,Jaipur,416.125
NCM05,Health and Hygiene,Low Fat,6.825,0.100171568,262.7226,OUT010,1998,,Tier 3,Jaipur,264.3226
DRD15,Dairy,Low Fat,10.6,0.095064731,232.4642,OUT010,1998,,Tier 3,Jaipur,697.0926
NCS30,Household,Low Fat,5.945,0.155706798,127.9652,OUT010,1998,,Tier 3,Jaipur,645.826
FDV31,Fruits and Vegetables,Low Fat,9.8,0.178622919,177.937,OUT010,1998,,Tier 3,Jaipur,176.437
DRK59,Hard Drinks,Low Fat,8.895,0.126287542,235.5616,OUT010,1998,,Tier 3,Jaipur,468.7232
FDO60,Baking Goods,Low Fat,20.0,0.057527544,43.1086,OUT010,1998,,Tier 3,Jaipur,89.2172
NCF54,Household,Low Fat,18.0,0.079299474,170.5422,OUT010,1998,,Tier 3,Jaipur,344.8844
DRG03,Dairy,Low Fat,14.5,0.103752817,155.1998,OUT010,1998,,Tier 3,Jaipur,307.5996
FDM34,Snack Foods,Low Fat,19.0,0.112893408,131.0626,OUT010,1998,,Tier 3,Jaipur,524.6504
NCX29,Health and Hygiene,Low Fat,10.0,0.149223055,145.8102,OUT010,1998,,Tier 3,Jaipur,874.8612
FDT43,Fruits and Vegetables,Low Fat,16.35,0.034393057,50.8324,OUT010,1998,,Tier 3,Jaipur,155.7972
FDZ04,Frozen Foods,Low Fat,9.31,0.063529046,63.751,OUT010,1998,,Tier 3,Jaipur,126.502
NCV05,Health and Hygiene,Low Fat,10.1,0.050562853,153.3656,OUT010,1998,,Tier 3,Jaipur,463.3968
NCW06,Household,Low Fat,16.2,0.08425957,192.3162,OUT010,1998,,Tier 3,Jaipur,769.6648
FDK38,Canned,Low Fat,6.65,0.089196394,147.0734,OUT010,1998,,Tier 3,Jaipur,296.9468
FDN01,Breakfast,Low Fat,8.895,0.121180705,177.037,OUT010,1998,,Tier 3,Jaipur,176.437
NCC18,Household,Low Fat,19.1,0.296713665,171.8422,OUT010,1998,,Tier 3,Jaipur,1034.6532
FDP39,Meat,Low Fat,12.65,0.116203156,53.5324,OUT010,1998,,Tier 3,Jaipur,415.4592
FDW13,Canned,Low Fat,8.5,0.163838951,51.3324,OUT010,1998,,Tier 3,Jaipur,311.5944
NCE43,Household,Low Fat,12.5,0.17314115,168.4448,OUT010,1998,,Tier 3,Jaipur,170.4448
DRI51,Dairy,Low Fat,17.25,0.070703828,170.3764,OUT010,1998,,Tier 3,Jaipur,343.5528
FDH48,Baking Goods,Low Fat,13.5,0.101231721,86.254,OUT010,1998,,Tier 3,Jaipur,173.108
NCB18,Household,Low Fat,19.6,0.069112952,90.1514,OUT010,1998,,Tier 3,Jaipur,442.757
FDP27,Meat,Low Fat,8.155,0.199935881,188.453,OUT010,1998,,Tier 3,Jaipur,379.506
DRC27,Dairy,Low Fat,13.8,0.097251621,245.7802,OUT010,1998,,Tier 3,Jaipur,245.6802
DRH25,Soft Drinks,Low Fat,18.7,0.02442574,52.9324,OUT010,1998,,Tier 3,Jaipur,51.9324
FDS13,Canned,Low Fat,6.465,0.208397715,265.2884,OUT010,1998,,Tier 3,Jaipur,264.9884
FDS12,Baking Goods,Low Fat,9.1,0.291438755,126.8362,OUT010,1998,,Tier 3,Jaipur,125.8362
NCA18,Household,Low Fat,10.1,0.093862362,115.9492,OUT010,1998,,Tier 3,Jaipur,231.6984
NCC30,Household,Low Fat,16.6,0.046161923,176.6344,OUT010,1998,,Tier 3,Jaipur,356.8688
FDR21,Snack Foods,Low Fat,19.7,0.112036236,174.937,OUT010,1998,,Tier 3,Jaipur,882.185
NCF30,Household,Low Fat,17.0,0.211306673,125.1362,OUT010,1998,,Tier 3,Jaipur,251.6724
DRI25,Soft Drinks,Low Fat,19.6,0.056744064,55.6614,OUT010,1998,,Tier 3,Jaipur,165.7842
FDC47,Snack Foods,Low Fat,15.0,0.19899855,226.5694,OUT010,1998,,Tier 3,Jaipur,913.4776
DRJ24,Soft Drinks,Low Fat,11.8,0.189689886,184.3924,OUT010,1998,,Tier 3,Jaipur,370.1848
NCN30,Household,Low Fat,16.35,0.02844314,98.141,OUT010,1998,,Tier 3,Jaipur,386.164
NCR42,Household,Low Fat,9.105,0.064410783,33.39,OUT010,1998,,Tier 3,Jaipur,33.29
FDH27,Dairy,Low Fat,7.075,0.097660814,141.8128,OUT010,1998,,Tier 3,Jaipur,143.8128
DRE01,Soft Drinks,Low Fat,10.1,0.279783532,241.8512,OUT010,1998,,Tier 3,Jaipur,484.7024
FDI19,Meat,Low Fat,15.1,0.087604871,242.2512,OUT010,1998,,Tier 3,Jaipur,484.7024
NCX54,Household,Low Fat,9.195,0.080442371,107.7622,OUT010,1998,,Tier 3,Jaipur,105.8622
NCX18,Household,Low Fat,14.15,0.014719325,196.911,OUT010,1998,,Tier 3,Jaipur,392.822
FDP25,Canned,Low Fat,15.2,0.035497039,216.7824,OUT010,1998,,Tier 3,Jaipur,436.7648
NCP29,Health and Hygiene,Low Fat,8.42,0.187918654,65.4168,OUT010,1998,,Tier 3,Jaipur,127.8336
FDV21,Snack Foods,Low Fat,11.5,0.286357776,123.9704,OUT010,1998,,Tier 3,Jaipur,375.5112
FDM44,Fruits and Vegetables,Low Fat,12.5,0.051970788,103.699,OUT010,1998,,Tier 3,Jaipur,412.796
FDB60,Baking Goods,Low Fat,9.3,0.04774013,195.0136,OUT010,1998,,Tier 3,Jaipur,194.4136
FDH57,Fruits and Vegetables,Low Fat,10.895,0.059834024,133.5284,OUT010,1998,,Tier 3,Jaipur,263.6568
FDF33,Seafood,Low Fat,7.97,0.036045991,107.5596,OUT010,1998,,Tier 3,Jaipur,431.4384
NCN41,Health and Hygiene,Low Fat,17.0,0.087387669,125.073,OUT010,1998,,Tier 3,Jaipur,369.519
NCB30,Household,Low Fat,14.6,0.043021542,196.9084,OUT010,1998,,Tier 3,Jaipur,595.2252
NCM43,Others,Low Fat,14.5,0.032597778,163.621,OUT010,1998,,Tier 3,Jaipur,815.605
FDS48,Baking Goods,Low Fat,15.15,0.046496777,149.6708,OUT010,1998,,Tier 3,Jaipur,300.9416
FDP38,Canned,Low Fat,10.1,0.053732324,49.8008,OUT010,1998,,Tier 3,Jaipur,303.6048
NCF06,Household,Low Fat,6.235,0.033807904,258.9962,OUT010,1998,,Tier 3,Jaipur,258.9962
FDJ41,Frozen Foods,Low Fat,6.85,0.03830192,261.2594,OUT010,1998,,Tier 3,Jaipur,1046.6376
DRK35,Hard Drinks,Low Fat,8.365,0.120256303,39.2506,OUT010,1998,,Tier 3,Jaipur,75.9012
FDC53,Frozen Foods,Low Fat,8.68,0.01478914,97.7384,OUT010,1998,,Tier 3,Jaipur,98.5384
FDK56,Fruits and Vegetables,Low Fat,9.695,0.0,186.7898,OUT010,1998,,Tier 3,Jaipur,561.2694
FDK22,Snack Foods,Low Fat,9.8,0.043663452,217.185,OUT010,1998,,Tier 3,Jaipur,432.77
NCP05,Health and Hygiene,Low Fat,19.6,0.042324556,150.9024,OUT010,1998,,Tier 3,Jaipur,303.6048
FDK15,Meat,Low Fat,10.8,0.164724567,98.4042,OUT010,1998,,Tier 3,Jaipur,99.2042
DRN37,Soft Drinks,Low Fat,9.6,0.161182103,165.3158,OUT010,1998,,Tier 3,Jaipur,334.2316
NCD55,Household,Low Fat,14.0,0.040725405,43.4454,OUT010,1998,,Tier 3,Jaipur,41.9454
NCK29,Health and Hygiene,Low Fat,5.615,0.210511558,121.373,OUT010,1998,,Tier 3,Jaipur,123.173
FDT36,Baking Goods,Low Fat,12.3,0.186250852,37.2874,OUT010,1998,,Tier 3,Jaipur,176.437
NCK30,Household,Low Fat,14.85,0.102065622,254.2698,OUT010,1998,,Tier 3,Jaipur,1775.6886
DRM47,Hard Drinks,Low Fat,9.3,0.073288275,189.1846,OUT010,1998,,Tier 3,Jaipur,382.1692
FDU14,Dairy,Low Fat,17.75,0.058168807,249.575,OUT010,1998,,Tier 3,Jaipur,499.35
FDT13,Canned,Low Fat,14.85,0.0,187.7214,OUT010,1998,,Tier 3,Jaipur,188.4214
NCP06,Household,Low Fat,20.7,0.065689432,149.7366,OUT010,1998,,Tier 3,Jaipur,151.1366
FDG53,Frozen Foods,Low Fat,10.0,0.076755106,141.618,OUT010,1998,,Tier 3,Jaipur,139.818
FDF22,Snack Foods,Low Fat,6.865,0.09512291,212.3218,OUT010,1998,,Tier 3,Jaipur,427.4436
DRJ59,Hard Drinks,Low Fat,11.65,0.03242518,38.8164,OUT010,1998,,Tier 3,Jaipur,77.2328
FDG47,Starchy Foods,Low Fat,12.8,0.116527666,261.4252,OUT010,1998,,Tier 3,Jaipur,262.3252
DRA12,Soft Drinks,Low Fat,11.6,0.068535039,143.0154,OUT010,1998,,Tier 3,Jaipur,283.6308
NCZ29,Health and Hygiene,Low Fat,15.0,0.119461188,126.3362,OUT010,1998,,Tier 3,Jaipur,503.3448
DRB25,Soft Drinks,Low Fat,12.3,0.116261335,107.0938,OUT010,1998,,Tier 3,Jaipur,214.3876
FDX01,Canned,Low Fat,10.1,0.040446145,118.115,OUT010,1998,,Tier 3,Jaipur,116.515
FDX16,Frozen Foods,Low Fat,17.85,0.110152524,150.205,OUT010,1998,,Tier 3,Jaipur,149.805
DRN35,Hard Drinks,Low Fat,8.01,0.117580062,36.6532,OUT010,1998,,Tier 3,Jaipur,71.9064
FDX23,Baking Goods,Low Fat,6.445,0.049697923,95.0436,OUT010,1998,,Tier 3,Jaipur,94.5436
FDL33,Snack Foods,Low Fat,7.235,0.167316771,197.5452,OUT010,1998,,Tier 3,Jaipur,195.7452
NCN14,Others,Low Fat,19.1,0.15385153,185.1608,OUT010,1998,,Tier 3,Jaipur,551.2824
FDY09,Snack Foods,Low Fat,15.6,0.042179884,174.7054,OUT010,1998,,Tier 3,Jaipur,175.1054
FDG40,Frozen Foods,Low Fat,13.65,0.066657791,32.6558,OUT010,1998,,Tier 3,Jaipur,67.9116
NCA42,Household,Low Fat,6.965,0.047784475,158.8604,OUT010,1998,,Tier 3,Jaipur,316.9208
FDA19,Fruits and Vegetables,Low Fat,7.52,0.092272132,128.7994,OUT010,1998,,Tier 3,Jaipur,128.4994
DRL49,Soft Drinks,Low Fat,13.15,0.094450618,141.4812,OUT010,1998,,Tier 3,Jaipur,284.9624
NCE07,Household,Low Fat,8.18,0.02197698,140.6154,OUT010,1998,,Tier 3,Jaipur,425.4462
DRI47,Hard Drinks,Low Fat,14.7,0.035016091,144.3128,OUT010,1998,,Tier 3,Jaipur,431.4384
FDG45,Fruits and Vegetables,Low Fat,8.1,0.214306131,213.9902,OUT010,1998,,Tier 3,Jaipur,424.7804
DRC01,Soft Drinks,Regular,5.92,0.019278216,48.2692,OUT018,2009,Medium,Tier 3,Chennai,443.4228
FDP36,Baking Goods,Regular,10.395,0.0,51.4008,OUT018,2009,Medium,Tier 3,Chennai,556.6088
DRZ11,Soft Drinks,Regular,8.85,0.113123893,122.5388,OUT018,2009,Medium,Tier 3,Chennai,1609.9044
FDI04,Frozen Foods,Regular,13.65,0.073209447,197.6426,OUT018,2009,Medium,Tier 3,Chennai,2768.3964
FDB36,Baking Goods,Regular,5.465,0.0,132.5626,OUT018,2009,Medium,Tier 3,Chennai,262.3252
FDL50,Canned,Regular,12.15,0.042485444,125.0046,OUT018,2009,Medium,Tier 3,Chennai,1743.0644
FDK58,Snack Foods,Regular,11.35,0.045165796,100.0016,OUT018,2009,Medium,Tier 3,Chennai,1012.016
FDZ32,Fruits and Vegetables,Regular,7.785,0.038288087,103.1964,OUT018,2009,Medium,Tier 3,Chennai,736.3748
FDP59,Breads,Regular,20.85,0.056695731,104.0648,OUT018,2009,Medium,Tier 3,Chennai,1869.5664
FDL51,Dairy,Regular,20.7,0.047684831,212.5876,OUT018,2009,Medium,Tier 3,Chennai,1286.3256
FDP51,Meat,Regular,13.85,0.085622362,119.4124,OUT018,2009,Medium,Tier 3,Chennai,2251.7356
FDY34,Snack Foods,Regular,10.5,0.011026594,166.4842,OUT018,2009,Medium,Tier 3,Chennai,2652.5472
FDA27,Dairy,Regular,20.35,0.0,256.7672,OUT018,2009,Medium,Tier 3,Chennai,5624.6784
FDZ13,Canned,Regular,7.84,0.154120252,51.935,OUT018,2009,Medium,Tier 3,Chennai,199.74
FDR52,Frozen Foods,Regular,12.65,0.076354362,192.1846,OUT018,2009,Medium,Tier 3,Chennai,1146.5076
FDW31,Fruits and Vegetables,Regular,11.35,0.043333912,201.0742,OUT018,2009,Medium,Tier 3,Chennai,2189.8162
FDT32,Fruits and Vegetables,Regular,19.0,0.065901299,188.7214,OUT018,2009,Medium,Tier 3,Chennai,1695.7926
FDB56,Fruits and Vegetables,Regular,8.75,0.074931201,187.6556,OUT018,2009,Medium,Tier 3,Chennai,938.778
FDO27,Meat,Regular,6.175,0.179806961,95.2752,OUT018,2009,Medium,Tier 3,Chennai,1534.0032
FDR16,Frozen Foods,Regular,5.845,0.105445801,214.4218,OUT018,2009,Medium,Tier 3,Chennai,1496.0526
FDF44,Fruits and Vegetables,Regular,7.17,0.05997133,132.1968,OUT018,2009,Medium,Tier 3,Chennai,2870.9296
FDG21,Seafood,Regular,17.35,0.146895866,149.605,OUT018,2009,Medium,Tier 3,Chennai,3745.125
FDS21,Snack Foods,Regular,19.85,0.020961192,62.0194,OUT018,2009,Medium,Tier 3,Chennai,619.194
FDW27,Meat,Regular,5.86,0.151467821,154.1314,OUT018,2009,Medium,Tier 3,Chennai,3412.8908
FDM60,Baking Goods,Regular,10.8,0.048339408,41.5138,OUT018,2009,Medium,Tier 3,Chennai,446.7518
FDC09,Fruits and Vegetables,Regular,15.5,0.026409147,102.1332,OUT018,2009,Medium,Tier 3,Chennai,615.1992
FDF34,Snack Foods,Regular,9.3,0.014076503,200.0084,OUT018,2009,Medium,Tier 3,Chennai,2182.4924
FDC29,Frozen Foods,Regular,8.39,0.024304264,114.0176,OUT018,2009,Medium,Tier 3,Chennai,1488.7288
FDU37,Canned,Regular,9.5,0.104933928,78.796,OUT018,2009,Medium,Tier 3,Chennai,1198.44
FDR13,Canned,Regular,9.895,0.028837829,117.8492,OUT018,2009,Medium,Tier 3,Chennai,1506.0396
FDW40,Frozen Foods,Regular,14.0,0.105573769,143.9812,OUT018,2009,Medium,Tier 3,Chennai,1139.8496
FDV22,Snack Foods,Regular,14.85,0.009979271,155.763,OUT018,2009,Medium,Tier 3,Chennai,3129.26
FDZ35,Breads,Regular,9.6,0.02236923,104.799,OUT018,2009,Medium,Tier 3,Chennai,1341.587
FDT19,Fruits and Vegetables,Regular,7.59,0.145631695,172.808,OUT018,2009,Medium,Tier 3,Chennai,2250.404
FDA02,Dairy,Regular,14.0,0.029843736,143.9786,OUT018,2009,Medium,Tier 3,Chennai,866.8716
FDQ32,Fruits and Vegetables,Regular,17.85,0.04679836,123.8388,OUT018,2009,Medium,Tier 3,Chennai,866.8716
FDZ57,Snack Foods,Regular,10.0,0.037918142,129.6994,OUT018,2009,Medium,Tier 3,Chennai,1413.4934
FDJ20,Fruits and Vegetables,Regular,20.7,0.100583009,123.5388,OUT018,2009,Medium,Tier 3,Chennai,1981.4208
FDY22,Snack Foods,Regular,16.5,0.160371305,143.9128,OUT018,2009,Medium,Tier 3,Chennai,1581.9408
FDD52,Dairy,Regular,18.25,0.184041545,110.157,OUT018,2009,Medium,Tier 3,Chennai,1867.569
FDB58,Snack Foods,Regular,10.5,0.013551445,142.0154,OUT018,2009,Medium,Tier 3,Chennai,2410.8618
FDY20,Fruits and Vegetables,Regular,12.5,0.082085787,92.2488,OUT018,2009,Medium,Tier 3,Chennai,1358.232
FDO46,Snack Foods,Regular,9.6,0.014270394,187.3872,OUT018,2009,Medium,Tier 3,Chennai,2647.2208
FDP48,Baking Goods,Regular,7.52,0.044202545,182.995,OUT018,2009,Medium,Tier 3,Chennai,4394.28
FDO48,Baking Goods,Regular,15.0,0.026950104,220.9456,OUT018,2009,Medium,Tier 3,Chennai,1768.3648
FDL57,Snack Foods,Regular,15.1,0.067350054,257.3304,OUT018,2009,Medium,Tier 3,Chennai,3874.956
FDJ55,Meat,Regular,12.8,0.023626808,223.2404,OUT018,2009,Medium,Tier 3,Chennai,2475.4444
FDD44,Fruits and Vegetables,Regular,8.05,0.078719835,258.5646,OUT018,2009,Medium,Tier 3,Chennai,3091.9752
FDI16,Frozen Foods,Regular,14.0,0.136328794,54.864,OUT018,2009,Medium,Tier 3,Chennai,319.584
FDL39,Dairy,Regular,16.1,0.06358934,179.4318,OUT018,2009,Medium,Tier 3,Chennai,360.8636
FDL52,Frozen Foods,Regular,6.635,0.046277956,36.7506,OUT018,2009,Medium,Tier 3,Chennai,75.9012
FDM04,Frozen Foods,Regular,9.195,0.04731256,50.7666,OUT018,2009,Medium,Tier 3,Chennai,512.666
FDU03,Meat,Regular,18.7,0.091950972,184.2292,OUT018,2009,Medium,Tier 3,Chennai,1277.0044
FDH40,Frozen Foods,Regular,11.6,0.079251097,79.2276,OUT018,2009,Medium,Tier 3,Chennai,649.8208
FDU58,Snack Foods,Regular,6.61,0.029129907,188.4898,OUT018,2009,Medium,Tier 3,Chennai,4677.245
FDJ34,Snack Foods,Regular,11.8,0.094037241,124.5704,OUT018,2009,Medium,Tier 3,Chennai,1001.3632
FDJ58,Snack Foods,Regular,15.6,0.105725004,169.9764,OUT018,2009,Medium,Tier 3,Chennai,2748.4224
FDC33,Fruits and Vegetables,Regular,8.96,0.069219165,196.5768,OUT018,2009,Medium,Tier 3,Chennai,2759.0752
FDB12,Baking Goods,Regular,11.15,0.105736638,104.4648,OUT018,2009,Medium,Tier 3,Chennai,2181.1608
FDA01,Canned,Regular,15.0,0.054599767,59.4904,OUT018,2009,Medium,Tier 3,Chennai,644.4944
FDW32,Fruits and Vegetables,Regular,18.35,0.09468096,86.2882,OUT018,2009,Medium,Tier 3,Chennai,1631.8758
FDQ55,Fruits and Vegetables,Regular,13.65,0.013091186,114.8834,OUT018,2009,Medium,Tier 3,Chennai,1612.5676
FDE04,Frozen Foods,Regular,19.75,0.018096488,179.566,OUT018,2009,Medium,Tier 3,Chennai,2696.49
FDR56,Fruits and Vegetables,Regular,15.5,0.101176316,198.9768,OUT018,2009,Medium,Tier 3,Chennai,4729.8432
FDM58,Snack Foods,Regular,16.85,0.080015028,111.8544,OUT018,2009,Medium,Tier 3,Chennai,1677.816
FDG34,Snack Foods,Regular,11.5,0.037723476,109.5254,OUT018,2009,Medium,Tier 3,Chennai,1953.4572
FDD56,Fruits and Vegetables,Regular,15.2,0.104201019,176.5054,OUT018,2009,Medium,Tier 3,Chennai,2976.7918
FDQ26,Dairy,Regular,13.5,0.068148886,58.6562,OUT018,2009,Medium,Tier 3,Chennai,711.0744
FDT24,Baking Goods,Regular,12.35,0.186616421,78.6328,OUT018,2009,Medium,Tier 3,Chennai,1004.0264
FDI21,Snack Foods,Regular,5.59,0.056833394,61.9168,OUT018,2009,Medium,Tier 3,Chennai,1214.4192
FDO45,Snack Foods,Regular,13.15,0.03810738,86.3856,OUT018,2009,Medium,Tier 3,Chennai,615.1992
FDX11,Baking Goods,Regular,16.0,0.107186944,181.9634,OUT018,2009,Medium,Tier 3,Chennai,3453.5046
FDC05,Frozen Foods,Regular,13.1,0.099186992,198.7768,OUT018,2009,Medium,Tier 3,Chennai,3153.2288
FDS28,Frozen Foods,Regular,8.18,0.082737261,57.3588,OUT018,2009,Medium,Tier 3,Chennai,343.5528
FDM16,Frozen Foods,Regular,8.155,0.033692089,76.2354,OUT018,2009,Medium,Tier 3,Chennai,1279.0018
FDC16,Dairy,Regular,11.5,0.020653603,84.954,OUT018,2009,Medium,Tier 3,Chennai,865.54
FDS45,Snack Foods,Regular,5.175,0.029616108,107.7622,OUT018,2009,Medium,Tier 3,Chennai,2011.3818
FDB38,Canned,Regular,19.5,0.027458099,158.792,OUT018,2009,Medium,Tier 3,Chennai,2556.672
FDN04,Frozen Foods,Regular,11.8,0.014144442,180.4344,OUT018,2009,Medium,Tier 3,Chennai,535.3032
FDQ27,Meat,Regular,5.19,0.044432887,102.899,OUT018,2009,Medium,Tier 3,Chennai,1651.184
FDU51,Meat,Regular,20.2,0.096906831,175.5028,OUT018,2009,Medium,Tier 3,Chennai,6729.9064
FDX36,Baking Goods,Regular,9.695,0.128805815,224.0404,OUT018,2009,Medium,Tier 3,Chennai,5851.0504
FDN38,Canned,Regular,6.615,0.09234651,251.8408,OUT018,2009,Medium,Tier 3,Chennai,4506.1344
FDR25,Canned,Regular,17.0,0.140090284,265.1884,OUT018,2009,Medium,Tier 3,Chennai,6359.7216
FDJ38,Canned,Regular,8.6,0.040369315,189.753,OUT018,2009,Medium,Tier 3,Chennai,2846.295
FDY44,Fruits and Vegetables,Regular,14.15,0.024503972,195.111,OUT018,2009,Medium,Tier 3,Chennai,982.055
FDH20,Fruits and Vegetables,Regular,16.1,0.025050746,97.141,OUT018,2009,Medium,Tier 3,Chennai,1448.115
FDK26,Canned,Regular,5.46,0.032308482,185.224,OUT018,2009,Medium,Tier 3,Chennai,2423.512
FDJ33,Snack Foods,Regular,8.895,0.088681966,121.973,OUT018,2009,Medium,Tier 3,Chennai,2956.152
FDK60,Baking Goods,Regular,16.5,0.094246644,98.9068,OUT018,2009,Medium,Tier 3,Chennai,1749.7224
FDY28,Frozen Foods,Regular,7.47,0.15277077,214.4218,OUT018,2009,Medium,Tier 3,Chennai,4274.436
FDU49,Canned,Regular,19.5,0.030819397,86.054,OUT018,2009,Medium,Tier 3,Chennai,2336.958
FDX07,Fruits and Vegetables,Regular,19.2,0.0,184.595,OUT018,2009,Medium,Tier 3,Chennai,3844.995
FDA37,Canned,Regular,7.81,0.055451725,122.6046,OUT018,2009,Medium,Tier 3,Chennai,2365.5874
FDF24,Baking Goods,Regular,15.5,0.025473816,83.1934,OUT018,2009,Medium,Tier 3,Chennai,1146.5076
FDH05,Frozen Foods,Regular,14.35,0.091283986,232.6984,OUT018,2009,Medium,Tier 3,Chennai,2316.984
FDB29,Frozen Foods,Regular,16.7,0.052625179,113.4176,OUT018,2009,Medium,Tier 3,Chennai,1488.7288
FDS25,Canned,Regular,6.885,0.14057889,112.1228,OUT018,2009,Medium,Tier 3,Chennai,663.1368
FDV52,Frozen Foods,Regular,20.7,0.122015744,117.7466,OUT018,2009,Medium,Tier 3,Chennai,2828.3184
FDY24,Baking Goods,Regular,4.88,0.134037,53.3298,OUT018,2009,Medium,Tier 3,Chennai,539.298
FDR20,Fruits and Vegetables,Regular,20.0,0.028238317,46.3744,OUT018,2009,Medium,Tier 3,Chennai,181.0976
FDH02,Canned,Regular,7.27,0.020865797,90.2488,OUT018,2009,Medium,Tier 3,Chennai,814.9392
FDQ07,Fruits and Vegetables,Regular,15.1,0.087762922,221.5456,OUT018,2009,Medium,Tier 3,Chennai,2873.5928
FDZ43,Fruits and Vegetables,Regular,11.0,0.057290978,242.7512,OUT018,2009,Medium,Tier 3,Chennai,1938.8096
FDZ25,Canned,Regular,15.7,0.027729547,169.379,OUT018,2009,Medium,Tier 3,Chennai,1528.011
FDA07,Fruits and Vegetables,Regular,7.55,0.03107068,122.4072,OUT018,2009,Medium,Tier 3,Chennai,857.5504
FDR44,Fruits and Vegetables,Regular,6.11,0.103340142,131.2968,OUT018,2009,Medium,Tier 3,Chennai,913.4776
FDR51,Meat,Regular,9.035,0.17417636,148.9708,OUT018,2009,Medium,Tier 3,Chennai,2257.062
FDT14,Dairy,Regular,10.695,0.128247408,121.844,OUT018,2009,Medium,Tier 3,Chennai,2277.036
FDF39,Dairy,Regular,14.85,0.019590769,261.591,OUT018,2009,Medium,Tier 3,Chennai,2366.919
FDA28,Frozen Foods,Regular,16.1,0.047996608,127.0362,OUT018,2009,Medium,Tier 3,Chennai,1384.1982
FDK08,Fruits and Vegetables,Regular,9.195,0.122802943,100.1016,OUT018,2009,Medium,Tier 3,Chennai,1113.2176
FDO01,Breakfast,Regular,21.1,0.020803054,129.7994,OUT018,2009,Medium,Tier 3,Chennai,1284.994
FDP13,Canned,Regular,8.1,0.134870732,41.948,OUT018,2009,Medium,Tier 3,Chennai,199.74
FDF45,Fruits and Vegetables,Regular,18.2,0.012254429,59.9904,OUT018,2009,Medium,Tier 3,Chennai,644.4944
FDX31,Fruits and Vegetables,Regular,20.35,0.014885998,234.4958,OUT018,2009,Medium,Tier 3,Chennai,3271.7412
FDE40,Dairy,Regular,15.6,0.0,62.4194,OUT018,2009,Medium,Tier 3,Chennai,804.9522
FDF10,Snack Foods,Regular,15.5,0.0,147.2418,OUT018,2009,Medium,Tier 3,Chennai,1324.2762
FDZ36,Baking Goods,Regular,6.035,0.066051758,187.724,OUT018,2009,Medium,Tier 3,Chennai,2050.664
FDH56,Fruits and Vegetables,Regular,9.8,0.06407717,116.7492,OUT018,2009,Medium,Tier 3,Chennai,1621.8888
FDC22,Snack Foods,Regular,6.89,0.136984147,192.682,OUT018,2009,Medium,Tier 3,Chennai,2703.148
FDP31,Fruits and Vegetables,Regular,21.1,0.16216286,62.2168,OUT018,2009,Medium,Tier 3,Chennai,383.5008
FDX27,Dairy,Regular,20.7,0.114581955,94.3436,OUT018,2009,Medium,Tier 3,Chennai,945.436
FDX04,Frozen Foods,Regular,19.6,0.041740902,49.2376,OUT018,2009,Medium,Tier 3,Chennai,958.752
FDV19,Fruits and Vegetables,Regular,14.85,0.035400659,161.9578,OUT018,2009,Medium,Tier 3,Chennai,1444.1202
FDP22,Snack Foods,Regular,14.65,0.099535996,52.2666,OUT018,2009,Medium,Tier 3,Chennai,615.1992
FDN25,Breakfast,Regular,7.895,0.061424738,57.7588,OUT018,2009,Medium,Tier 3,Chennai,1145.176
FDP49,Breakfast,Regular,9.0,0.0,55.2614,OUT018,2009,Medium,Tier 3,Chennai,552.614
FDC34,Snack Foods,Regular,16.0,0.173462841,157.6972,OUT018,2009,Medium,Tier 3,Chennai,2960.1468
FDU33,Snack Foods,Regular,7.63,0.135258515,47.2402,OUT018,2009,Medium,Tier 3,Chennai,918.804
FDD23,Starchy Foods,Regular,9.5,0.048883854,185.7898,OUT018,2009,Medium,Tier 3,Chennai,2619.2572
FDV34,Snack Foods,Regular,10.695,0.011472001,75.2038,OUT018,2009,Medium,Tier 3,Chennai,517.3266
FDG08,Fruits and Vegetables,Regular,13.15,0.166032929,170.8764,OUT018,2009,Medium,Tier 3,Chennai,2233.0932
FDV01,Canned,Regular,19.2,0.085296625,153.4314,OUT018,2009,Medium,Tier 3,Chennai,1861.5768
FDY57,Snack Foods,Regular,20.2,0.121748174,96.9752,OUT018,2009,Medium,Tier 3,Chennai,1725.7536
FDJ27,Meat,Regular,17.7,0.122372504,101.5674,OUT018,2009,Medium,Tier 3,Chennai,1629.8784
FDS24,Baking Goods,Regular,20.85,0.062477955,87.2514,OUT018,2009,Medium,Tier 3,Chennai,1505.3738
FDA25,Canned,Regular,16.5,0.068403271,101.999,OUT018,2009,Medium,Tier 3,Chennai,619.194
FDS46,Snack Foods,Regular,17.6,0.047449835,118.1782,OUT018,2009,Medium,Tier 3,Chennai,2621.9204
FDE14,Canned,Regular,13.65,0.031573246,99.47,OUT018,2009,Medium,Tier 3,Chennai,299.61
FDY40,Frozen Foods,Regular,15.5,0.086184647,50.9692,OUT018,2009,Medium,Tier 3,Chennai,394.1536
FDF29,Frozen Foods,Regular,15.1,0.020015391,128.831,OUT018,2009,Medium,Tier 3,Chennai,1817.634
FDE11,Starchy Foods,Regular,17.7,0.135646297,186.0924,OUT018,2009,Medium,Tier 3,Chennai,3516.7556
FDE10,Snack Foods,Regular,6.67,0.09031453,130.5626,OUT018,2009,Medium,Tier 3,Chennai,1180.4634
FDJ10,Snack Foods,Regular,5.095,0.130031207,142.4838,OUT018,2009,Medium,Tier 3,Chennai,561.9352
FDT50,Dairy,Regular,6.75,0.108679906,95.6752,OUT018,2009,Medium,Tier 3,Chennai,1246.3776
FDA47,Baking Goods,Regular,10.5,0.117149075,164.121,OUT018,2009,Medium,Tier 3,Chennai,1794.331
FDU47,Breads,Regular,12.8,0.114318263,142.2838,OUT018,2009,Medium,Tier 3,Chennai,421.4514
FDP28,Frozen Foods,Regular,13.65,0.080968973,259.7936,OUT018,2009,Medium,Tier 3,Chennai,2609.936
FDY56,Fruits and Vegetables,Regular,16.35,0.062665642,225.6062,OUT018,2009,Medium,Tier 3,Chennai,1579.9434
FDJ21,Snack Foods,Regular,16.7,0.038685176,146.6102,OUT018,2009,Medium,Tier 3,Chennai,2770.3938
FDR27,Meat,Regular,15.1,0.096491904,134.4942,OUT018,2009,Medium,Tier 3,Chennai,1854.9188
DRD01,Soft Drinks,Regular,12.1,0.061424738,56.7614,OUT018,2009,Medium,Tier 3,Chennai,1049.9666
FDH45,Fruits and Vegetables,Regular,15.1,0.106097275,43.2796,OUT018,2009,Medium,Tier 3,Chennai,123.8388
FDX32,Fruits and Vegetables,Regular,15.1,0.100265027,142.5786,OUT018,2009,Medium,Tier 3,Chennai,3323.0078
FDB40,Dairy,Regular,17.5,0.007570599,144.6102,OUT018,2009,Medium,Tier 3,Chennai,2187.153
FDZ23,Baking Goods,Regular,17.75,0.067777778,186.924,OUT018,2009,Medium,Tier 3,Chennai,3169.208
FDD32,Fruits and Vegetables,Regular,17.7,0.041098734,80.9276,OUT018,2009,Medium,Tier 3,Chennai,487.3656
FDL58,Snack Foods,Regular,5.78,0.074451126,264.5568,OUT018,2009,Medium,Tier 3,Chennai,6327.7632
FDY03,Meat,Regular,17.6,0.076431919,113.2202,OUT018,2009,Medium,Tier 3,Chennai,2025.3636
FDT10,Snack Foods,Regular,16.7,0.062297249,60.6562,OUT018,2009,Medium,Tier 3,Chennai,592.562
FDQ01,Canned,Regular,19.7,0.161356273,253.1014,OUT018,2009,Medium,Tier 3,Chennai,2805.0154
FDG41,Frozen Foods,Regular,8.84,0.076873991,109.9228,OUT018,2009,Medium,Tier 3,Chennai,1547.3192
FDL13,Breakfast,Regular,13.85,0.056547986,232.73,OUT018,2009,Medium,Tier 3,Chennai,6291.81
FDZ26,Dairy,Regular,11.6,0.144604071,240.8222,OUT018,2009,Medium,Tier 3,Chennai,3585.333
FDT51,Meat,Regular,11.65,0.010963269,110.9544,OUT018,2009,Medium,Tier 3,Chennai,335.5632
FDO19,Fruits and Vegetables,Regular,17.7,0.016664252,47.9034,OUT018,2009,Medium,Tier 3,Chennai,729.051
FDS33,Snack Foods,Regular,6.67,0.0,90.5514,OUT018,2009,Medium,Tier 3,Chennai,974.0654
FDM27,Meat,Regular,12.35,0.15911489,158.1946,OUT018,2009,Medium,Tier 3,Chennai,1104.5622
FDG20,Fruits and Vegetables,Regular,15.5,0.126199917,178.4028,OUT018,2009,Medium,Tier 3,Chennai,1239.7196
FDV33,Snack Foods,Regular,9.6,0.027454997,258.1304,OUT018,2009,Medium,Tier 3,Chennai,2324.9736
FDY04,Frozen Foods,Regular,17.7,0.042649476,162.721,OUT018,2009,Medium,Tier 3,Chennai,978.726
FDI09,Seafood,Regular,20.75,0.129864461,240.188,OUT018,2009,Medium,Tier 3,Chennai,5992.2
FDR01,Canned,Regular,5.405,0.053839714,198.6742,OUT018,2009,Medium,Tier 3,Chennai,2388.8904
FDQ25,Canned,Regular,8.63,0.028391879,173.9422,OUT018,2009,Medium,Tier 3,Chennai,4138.6128
FDB35,Starchy Foods,Regular,12.3,0.064882207,93.8804,OUT018,2009,Medium,Tier 3,Chennai,1470.0864
FDW19,Fruits and Vegetables,Regular,12.35,0.038657256,110.257,OUT018,2009,Medium,Tier 3,Chennai,1757.712
FDP21,Snack Foods,Regular,7.42,0.0258457,188.9872,OUT018,2009,Medium,Tier 3,Chennai,2458.1336
FDF26,Canned,Regular,6.825,0.046824729,155.1998,OUT018,2009,Medium,Tier 3,Chennai,2460.7968
FDO15,Meat,Regular,16.75,0.008601441,73.7038,OUT018,2009,Medium,Tier 3,Chennai,1404.1722
FDQ47,Breads,Regular,7.155,0.168871496,34.3874,OUT018,2009,Medium,Tier 3,Chennai,670.4606
FDB14,Canned,Regular,20.25,0.103142373,94.612,OUT018,2009,Medium,Tier 3,Chennai,652.484
FDB41,Frozen Foods,Regular,19.0,0.097709541,48.6718,OUT018,2009,Medium,Tier 3,Chennai,614.5334
FDO39,Meat,Regular,6.985,0.137926458,184.7608,OUT018,2009,Medium,Tier 3,Chennai,4042.7376
FDY26,Dairy,Regular,20.6,0.030634813,212.9244,OUT018,2009,Medium,Tier 3,Chennai,2540.6928
FDS44,Fruits and Vegetables,Regular,12.65,0.156679617,238.8538,OUT018,2009,Medium,Tier 3,Chennai,4566.7222
DRC13,Soft Drinks,Regular,8.26,0.032573725,125.073,OUT018,2009,Medium,Tier 3,Chennai,985.384
FDT15,Meat,Regular,12.15,0.042855388,181.695,OUT018,2009,Medium,Tier 3,Chennai,2929.52
FDN28,Frozen Foods,Regular,5.88,0.030371121,101.799,OUT018,2009,Medium,Tier 3,Chennai,1960.781
FDQ48,Baking Goods,Regular,14.3,0.034551415,98.1726,OUT018,2009,Medium,Tier 3,Chennai,685.1082
FDW02,Dairy,Regular,4.805,0.037852995,126.2704,OUT018,2009,Medium,Tier 3,Chennai,3629.9416
FDX56,Fruits and Vegetables,Regular,17.1,0.07436116,206.1638,OUT018,2009,Medium,Tier 3,Chennai,4141.276
FDZ21,Snack Foods,Regular,17.6,0.039381633,98.041,OUT018,2009,Medium,Tier 3,Chennai,675.787
FDC40,Dairy,Regular,16.0,0.065328932,78.4986,OUT018,2009,Medium,Tier 3,Chennai,1791.6678
FDZ39,Meat,Regular,19.7,0.018098194,104.599,OUT018,2009,Medium,Tier 3,Chennai,309.597
FDV12,Baking Goods,Regular,16.7,0.061122656,100.0384,OUT018,2009,Medium,Tier 3,Chennai,2463.46
FDE36,Baking Goods,Regular,5.26,0.041942549,165.4868,OUT018,2009,Medium,Tier 3,Chennai,2293.0152
FDR55,Fruits and Vegetables,Regular,12.15,0.132621594,190.1872,OUT018,2009,Medium,Tier 3,Chennai,3781.744
FDY02,Dairy,Regular,8.945,0.088002959,261.391,OUT018,2009,Medium,Tier 3,Chennai,1840.937
FDP52,Frozen Foods,Regular,18.7,0.070979698,229.501,OUT018,2009,Medium,Tier 3,Chennai,1607.907
FDU44,Fruits and Vegetables,Regular,12.15,0.058663727,164.1552,OUT018,2009,Medium,Tier 3,Chennai,3249.104
FDV26,Dairy,Regular,20.25,0.076470697,196.1794,OUT018,2009,Medium,Tier 3,Chennai,2731.1116
FDU10,Snack Foods,Regular,10.1,0.045878153,38.5848,OUT018,2009,Medium,Tier 3,Chennai,484.7024
FDC14,Canned,Regular,14.5,0.0,41.0454,OUT018,2009,Medium,Tier 3,Chennai,545.2902
FDI36,Baking Goods,Regular,12.5,0.062597392,196.9426,OUT018,2009,Medium,Tier 3,Chennai,5339.0502
FDI40,Frozen Foods,Regular,11.5,0.126114605,99.3358,OUT018,2009,Medium,Tier 3,Chennai,804.2864
FDG17,Frozen Foods,Regular,6.865,0.03598621,244.1486,OUT018,2009,Medium,Tier 3,Chennai,2687.8346
FDN22,Snack Foods,Regular,18.85,0.138868769,251.8724,OUT018,2009,Medium,Tier 3,Chennai,3271.7412
FDG12,Baking Goods,Regular,6.635,0.006351876,120.3098,OUT018,2009,Medium,Tier 3,Chennai,1446.1176
FDY35,Breads,Regular,17.6,0.016092971,45.8402,OUT018,2009,Medium,Tier 3,Chennai,1102.5648
FDU26,Dairy,Regular,16.7,0.042792568,118.6782,OUT018,2009,Medium,Tier 3,Chennai,1549.3166
FDX48,Baking Goods,Regular,17.75,0.038042233,154.2656,OUT018,2009,Medium,Tier 3,Chennai,3398.2432
FDT12,Baking Goods,Regular,6.215,0.049823839,226.6062,OUT018,2009,Medium,Tier 3,Chennai,677.1186
FDO22,Snack Foods,Regular,13.5,0.017932223,78.796,OUT018,2009,Medium,Tier 3,Chennai,239.688
FDB02,Canned,Regular,9.695,0.029283081,175.137,OUT018,2009,Medium,Tier 3,Chennai,3705.177
FDM50,Canned,Regular,13.0,0.030211742,59.322,OUT018,2009,Medium,Tier 3,Chennai,539.298
FDH28,Frozen Foods,Regular,15.85,0.110479217,36.7506,OUT018,2009,Medium,Tier 3,Chennai,531.3084
FDO21,Snack Foods,Regular,11.6,0.009802791,223.0404,OUT018,2009,Medium,Tier 3,Chennai,1125.202
FDX47,Breads,Regular,6.55,0.034745307,158.8288,OUT018,2009,Medium,Tier 3,Chennai,4399.6064
FDW14,Dairy,Regular,8.3,0.038367194,87.1198,OUT018,2009,Medium,Tier 3,Chennai,959.4178
FDI60,Baking Goods,Regular,7.22,0.038477325,62.951,OUT018,2009,Medium,Tier 3,Chennai,1138.518
FDJ03,Dairy,Regular,12.35,0.072689818,48.7692,OUT018,2009,Medium,Tier 3,Chennai,788.3072
FDM02,Canned,Regular,12.5,0.074035423,87.9198,OUT018,2009,Medium,Tier 3,Chennai,1133.8574
FDL24,Baking Goods,Regular,10.3,0.024998007,174.4422,OUT018,2009,Medium,Tier 3,Chennai,3448.844
FDY12,Baking Goods,Regular,9.8,0.14118383,50.5008,OUT018,2009,Medium,Tier 3,Chennai,253.004
DRA59,Soft Drinks,Regular,8.27,0.128449055,186.5924,OUT018,2009,Medium,Tier 3,Chennai,4442.2176
FDR12,Baking Goods,Regular,12.6,0.031663212,173.2764,OUT018,2009,Medium,Tier 3,Chennai,1030.6584
FDW22,Snack Foods,Regular,9.695,0.030413777,221.3114,OUT018,2009,Medium,Tier 3,Chennai,2217.114
FDI41,Frozen Foods,Regular,18.5,0.062510529,146.8418,OUT018,2009,Medium,Tier 3,Chennai,2059.9852
FDO52,Frozen Foods,Regular,11.6,0.077478931,170.3106,OUT018,2009,Medium,Tier 3,Chennai,4277.765
FDZ03,Dairy,Regular,13.65,0.0,186.024,OUT018,2009,Medium,Tier 3,Chennai,4287.752
FDT26,Dairy,Regular,18.85,0.06823032,121.044,OUT018,2009,Medium,Tier 3,Chennai,1557.972
FDU28,Frozen Foods,Regular,19.2,0.094300933,187.5214,OUT018,2009,Medium,Tier 3,Chennai,1695.7926
FDT07,Fruits and Vegetables,Regular,5.82,0.077634044,256.433,OUT018,2009,Medium,Tier 3,Chennai,3844.995
FDR22,Snack Foods,Regular,19.35,0.01863822,110.2544,OUT018,2009,Medium,Tier 3,Chennai,1677.816
FDX38,Dairy,Regular,10.5,0.048403392,48.2376,OUT018,2009,Medium,Tier 3,Chennai,527.3136
FDX52,Frozen Foods,Regular,11.5,0.042173667,194.682,OUT018,2009,Medium,Tier 3,Chennai,2316.984
FDN49,Breakfast,Regular,17.25,0.125734578,41.748,OUT018,2009,Medium,Tier 3,Chennai,199.74
FDT33,Snack Foods,Regular,7.81,0.03412912,165.1158,OUT018,2009,Medium,Tier 3,Chennai,1838.2738
FDG35,Starchy Foods,Regular,21.2,0.007069662,175.7738,OUT018,2009,Medium,Tier 3,Chennai,1911.5118
FDS59,Breads,Regular,14.8,0.04407225,109.057,OUT018,2009,Medium,Tier 3,Chennai,1428.141
FDK20,Fruits and Vegetables,Regular,12.6,0.041726942,122.0072,OUT018,2009,Medium,Tier 3,Chennai,1470.0864
FDV60,Baking Goods,Regular,20.2,0.117839328,195.211,OUT018,2009,Medium,Tier 3,Chennai,2356.932
FDA09,Snack Foods,Regular,13.35,0.149974858,179.766,OUT018,2009,Medium,Tier 3,Chennai,5932.278
FDI34,Snack Foods,Regular,10.65,0.085482761,231.4668,OUT018,2009,Medium,Tier 3,Chennai,3225.1352
FDQ31,Fruits and Vegetables,Regular,5.785,0.054066567,87.0856,OUT018,2009,Medium,Tier 3,Chennai,1406.1696
FDQ40,Frozen Foods,Regular,11.1,0.036174285,176.0712,OUT018,2009,Medium,Tier 3,Chennai,1581.9408
FDV28,Frozen Foods,Regular,16.1,0.160379061,33.6558,OUT018,2009,Medium,Tier 3,Chennai,203.7348
FDE23,Starchy Foods,Regular,17.6,0.053397642,46.706,OUT018,2009,Medium,Tier 3,Chennai,699.09
FDA26,Dairy,Regular,7.855,0.0,220.1482,OUT018,2009,Medium,Tier 3,Chennai,4600.0122
FDF08,Fruits and Vegetables,Regular,14.3,0.0,89.8856,OUT018,2009,Medium,Tier 3,Chennai,1406.1696
FDC21,Fruits and Vegetables,Regular,14.6,0.043133816,109.7254,OUT018,2009,Medium,Tier 3,Chennai,651.1524
FDG33,Seafood,Regular,5.365,0.140811559,173.5764,OUT018,2009,Medium,Tier 3,Chennai,2061.3168
FDT52,Frozen Foods,Regular,9.695,0.047622786,246.2144,OUT018,2009,Medium,Tier 3,Chennai,3675.216
FDQ11,Breads,Regular,5.695,0.06797671,257.4988,OUT018,2009,Medium,Tier 3,Chennai,3083.9856
FDW51,Meat,Regular,6.155,0.095045476,213.456,OUT018,2009,Medium,Tier 3,Chennai,2556.672
FDM01,Breakfast,Regular,7.895,0.094952408,101.1332,OUT018,2009,Medium,Tier 3,Chennai,1332.9316
FDS16,Frozen Foods,Regular,15.15,0.066446521,147.976,OUT018,2009,Medium,Tier 3,Chennai,732.38
FDT56,Fruits and Vegetables,Regular,16.0,0.116063284,59.1246,OUT018,2009,Medium,Tier 3,Chennai,753.0198
FDG38,Canned,Regular,8.975,0.0,84.9224,OUT018,2009,Medium,Tier 3,Chennai,1278.336
FDY01,Canned,Regular,11.8,0.170977155,117.0834,OUT018,2009,Medium,Tier 3,Chennai,1842.9344
FDC57,Fruits and Vegetables,Regular,20.1,0.054816926,194.282,OUT018,2009,Medium,Tier 3,Chennai,1544.656
FDM25,Breakfast,Regular,10.695,0.060912865,173.8712,OUT018,2009,Medium,Tier 3,Chennai,4570.0512
FDZ59,Baking Goods,Regular,6.63,0.104445322,167.25,OUT018,2009,Medium,Tier 3,Chennai,1830.95
FDL38,Canned,Regular,13.8,0.014793124,88.5172,OUT018,2009,Medium,Tier 3,Chennai,2408.8644
FDJ26,Canned,Regular,15.3,0.08511049,215.7218,OUT018,2009,Medium,Tier 3,Chennai,1923.4962
FDS04,Frozen Foods,Regular,10.195,0.0,139.5838,OUT018,2009,Medium,Tier 3,Chennai,4495.4816
FDH04,Frozen Foods,Regular,6.115,0.011419301,91.0488,OUT018,2009,Medium,Tier 3,Chennai,1629.8784
FDL25,Breakfast,Regular,6.92,0.131458247,90.5804,OUT018,2009,Medium,Tier 3,Chennai,183.7608
FDH53,Frozen Foods,Regular,20.5,0.019277945,82.8592,OUT018,2009,Medium,Tier 3,Chennai,1733.7432
FDG10,Snack Foods,Regular,6.63,0.01098386,55.4588,OUT018,2009,Medium,Tier 3,Chennai,343.5528
FDT16,Frozen Foods,Regular,9.895,0.048860587,260.2278,OUT018,2009,Medium,Tier 3,Chennai,4165.2448
FDO08,Fruits and Vegetables,Regular,11.1,0.0,165.5526,OUT018,2009,Medium,Tier 3,Chennai,1973.4312
FDV57,Snack Foods,Regular,15.25,0.0,179.766,OUT018,2009,Medium,Tier 3,Chennai,3056.022
FDO56,Fruits and Vegetables,Regular,10.195,0.045165796,118.4808,OUT018,2009,Medium,Tier 3,Chennai,1640.5312
FDH50,Canned,Regular,15.0,0.162093059,182.5266,OUT018,2009,Medium,Tier 3,Chennai,1290.9862
FDZ31,Fruits and Vegetables,Regular,15.35,0.113678422,189.7504,OUT018,2009,Medium,Tier 3,Chennai,2492.7552
FDZ07,Fruits and Vegetables,Regular,15.1,0.0,63.7194,OUT018,2009,Medium,Tier 3,Chennai,1362.2268
FDT11,Breads,Regular,5.94,0.029492018,188.0556,OUT018,2009,Medium,Tier 3,Chennai,938.778
FDU12,Baking Goods,Regular,15.5,0.076059648,265.1568,OUT018,2009,Medium,Tier 3,Chennai,2109.2544
FDK03,Dairy,Regular,12.6,0.074221559,255.9356,OUT018,2009,Medium,Tier 3,Chennai,4832.3764
FDQ36,Baking Goods,Regular,7.855,0.162205516,36.2848,OUT018,2009,Medium,Tier 3,Chennai,1155.8288
FDW39,Meat,Regular,6.69,0.037060755,176.837,OUT018,2009,Medium,Tier 3,Chennai,1411.496
FDY39,Meat,Regular,5.305,0.047220268,181.9608,OUT018,2009,Medium,Tier 3,Chennai,2388.8904
FDO31,Fruits and Vegetables,Regular,6.76,0.029100745,80.696,OUT018,2009,Medium,Tier 3,Chennai,559.272
FDW38,Dairy,Regular,5.325,0.139244918,53.0298,OUT018,2009,Medium,Tier 3,Chennai,377.5086
FDG09,Fruits and Vegetables,Regular,20.6,0.048131556,187.1556,OUT018,2009,Medium,Tier 3,Chennai,4693.89
FDV20,Fruits and Vegetables,Regular,20.2,0.060045008,128.3678,OUT018,2009,Medium,Tier 3,Chennai,1398.8458
FDN58,Snack Foods,Regular,13.8,0.057104066,232.6984,OUT018,2009,Medium,Tier 3,Chennai,1390.1904
FDO20,Fruits and Vegetables,Regular,12.85,0.152747503,252.0382,OUT018,2009,Medium,Tier 3,Chennai,4037.4112
FDV48,Baking Goods,Regular,9.195,0.051827123,77.4644,OUT018,2009,Medium,Tier 3,Chennai,1414.1592
FDI08,Fruits and Vegetables,Regular,18.2,0.066567121,250.2092,OUT018,2009,Medium,Tier 3,Chennai,2988.1104
FDD21,Fruits and Vegetables,Regular,10.3,0.030693756,114.2176,OUT018,2009,Medium,Tier 3,Chennai,2175.8344
FDB49,Baking Goods,Regular,8.3,0.030274175,98.5384,OUT018,2009,Medium,Tier 3,Chennai,1872.2296
FDY15,Dairy,Regular,18.25,0.171523928,155.863,OUT018,2009,Medium,Tier 3,Chennai,2346.945
FDI02,Canned,Regular,15.7,0.115031783,114.1202,OUT018,2009,Medium,Tier 3,Chennai,787.6414
FDB23,Starchy Foods,Regular,19.2,0.005611367,226.2062,OUT018,2009,Medium,Tier 3,Chennai,1579.9434
FDR34,Snack Foods,Regular,17.0,0.016030344,228.0352,OUT018,2009,Medium,Tier 3,Chennai,2748.4224
FDI50,Canned,Regular,8.42,0.030968306,227.8352,OUT018,2009,Medium,Tier 3,Chennai,3435.528
FDO51,Meat,Regular,6.785,0.042153502,44.0112,OUT018,2009,Medium,Tier 3,Chennai,340.8896
FDM09,Snack Foods,Regular,11.15,0.086281593,170.579,OUT018,2009,Medium,Tier 3,Chennai,1358.232
FDB03,Dairy,Regular,17.75,0.157470693,239.1538,OUT018,2009,Medium,Tier 3,Chennai,4326.3684
FDK10,Snack Foods,Regular,5.785,0.040523265,177.866,OUT018,2009,Medium,Tier 3,Chennai,4853.682
FDL03,Meat,Regular,19.25,0.027190917,194.811,OUT018,2009,Medium,Tier 3,Chennai,2160.521
FDC59,Starchy Foods,Regular,16.7,0.054851438,64.4168,OUT018,2009,Medium,Tier 3,Chennai,830.9184
FDJ57,Seafood,Regular,7.42,0.021661527,187.7582,OUT018,2009,Medium,Tier 3,Chennai,2600.6148
FDN08,Fruits and Vegetables,Regular,7.72,0.0,117.7466,OUT018,2009,Medium,Tier 3,Chennai,1296.3126
FDZ28,Frozen Foods,Regular,20.0,0.051702257,125.8678,OUT018,2009,Medium,Tier 3,Chennai,763.0068
FDV13,Canned,Regular,17.35,0.027723342,89.6856,OUT018,2009,Medium,Tier 3,Chennai,2109.2544
FDO03,Meat,Regular,10.395,0.037033223,227.9352,OUT018,2009,Medium,Tier 3,Chennai,4809.7392
FDB46,Snack Foods,Regular,10.5,0.094145821,210.8244,OUT018,2009,Medium,Tier 3,Chennai,2117.244
FDN46,Snack Foods,Regular,7.21,0.145220646,103.1332,OUT018,2009,Medium,Tier 3,Chennai,1845.5976
FDR28,Frozen Foods,Regular,13.85,0.026001976,161.521,OUT018,2009,Medium,Tier 3,Chennai,1794.331
FDW46,Snack Foods,Regular,13.0,0.070588037,65.9484,OUT018,2009,Medium,Tier 3,Chennai,1043.9744
FDO50,Canned,Low Fat,16.25,0.0,90.2804,OUT018,2009,Medium,Tier 3,Chennai,1653.8472
FDD10,Snack Foods,Regular,20.6,0.046208155,178.0344,OUT018,2009,Medium,Tier 3,Chennai,1605.9096
NCM54,Household,Low Fat,17.7,0.051146565,127.3678,OUT018,2009,Medium,Tier 3,Chennai,3306.3628
FDW57,Snack Foods,Regular,8.31,0.116148596,176.0028,OUT018,2009,Medium,Tier 3,Chennai,4427.57
DRL11,Hard Drinks,Low Fat,10.5,0.048213766,159.6946,OUT018,2009,Medium,Tier 3,Chennai,3629.2758
NCF18,Household,Low Fat,18.35,0.089345074,191.9504,OUT018,2009,Medium,Tier 3,Chennai,5369.0112
FDX01,Canned,Low Fat,10.1,0.024262772,117.615,OUT018,2009,Medium,Tier 3,Chennai,1514.695
FDN09,Snack Foods,Low Fat,14.15,0.035016754,245.3828,OUT018,2009,Medium,Tier 3,Chennai,1705.7796
FDP34,Snack Foods,Low Fat,12.85,0.137786856,157.763,OUT018,2009,Medium,Tier 3,Chennai,2659.871
FDD20,Fruits and Vegetables,Low Fat,14.15,0.020798905,123.6046,OUT018,2009,Medium,Tier 3,Chennai,1245.046
FDT40,Frozen Foods,Low Fat,5.985,0.096185556,127.1678,OUT018,2009,Medium,Tier 3,Chennai,3560.6984
FDA44,Fruits and Vegetables,Low Fat,19.7,0.053439522,55.093,OUT018,2009,Medium,Tier 3,Chennai,1018.674
FDA31,Fruits and Vegetables,Low Fat,7.1,0.110459828,172.108,OUT018,2009,Medium,Tier 3,Chennai,2250.404
FDS31,Fruits and Vegetables,Regular,13.1,0.044372393,180.3318,OUT018,2009,Medium,Tier 3,Chennai,2886.9088
FDT36,Baking Goods,Low Fat,12.3,0.111727876,33.9874,OUT018,2009,Medium,Tier 3,Chennai,564.5984
FDF11,Starchy Foods,Regular,10.195,0.017703044,239.4538,OUT018,2009,Medium,Tier 3,Chennai,3605.307
DRN37,Soft Drinks,Low Fat,9.6,0.096689673,168.0158,OUT018,2009,Medium,Tier 3,Chennai,1336.9264
FDY47,Breads,Regular,8.6,0.054706408,128.931,OUT018,2009,Medium,Tier 3,Chennai,1428.141
FDA55,Fruits and Vegetables,Regular,17.2,0.057221177,225.4088,OUT018,2009,Medium,Tier 3,Chennai,2460.7968
FDF59,Starchy Foods,Low Fat,12.5,0.071534226,124.902,OUT018,2009,Medium,Tier 3,Chennai,1771.028
FDG56,Fruits and Vegetables,Regular,13.3,0.071743629,59.7536,OUT018,2009,Medium,Tier 3,Chennai,918.804
FDY11,Baking Goods,Regular,6.71,0.029680868,65.0142,OUT018,2009,Medium,Tier 3,Chennai,856.8846
FDJ45,Seafood,Low Fat,17.75,0.073709686,35.1216,OUT018,2009,Medium,Tier 3,Chennai,415.4592
FDD11,Starchy Foods,Low Fat,12.85,0.0,253.004,OUT018,2009,Medium,Tier 3,Chennai,3795.06
FDY50,Dairy,Low Fat,5.8,0.131489269,89.7172,OUT018,2009,Medium,Tier 3,Chennai,1605.9096
DRI39,Dairy,Low Fat,13.8,0.097457483,55.393,OUT018,2009,Medium,Tier 3,Chennai,1018.674
FDE29,Frozen Foods,Low Fat,8.905,0.143712172,60.2878,OUT018,2009,Medium,Tier 3,Chennai,1151.1682
FDT23,Breads,Regular,7.72,0.075035902,78.7986,OUT018,2009,Medium,Tier 3,Chennai,856.8846
NCO55,Others,Low Fat,12.8,0.091408076,108.9938,OUT018,2009,Medium,Tier 3,Chennai,1071.938
FDN01,Breakfast,Low Fat,8.895,0.072693696,175.937,OUT018,2009,Medium,Tier 3,Chennai,529.311
FDV59,Breads,Low Fat,13.35,0.0,217.6166,OUT018,2009,Medium,Tier 3,Chennai,3265.749
FDW35,Breads,Low Fat,10.6,0.011134397,42.8454,OUT018,2009,Medium,Tier 3,Chennai,167.7816
FDR02,Dairy,Low Fat,16.7,0.022155562,109.5886,OUT018,2009,Medium,Tier 3,Chennai,1000.6974
FDW56,Fruits and Vegetables,Low Fat,7.68,0.0711891,193.3162,OUT018,2009,Medium,Tier 3,Chennai,5772.486
DRD12,Soft Drinks,Low Fat,6.96,0.077508015,92.3146,OUT018,2009,Medium,Tier 3,Chennai,1094.5752
FDV21,Snack Foods,Low Fat,11.5,0.171779865,126.0704,OUT018,2009,Medium,Tier 3,Chennai,1627.2152
FDV23,Breads,Low Fat,11.0,0.1062679,123.2046,OUT018,2009,Medium,Tier 3,Chennai,3237.1196
DRE37,Soft Drinks,Low Fat,13.5,0.094603404,187.0872,OUT018,2009,Medium,Tier 3,Chennai,3214.4824
FDA04,Frozen Foods,Regular,11.3,0.067001825,259.1962,OUT018,2009,Medium,Tier 3,Chennai,5438.9202
FDN50,Canned,Regular,16.85,0.026627857,93.712,OUT018,2009,Medium,Tier 3,Chennai,745.696
FDM15,Meat,Regular,11.8,0.057655493,152.6366,OUT018,2009,Medium,Tier 3,Chennai,1662.5026
FDS35,Breads,Low Fat,9.3,0.111673587,65.7826,OUT018,2009,Medium,Tier 3,Chennai,968.739
FDH26,Canned,Regular,19.25,0.034841089,141.1496,OUT018,2009,Medium,Tier 3,Chennai,282.2992
FDB45,Fruits and Vegetables,Low Fat,20.85,0.021416681,104.6306,OUT018,2009,Medium,Tier 3,Chennai,1149.8366
NCD31,Household,Low Fat,12.1,0.015497337,165.5526,OUT018,2009,Medium,Tier 3,Chennai,3453.5046
NCS54,Household,Low Fat,13.6,0.010033871,177.937,OUT018,2009,Medium,Tier 3,Chennai,2293.681
FDU19,Fruits and Vegetables,Regular,8.77,0.046962004,173.8422,OUT018,2009,Medium,Tier 3,Chennai,3448.844
FDF04,Frozen Foods,Low Fat,17.5,0.013692598,259.7304,OUT018,2009,Medium,Tier 3,Chennai,3616.6256
NCX05,Health and Hygiene,Low Fat,15.2,0.097457483,114.4492,OUT018,2009,Medium,Tier 3,Chennai,579.246
FDV16,Frozen Foods,Regular,7.75,0.083268523,32.9558,OUT018,2009,Medium,Tier 3,Chennai,101.8674
DRD60,Soft Drinks,Low Fat,15.7,0.037383778,179.7634,OUT018,2009,Medium,Tier 3,Chennai,1817.634
DRD25,Soft Drinks,Low Fat,6.135,0.079293753,111.286,OUT018,2009,Medium,Tier 3,Chennai,2263.72
NCA17,Health and Hygiene,Low Fat,20.6,0.045603215,149.2392,OUT018,2009,Medium,Tier 3,Chennai,4026.7584
FDX57,Snack Foods,Regular,17.25,0.047458754,95.8068,OUT018,2009,Medium,Tier 3,Chennai,1263.6884
FDU25,Canned,Low Fat,12.35,0.02678995,58.9246,OUT018,2009,Medium,Tier 3,Chennai,926.7936
NCQ06,Household,Low Fat,13.0,0.041994899,254.7014,OUT018,2009,Medium,Tier 3,Chennai,5100.028
FDT02,Dairy,Low Fat,12.6,0.02429329,33.4874,OUT018,2009,Medium,Tier 3,Chennai,105.8622
NCT05,Health and Hygiene,Low Fat,10.895,0.021037197,255.9672,OUT018,2009,Medium,Tier 3,Chennai,4857.6768
NCB42,Health and Hygiene,Low Fat,11.8,0.008596051,115.3492,OUT018,2009,Medium,Tier 3,Chennai,1621.8888
NCS17,Health and Hygiene,Low Fat,18.6,0.080829372,96.4436,OUT018,2009,Medium,Tier 3,Chennai,2741.7644
FDP33,Snack Foods,Low Fat,18.7,0.0,256.6672,OUT018,2009,Medium,Tier 3,Chennai,3068.0064
FDC02,Canned,Low Fat,21.35,0.069102831,259.9278,OUT018,2009,Medium,Tier 3,Chennai,6768.5228
FDK21,Snack Foods,Low Fat,7.905,0.010053105,249.0408,OUT018,2009,Medium,Tier 3,Chennai,6258.52
FDM20,Fruits and Vegetables,Low Fat,10.0,0.0,246.9144,OUT018,2009,Medium,Tier 3,Chennai,3185.1872
FDV45,Snack Foods,Low Fat,16.75,0.045230944,187.9556,OUT018,2009,Medium,Tier 3,Chennai,4693.89
FDP09,Snack Foods,Low Fat,19.75,0.034027909,212.0902,OUT018,2009,Medium,Tier 3,Chennai,3185.853
FDY58,Snack Foods,Low Fat,11.65,0.040081193,227.0694,OUT018,2009,Medium,Tier 3,Chennai,1141.847
FDG02,Canned,Low Fat,7.855,0.011307038,188.5188,OUT018,2009,Medium,Tier 3,Chennai,952.094
NCI18,Household,Low Fat,18.35,0.014081156,223.5746,OUT018,2009,Medium,Tier 3,Chennai,3589.9936
FDV25,Canned,Low Fat,5.905,0.045838211,222.5456,OUT018,2009,Medium,Tier 3,Chennai,3315.684
FDW11,Breads,Low Fat,12.6,0.0489808,61.9194,OUT018,2009,Medium,Tier 3,Chennai,619.194
FDT43,Fruits and Vegetables,Low Fat,16.35,0.020631654,50.1324,OUT018,2009,Medium,Tier 3,Chennai,467.3916
FDL20,Fruits and Vegetables,Low Fat,17.1,0.128937661,112.3886,OUT018,2009,Medium,Tier 3,Chennai,1779.0176
NCD06,Household,Low Fat,13.0,0.099729888,46.306,OUT018,2009,Medium,Tier 3,Chennai,559.272
FDH27,Dairy,Low Fat,7.075,0.05858462,142.7128,OUT018,2009,Medium,Tier 3,Chennai,1869.5664
FDO23,Breads,Low Fat,17.85,0.147023834,93.7436,OUT018,2009,Medium,Tier 3,Chennai,1134.5232
FDR04,Frozen Foods,Low Fat,7.075,0.0,98.0068,OUT018,2009,Medium,Tier 3,Chennai,874.8612
FDX25,Canned,Low Fat,16.7,0.0,181.2292,OUT018,2009,Medium,Tier 3,Chennai,2554.0088
DRN47,Hard Drinks,Low Fat,12.1,0.016895293,178.566,OUT018,2009,Medium,Tier 3,Chennai,898.83
FDW49,Canned,Low Fat,19.5,0.082888496,178.6002,OUT018,2009,Medium,Tier 3,Chennai,1253.7014
FDZ38,Dairy,Low Fat,17.6,0.008033611,174.2422,OUT018,2009,Medium,Tier 3,Chennai,4311.055
FDV39,Meat,Low Fat,11.3,0.007309544,196.2426,OUT018,2009,Medium,Tier 3,Chennai,4943.565
FDN32,Fruits and Vegetables,Low Fat,17.5,0.015623754,182.6266,OUT018,2009,Medium,Tier 3,Chennai,3135.2522
FDJ41,Frozen Foods,Low Fat,6.85,0.022976497,261.6594,OUT018,2009,Medium,Tier 3,Chennai,3401.5722
DRI51,Dairy,Low Fat,17.25,0.042413704,173.1764,OUT018,2009,Medium,Tier 3,Chennai,4466.1864
FDK24,Baking Goods,Low Fat,9.195,0.0,43.6744,OUT018,2009,Medium,Tier 3,Chennai,407.4696
FDK28,Frozen Foods,Low Fat,5.695,0.065857092,258.5646,OUT018,2009,Medium,Tier 3,Chennai,4380.2982
DRD37,Soft Drinks,Low Fat,9.8,0.013898123,46.506,OUT018,2009,Medium,Tier 3,Chennai,372.848
NCI29,Health and Hygiene,Low Fat,8.6,0.032754431,140.5154,OUT018,2009,Medium,Tier 3,Chennai,283.6308
DRH13,Soft Drinks,Low Fat,8.575,0.023983258,106.328,OUT018,2009,Medium,Tier 3,Chennai,958.752
NCM41,Health and Hygiene,Low Fat,16.5,0.035801238,92.612,OUT018,2009,Medium,Tier 3,Chennai,559.272
FDC53,Frozen Foods,Low Fat,8.68,0.008871687,99.7384,OUT018,2009,Medium,Tier 3,Chennai,295.6152
FDQ09,Snack Foods,Low Fat,7.235,0.058369013,115.2834,OUT018,2009,Medium,Tier 3,Chennai,1267.0174
FDC17,Frozen Foods,Low Fat,12.15,0.015523707,212.0928,OUT018,2009,Medium,Tier 3,Chennai,2735.1064
FDU04,Frozen Foods,Low Fat,7.93,0.0,123.2414,OUT018,2009,Medium,Tier 3,Chennai,487.3656
FDN27,Meat,Low Fat,20.85,0.0,115.1808,OUT018,2009,Medium,Tier 3,Chennai,1054.6272
NCQ42,Household,Low Fat,20.35,0.039428167,127.9678,OUT018,2009,Medium,Tier 3,Chennai,3560.6984
FDY59,Baking Goods,Low Fat,8.195,0.0,93.1462,OUT018,2009,Medium,Tier 3,Chennai,647.8234
FDU13,Canned,Low Fat,8.355,0.188322664,148.5418,OUT018,2009,Medium,Tier 3,Chennai,2207.127
FDY51,Meat,Low Fat,12.5,0.081465335,220.7798,OUT018,2009,Medium,Tier 3,Chennai,6611.394
DRG39,Dairy,Low Fat,14.15,0.042352822,51.6982,OUT018,2009,Medium,Tier 3,Chennai,1262.3568
NCG43,Household,Low Fat,20.2,0.074541867,94.1462,OUT018,2009,Medium,Tier 3,Chennai,1758.3778
DRF15,Dairy,Low Fat,18.35,0.03334929,155.034,OUT018,2009,Medium,Tier 3,Chennai,1990.742
FDD03,Dairy,Low Fat,13.3,0.080131363,234.03,OUT018,2009,Medium,Tier 3,Chennai,4194.54
FDD29,Frozen Foods,Low Fat,12.15,0.018485511,253.1698,OUT018,2009,Medium,Tier 3,Chennai,1522.0188
DRK23,Hard Drinks,Low Fat,8.395,0.07226985,254.104,OUT018,2009,Medium,Tier 3,Chennai,3542.056
NCB18,Household,Low Fat,19.6,0.041459372,89.6514,OUT018,2009,Medium,Tier 3,Chennai,1239.7196
NCQ38,Others,Low Fat,16.35,0.013420879,104.828,OUT018,2009,Medium,Tier 3,Chennai,1810.976
FDI28,Frozen Foods,Low Fat,14.3,0.026428924,78.2302,OUT018,2009,Medium,Tier 3,Chennai,554.6114
FDK43,Meat,Low Fat,9.8,0.026950104,128.402,OUT018,2009,Medium,Tier 3,Chennai,1265.02
NCO06,Household,Low Fat,19.25,0.108470504,33.4558,OUT018,2009,Medium,Tier 3,Chennai,441.4254
FDG44,Fruits and Vegetables,Low Fat,6.13,0.102607233,54.0298,OUT018,2009,Medium,Tier 3,Chennai,808.947
NCJ30,Household,Low Fat,5.82,0.080968973,171.379,OUT018,2009,Medium,Tier 3,Chennai,2037.348
NCI54,Household,Low Fat,15.2,0.033735909,110.9912,OUT018,2009,Medium,Tier 3,Chennai,1856.2504
FDA21,Snack Foods,Low Fat,13.65,0.036107198,184.4924,OUT018,2009,Medium,Tier 3,Chennai,5182.5872
NCR17,Health and Hygiene,Low Fat,9.8,0.024482644,116.2492,OUT018,2009,Medium,Tier 3,Chennai,2896.23
FDT21,Snack Foods,Low Fat,7.42,0.020474913,248.4092,OUT018,2009,Medium,Tier 3,Chennai,996.0368
FDY27,Dairy,Low Fat,6.38,0.032028115,178.3344,OUT018,2009,Medium,Tier 3,Chennai,3211.8192
NCI31,Others,Low Fat,20.0,0.08165845,35.019,OUT018,2009,Medium,Tier 3,Chennai,585.904
NCR30,Household,Low Fat,20.6,0.071282168,74.4696,OUT018,2009,Medium,Tier 3,Chennai,223.7088
FDQ21,Snack Foods,Low Fat,21.25,0.019502354,120.8756,OUT018,2009,Medium,Tier 3,Chennai,3150.5656
FDG45,Fruits and Vegetables,Low Fat,8.1,0.0,211.8902,OUT018,2009,Medium,Tier 3,Chennai,3823.0236
FDB34,Snack Foods,Low Fat,15.25,0.02671821,85.2198,OUT018,2009,Medium,Tier 3,Chennai,1482.7366
FDF52,Frozen Foods,Low Fat,9.3,0.067055339,184.2292,OUT018,2009,Medium,Tier 3,Chennai,1277.0044
FDC26,Canned,Low Fat,10.195,0.126897925,110.6886,OUT018,2009,Medium,Tier 3,Chennai,1223.0746
FDV46,Snack Foods,Low Fat,18.2,0.012659235,140.718,OUT018,2009,Medium,Tier 3,Chennai,2656.542
FDO38,Canned,Low Fat,17.25,0.073135768,77.2986,OUT018,2009,Medium,Tier 3,Chennai,1012.6818
NCP29,Health and Hygiene,Low Fat,8.42,0.112728355,65.8168,OUT018,2009,Medium,Tier 3,Chennai,830.9184
NCP18,Household,Low Fat,12.15,0.028714747,151.9708,OUT018,2009,Medium,Tier 3,Chennai,3611.2992
FDZ33,Snack Foods,Low Fat,10.195,0.107834541,146.5076,OUT018,2009,Medium,Tier 3,Chennai,1330.2684
FDH33,Snack Foods,Low Fat,12.85,0.122221269,45.9428,OUT018,2009,Medium,Tier 3,Chennai,1274.3412
DRG27,Dairy,Low Fat,8.895,0.0,42.0138,OUT018,2009,Medium,Tier 3,Chennai,568.5932
NCN18,Household,Low Fat,8.895,0.125222705,113.3544,OUT018,2009,Medium,Tier 3,Chennai,1006.6896
DRF36,Soft Drinks,Low Fat,16.1,0.023673342,189.0846,OUT018,2009,Medium,Tier 3,Chennai,5350.3688
FDK22,Snack Foods,Low Fat,9.8,0.026192765,215.685,OUT018,2009,Medium,Tier 3,Chennai,649.155
FDO33,Snack Foods,Low Fat,14.75,0.089686322,115.3518,OUT018,2009,Medium,Tier 3,Chennai,1821.6288
NCR29,Health and Hygiene,Low Fat,7.565,0.054863459,58.393,OUT018,2009,Medium,Tier 3,Chennai,509.337
FDL26,Canned,Low Fat,18.0,0.073490977,157.3972,OUT018,2009,Medium,Tier 3,Chennai,778.986
FDM39,Dairy,Low Fat,6.42,0.053688479,178.3002,OUT018,2009,Medium,Tier 3,Chennai,2328.3026
FDU52,Frozen Foods,Low Fat,7.56,0.064030636,154.463,OUT018,2009,Medium,Tier 3,Chennai,2503.408
NCH18,Household,Low Fat,9.3,0.044843161,246.1802,OUT018,2009,Medium,Tier 3,Chennai,2702.4822
FDY55,Fruits and Vegetables,Low Fat,16.75,0.08165147,258.3988,OUT018,2009,Medium,Tier 3,Chennai,1541.9928
NCZ53,Health and Hygiene,Low Fat,9.6,0.024576875,186.6214,OUT018,2009,Medium,Tier 3,Chennai,1884.214
FDY43,Fruits and Vegetables,Low Fat,14.85,0.098803088,169.7474,OUT018,2009,Medium,Tier 3,Chennai,673.7896
NCM43,Others,Low Fat,14.5,0.019554705,162.421,OUT018,2009,Medium,Tier 3,Chennai,1957.452
FDN12,Baking Goods,Low Fat,15.6,0.0,111.8544,OUT018,2009,Medium,Tier 3,Chennai,1454.1072
FDG24,Baking Goods,Low Fat,7.975,0.01469075,84.725,OUT018,2009,Medium,Tier 3,Chennai,1747.725
FDN10,Snack Foods,Low Fat,11.5,0.0,119.5124,OUT018,2009,Medium,Tier 3,Chennai,829.5868
DRK01,Soft Drinks,Low Fat,7.63,0.061313057,93.3436,OUT018,2009,Medium,Tier 3,Chennai,1323.6104
NCM06,Household,Low Fat,7.475,0.076036381,153.9656,OUT018,2009,Medium,Tier 3,Chennai,2625.9152
FDO57,Snack Foods,Low Fat,20.75,0.109153001,161.3578,OUT018,2009,Medium,Tier 3,Chennai,4492.8184
NCP02,Household,Low Fat,7.105,0.044991294,59.2562,OUT018,2009,Medium,Tier 3,Chennai,651.8182
FDV32,Fruits and Vegetables,Low Fat,7.785,0.089069748,62.751,OUT018,2009,Medium,Tier 3,Chennai,1707.777
NCR53,Health and Hygiene,Low Fat,12.15,0.0,224.4404,OUT018,2009,Medium,Tier 3,Chennai,5626.01
FDL40,Frozen Foods,Low Fat,17.7,0.011660463,96.541,OUT018,2009,Medium,Tier 3,Chennai,2220.443
FDA39,Meat,Low Fat,6.32,0.012769753,39.9822,OUT018,2009,Medium,Tier 3,Chennai,78.5644
NCB55,Household,Low Fat,15.7,0.161317495,57.5562,OUT018,2009,Medium,Tier 3,Chennai,829.5868
FDA20,Fruits and Vegetables,Low Fat,6.78,0.066892471,186.424,OUT018,2009,Medium,Tier 3,Chennai,1304.968
FDB08,Fruits and Vegetables,Low Fat,6.055,0.031230059,160.3578,OUT018,2009,Medium,Tier 3,Chennai,1765.0358
NCV30,Household,Low Fat,20.2,0.066200667,61.451,OUT018,2009,Medium,Tier 3,Chennai,126.502
NCC55,Household,Low Fat,10.695,0.064022881,36.0848,OUT018,2009,Medium,Tier 3,Chennai,372.848
FDI56,Fruits and Vegetables,Low Fat,7.325,0.093765794,90.3146,OUT018,2009,Medium,Tier 3,Chennai,1733.0774
DRJ49,Soft Drinks,Low Fat,6.865,0.01405025,128.9652,OUT018,2009,Medium,Tier 3,Chennai,1679.1476
FDE08,Fruits and Vegetables,Low Fat,18.2,0.049520593,147.3734,OUT018,2009,Medium,Tier 3,Chennai,2375.5744
FDR43,Fruits and Vegetables,Low Fat,18.2,0.162147349,37.719,OUT018,2009,Medium,Tier 3,Chennai,549.285
NCP06,Household,Low Fat,20.7,0.039405676,149.8366,OUT018,2009,Medium,Tier 3,Chennai,2267.049
FDT45,Snack Foods,Low Fat,15.85,0.057546914,55.8956,OUT018,2009,Medium,Tier 3,Chennai,491.3604
FDQ39,Meat,Low Fat,14.8,0.081372267,191.4846,OUT018,2009,Medium,Tier 3,Chennai,3057.3536
FDV02,Dairy,Low Fat,16.75,0.060792265,170.4106,OUT018,2009,Medium,Tier 3,Chennai,513.3318
FDQ56,Fruits and Vegetables,Low Fat,6.59,0.106027474,83.9908,OUT018,2009,Medium,Tier 3,Chennai,1426.1436
NCN41,Health and Hygiene,Low Fat,17.0,0.052421981,123.773,OUT018,2009,Medium,Tier 3,Chennai,1231.73
FDF32,Fruits and Vegetables,Low Fat,16.35,0.0,196.3426,OUT018,2009,Medium,Tier 3,Chennai,1384.1982
FDR46,Snack Foods,Low Fat,16.85,0.139985583,145.276,OUT018,2009,Medium,Tier 3,Chennai,2490.092
NCF42,Household,Low Fat,17.35,0.168064909,176.2712,OUT018,2009,Medium,Tier 3,Chennai,1230.3984
FDC45,Fruits and Vegetables,Low Fat,17.0,0.136286138,170.9106,OUT018,2009,Medium,Tier 3,Chennai,1197.7742
FDU55,Fruits and Vegetables,Low Fat,16.2,0.036057562,260.3278,OUT018,2009,Medium,Tier 3,Chennai,2342.9502
FDX21,Snack Foods,Low Fat,7.05,0.085312137,107.4912,OUT018,2009,Medium,Tier 3,Chennai,982.7208
NCW54,Household,Low Fat,7.5,0.096806008,56.2588,OUT018,2009,Medium,Tier 3,Chennai,687.1056
FDO40,Frozen Foods,Low Fat,17.1,0.032761024,148.8392,OUT018,2009,Medium,Tier 3,Chennai,2087.9488
FDV49,Canned,Low Fat,10.0,0.025932408,264.7226,OUT018,2009,Medium,Tier 3,Chennai,3171.8712
FDK40,Frozen Foods,Low Fat,7.035,0.021938404,264.691,OUT018,2009,Medium,Tier 3,Chennai,5785.802
FDG57,Fruits and Vegetables,Low Fat,14.7,0.072592873,48.5034,OUT018,2009,Medium,Tier 3,Chennai,874.8612
NCP41,Health and Hygiene,Low Fat,16.6,0.016276741,109.8596,OUT018,2009,Medium,Tier 3,Chennai,1617.894
FDM33,Snack Foods,Low Fat,15.6,0.0,220.4798,OUT018,2009,Medium,Tier 3,Chennai,661.1394
FDT58,Snack Foods,Low Fat,9.0,0.08630486,168.0816,OUT018,2009,Medium,Tier 3,Chennai,2181.1608
FDQ44,Fruits and Vegetables,Low Fat,20.5,0.036287517,121.2756,OUT018,2009,Medium,Tier 3,Chennai,2181.1608
FDQ34,Snack Foods,Low Fat,10.85,0.162903525,104.9622,OUT018,2009,Medium,Tier 3,Chennai,1482.0708
DRG48,Soft Drinks,Low Fat,5.78,0.014614357,147.3102,OUT018,2009,Medium,Tier 3,Chennai,2332.9632
NCL17,Health and Hygiene,Low Fat,7.39,0.068055818,140.7812,OUT018,2009,Medium,Tier 3,Chennai,1567.2932
FDS03,Meat,Low Fat,7.825,0.079952983,62.7826,OUT018,2009,Medium,Tier 3,Chennai,1162.4868
FDS13,Canned,Low Fat,6.465,0.0,263.1884,OUT018,2009,Medium,Tier 3,Chennai,2914.8724
NCS38,Household,Low Fat,8.6,0.090558833,112.6176,OUT018,2009,Medium,Tier 3,Chennai,3091.9752
NCN19,Others,Low Fat,13.1,0.012148836,191.353,OUT018,2009,Medium,Tier 3,Chennai,1328.271
FDG50,Canned,Low Fat,7.405,0.015334003,92.7146,OUT018,2009,Medium,Tier 3,Chennai,1185.7898
FDO04,Frozen Foods,Low Fat,16.6,0.026645307,53.5614,OUT018,2009,Medium,Tier 3,Chennai,939.4438
FDK16,Frozen Foods,Low Fat,9.065,0.115799592,95.3094,OUT018,2009,Medium,Tier 3,Chennai,1713.7692
NCO54,Household,Low Fat,19.5,0.014332439,57.1614,OUT018,2009,Medium,Tier 3,Chennai,1381.535
DRK12,Soft Drinks,Low Fat,9.5,0.042056944,31.89,OUT018,2009,Medium,Tier 3,Chennai,366.19
DRO47,Hard Drinks,Low Fat,10.195,0.112681821,113.986,OUT018,2009,Medium,Tier 3,Chennai,452.744
NCJ42,Household,Low Fat,19.75,0.014359584,100.8332,OUT018,2009,Medium,Tier 3,Chennai,1537.998
FDC39,Dairy,Low Fat,7.405,0.159843921,206.6296,OUT018,2009,Medium,Tier 3,Chennai,3115.944
FDR60,Baking Goods,Low Fat,14.3,0.130946374,76.7328,OUT018,2009,Medium,Tier 3,Chennai,1312.9576
DRJ39,Dairy,Low Fat,20.25,0.036474041,218.3482,OUT018,2009,Medium,Tier 3,Chennai,2409.5302
DRE15,Dairy,Low Fat,13.35,0.017857847,77.5012,OUT018,2009,Medium,Tier 3,Chennai,1518.024
FDW13,Canned,Low Fat,8.5,0.098283459,51.3324,OUT018,2009,Medium,Tier 3,Chennai,934.7832
FDG52,Frozen Foods,Low Fat,13.65,0.065898197,46.1402,OUT018,2009,Medium,Tier 3,Chennai,459.402
FDA38,Dairy,Low Fat,5.44,0.025583714,239.1538,OUT018,2009,Medium,Tier 3,Chennai,480.7076
FDU23,Breads,Low Fat,12.15,0.021811987,163.6184,OUT018,2009,Medium,Tier 3,Chennai,2311.6576
NCI30,Household,Low Fat,20.25,0.0591756,245.046,OUT018,2009,Medium,Tier 3,Chennai,4680.574
NCX30,Household,Low Fat,16.7,0.026729068,248.4776,OUT018,2009,Medium,Tier 3,Chennai,6439.6176
FDV09,Snack Foods,Low Fat,12.1,0.020652362,149.5734,OUT018,2009,Medium,Tier 3,Chennai,2227.101
DRE49,Soft Drinks,Low Fat,20.75,0.021336565,153.6024,OUT018,2009,Medium,Tier 3,Chennai,1366.2216
FDJ07,Meat,Low Fat,7.26,0.014482278,118.115,OUT018,2009,Medium,Tier 3,Chennai,1864.24
DRM59,Hard Drinks,Low Fat,5.88,0.003606726,154.1998,OUT018,2009,Medium,Tier 3,Chennai,1384.1982
NCC43,Household,Low Fat,7.39,0.093160853,251.3066,OUT018,2009,Medium,Tier 3,Chennai,1004.0264
NCR41,Health and Hygiene,Low Fat,17.85,0.018097419,96.9094,OUT018,2009,Medium,Tier 3,Chennai,1332.9316
FDR09,Snack Foods,Low Fat,18.25,0.078041216,258.4962,OUT018,2009,Medium,Tier 3,Chennai,2848.9582
FDL56,Fruits and Vegetables,Low Fat,14.1,0.126292985,88.6198,OUT018,2009,Medium,Tier 3,Chennai,1133.8574
NCQ53,Health and Hygiene,Low Fat,17.6,0.018982338,237.059,OUT018,2009,Medium,Tier 3,Chennai,2836.308
FDO58,Snack Foods,Low Fat,19.6,0.039738393,163.7526,OUT018,2009,Medium,Tier 3,Chennai,2960.1468
FDT22,Snack Foods,Low Fat,10.395,0.112553853,59.022,OUT018,2009,Medium,Tier 3,Chennai,1378.206
FDX50,Dairy,Low Fat,20.1,0.074931201,108.9228,OUT018,2009,Medium,Tier 3,Chennai,1105.228
FDI14,Canned,Low Fat,14.1,0.090043082,140.1496,OUT018,2009,Medium,Tier 3,Chennai,846.8976
NCX18,Household,Low Fat,14.15,0.008829806,196.811,OUT018,2009,Medium,Tier 3,Chennai,4517.453
FDM34,Snack Foods,Low Fat,19.0,0.067722325,130.8626,OUT018,2009,Medium,Tier 3,Chennai,1573.9512
NCA06,Household,Low Fat,20.5,0.0,37.119,OUT018,2009,Medium,Tier 3,Chennai,842.237
FDP04,Frozen Foods,Low Fat,15.35,0.013869039,62.5168,OUT018,2009,Medium,Tier 3,Chennai,447.4176
NCB54,Health and Hygiene,Low Fat,8.76,0.050256604,127.3336,OUT018,2009,Medium,Tier 3,Chennai,2684.5056
FDD50,Canned,Low Fat,18.85,0.142219209,167.6132,OUT018,2009,Medium,Tier 3,Chennai,1522.0188
FDA15,Dairy,Low Fat,9.3,0.016087659,249.6092,OUT018,2009,Medium,Tier 3,Chennai,5976.2208
DRE03,Dairy,Low Fat,19.6,0.024325592,48.5718,OUT018,2009,Medium,Tier 3,Chennai,425.4462
FDX23,Baking Goods,Low Fat,6.445,0.029812714,95.4436,OUT018,2009,Medium,Tier 3,Chennai,1229.0668
FDL36,Baking Goods,Low Fat,15.1,0.076385385,88.483,OUT018,2009,Medium,Tier 3,Chennai,988.713
FDZ45,Snack Foods,Low Fat,14.1,0.067148407,200.4084,OUT018,2009,Medium,Tier 3,Chennai,3968.168
DRH49,Soft Drinks,Low Fat,19.7,0.024756031,83.8592,OUT018,2009,Medium,Tier 3,Chennai,247.6776
FDG26,Canned,Low Fat,18.85,0.04282359,254.433,OUT018,2009,Medium,Tier 3,Chennai,2050.664
FDT34,Snack Foods,Low Fat,9.3,0.175060504,106.7964,OUT018,2009,Medium,Tier 3,Chennai,525.982
FDL16,Frozen Foods,Low Fat,12.85,0.169139066,46.406,OUT018,2009,Medium,Tier 3,Chennai,186.424
NCH06,Household,Low Fat,12.3,0.076866235,247.146,OUT018,2009,Medium,Tier 3,Chennai,492.692
DRF03,Dairy,Low Fat,19.1,0.045492697,40.3138,OUT018,2009,Medium,Tier 3,Chennai,527.9794
DRG11,Hard Drinks,Low Fat,6.385,0.084179812,109.0596,OUT018,2009,Medium,Tier 3,Chennai,1941.4728
FDX09,Snack Foods,Low Fat,9.0,0.065515067,178.137,OUT018,2009,Medium,Tier 3,Chennai,1058.622
NCH43,Household,Low Fat,8.42,0.070856383,217.4192,OUT018,2009,Medium,Tier 3,Chennai,431.4384
NCV53,Health and Hygiene,Low Fat,8.27,0.01889024,238.188,OUT018,2009,Medium,Tier 3,Chennai,3835.008
FDQ10,Snack Foods,Low Fat,12.85,0.033314389,171.6422,OUT018,2009,Medium,Tier 3,Chennai,3276.4018
FDP57,Snack Foods,Low Fat,17.5,0.052657753,103.699,OUT018,2009,Medium,Tier 3,Chennai,1031.99
FDP07,Fruits and Vegetables,Low Fat,18.2,0.090267996,194.711,OUT018,2009,Medium,Tier 3,Chennai,4910.275
FDE16,Frozen Foods,Low Fat,8.895,0.026451028,210.3954,OUT018,2009,Medium,Tier 3,Chennai,5001.4896
FDN57,Snack Foods,Low Fat,18.25,0.054455125,142.0154,OUT018,2009,Medium,Tier 3,Chennai,850.8924
FDP39,Meat,Low Fat,12.65,0.069707771,51.0324,OUT018,2009,Medium,Tier 3,Chennai,727.0536
FDF02,Canned,Low Fat,16.2,0.103894671,101.299,OUT018,2009,Medium,Tier 3,Chennai,1857.582
FDF33,Seafood,Low Fat,7.97,0.021623214,107.6596,OUT018,2009,Medium,Tier 3,Chennai,1833.6132
FDR58,Snack Foods,Low Fat,6.675,0.0,92.9462,OUT018,2009,Medium,Tier 3,Chennai,1018.0082
FDL10,Snack Foods,Low Fat,8.395,0.039653081,99.5042,OUT018,2009,Medium,Tier 3,Chennai,1686.4714
FDE24,Baking Goods,Low Fat,14.85,0.09384335,142.3812,OUT018,2009,Medium,Tier 3,Chennai,1139.8496
DRM37,Soft Drinks,Low Fat,15.35,0.096790497,197.2768,OUT018,2009,Medium,Tier 3,Chennai,3941.536
NCF31,Household,Low Fat,9.13,0.052058629,150.6024,OUT018,2009,Medium,Tier 3,Chennai,1821.6288
FDC23,Starchy Foods,Low Fat,18.0,0.017979145,178.3686,OUT018,2009,Medium,Tier 3,Chennai,3199.8348
NCK30,Household,Low Fat,14.85,0.061226969,253.0698,OUT018,2009,Medium,Tier 3,Chennai,2283.0282
FDI45,Fruits and Vegetables,Low Fat,13.1,0.037734334,173.9054,OUT018,2009,Medium,Tier 3,Chennai,3677.2134
FDL27,Meat,Low Fat,6.17,0.010674255,63.4826,OUT018,2009,Medium,Tier 3,Chennai,774.9912
FDS55,Fruits and Vegetables,Low Fat,7.02,0.0,148.1734,OUT018,2009,Medium,Tier 3,Chennai,890.8404
NCN30,Household,Low Fat,16.35,0.017062427,98.141,OUT018,2009,Medium,Tier 3,Chennai,1544.656
NCG18,Household,Low Fat,15.3,0.023071504,101.8332,OUT018,2009,Medium,Tier 3,Chennai,1025.332
FDB51,Dairy,Low Fat,6.92,0.038610722,61.4852,OUT018,2009,Medium,Tier 3,Chennai,1314.2892
DRH03,Dairy,Low Fat,17.25,0.035207155,93.512,OUT018,2009,Medium,Tier 3,Chennai,1491.392
NCT30,Household,Low Fat,9.1,0.080619969,47.4718,OUT018,2009,Medium,Tier 3,Chennai,472.718
FDX43,Fruits and Vegetables,Low Fat,5.655,0.085622362,167.25,OUT018,2009,Medium,Tier 3,Chennai,2330.3
FDA10,Snack Foods,Low Fat,20.35,0.142393712,122.7072,OUT018,2009,Medium,Tier 3,Chennai,1470.0864
NCW53,Health and Hygiene,Low Fat,18.35,0.030619301,194.0162,OUT018,2009,Medium,Tier 3,Chennai,2886.243
FDT04,Frozen Foods,Low Fat,17.25,0.0,40.8822,OUT018,2009,Medium,Tier 3,Chennai,628.5152
NCN54,Household,Low Fat,20.35,0.021413346,76.2328,OUT018,2009,Medium,Tier 3,Chennai,463.3968
NCO43,Others,Low Fat,5.5,0.047290068,100.5016,OUT018,2009,Medium,Tier 3,Chennai,1416.8224
FDG53,Frozen Foods,Low Fat,10.0,0.046043736,140.618,OUT018,2009,Medium,Tier 3,Chennai,2376.906
NCP05,Health and Hygiene,Low Fat,19.6,0.0,150.3024,OUT018,2009,Medium,Tier 3,Chennai,2580.6408
FDV24,Baking Goods,Low Fat,5.635,0.103693024,149.905,OUT018,2009,Medium,Tier 3,Chennai,2546.685
FDB50,Canned,Low Fat,13.0,0.154244343,77.9986,OUT018,2009,Medium,Tier 3,Chennai,1168.479
NCE07,Household,Low Fat,8.18,0.013183517,143.1154,OUT018,2009,Medium,Tier 3,Chennai,1843.6002
DRK13,Soft Drinks,Low Fat,11.8,0.115636723,199.7084,OUT018,2009,Medium,Tier 3,Chennai,3571.3512
DRD24,Soft Drinks,Low Fat,13.85,0.030920531,141.0154,OUT018,2009,Medium,Tier 3,Chennai,1701.7848
FDX45,Snack Foods,Low Fat,16.75,0.105282932,156.963,OUT018,2009,Medium,Tier 3,Chennai,2816.334
FDF09,Fruits and Vegetables,Low Fat,6.215,0.012198395,37.4848,OUT018,2009,Medium,Tier 3,Chennai,186.424
FDM03,Meat,Low Fat,12.65,0.123531974,108.2938,OUT018,2009,Medium,Tier 3,Chennai,535.969
FDM56,Fruits and Vegetables,Low Fat,16.7,0.0,109.1912,OUT018,2009,Medium,Tier 3,Chennai,545.956
FDT59,Breads,Low Fat,13.65,0.015976249,230.2668,OUT018,2009,Medium,Tier 3,Chennai,2994.7684
NCN07,Others,Low Fat,18.5,0.034082974,130.9284,OUT018,2009,Medium,Tier 3,Chennai,1977.426
FDJ46,Snack Foods,Low Fat,11.1,0.04500603,174.0054,OUT018,2009,Medium,Tier 3,Chennai,2101.2648
FDB52,Dairy,Low Fat,17.75,0.030559583,257.4672,OUT018,2009,Medium,Tier 3,Chennai,3835.008
FDP23,Breads,Low Fat,6.71,0.035731825,218.3166,OUT018,2009,Medium,Tier 3,Chennai,5660.6316
FDT60,Baking Goods,Low Fat,12.0,0.075856062,124.5388,OUT018,2009,Medium,Tier 3,Chennai,1733.7432
FDE32,Fruits and Vegetables,Low Fat,20.7,0.048957533,37.8506,OUT018,2009,Medium,Tier 3,Chennai,265.6542
NCK18,Household,Low Fat,9.6,0.006725388,165.9184,OUT018,2009,Medium,Tier 3,Chennai,2972.1312
FDT03,Meat,Low Fat,21.25,0.010039493,181.7608,OUT018,2009,Medium,Tier 3,Chennai,1102.5648
FDH48,Baking Goods,Low Fat,13.5,0.0,84.554,OUT018,2009,Medium,Tier 3,Chennai,778.986
FDV07,Fruits and Vegetables,Low Fat,9.5,0.031410378,110.3228,OUT018,2009,Medium,Tier 3,Chennai,2763.07
FDD05,Frozen Foods,Low Fat,19.35,0.016679143,119.3098,OUT018,2009,Medium,Tier 3,Chennai,1928.1568
FDJ09,Snack Foods,Low Fat,15.0,0.058632705,46.4744,OUT018,2009,Medium,Tier 3,Chennai,543.2928
NCO05,Health and Hygiene,Low Fat,7.27,0.046749112,100.4384,OUT018,2009,Medium,Tier 3,Chennai,1970.768
FDK33,Snack Foods,Low Fat,17.85,0.011281018,213.756,OUT018,2009,Medium,Tier 3,Chennai,3408.896
FDH10,Snack Foods,Low Fat,21.0,0.049505857,195.3478,OUT018,2009,Medium,Tier 3,Chennai,1162.4868
FDB59,Snack Foods,Low Fat,18.25,0.015341139,200.0084,OUT018,2009,Medium,Tier 3,Chennai,1984.084
FDE45,Fruits and Vegetables,Low Fat,12.1,0.040521714,178.5002,OUT018,2009,Medium,Tier 3,Chennai,5552.1062
FDU39,Meat,Low Fat,18.85,0.036184755,58.5562,OUT018,2009,Medium,Tier 3,Chennai,770.3306
FDK38,Canned,Low Fat,6.65,0.053506996,150.0734,OUT018,2009,Medium,Tier 3,Chennai,3563.3616
DRI37,Soft Drinks,Low Fat,15.85,0.108036187,57.3904,OUT018,2009,Medium,Tier 3,Chennai,703.0848
FDU34,Snack Foods,Low Fat,18.25,0.075501241,123.1046,OUT018,2009,Medium,Tier 3,Chennai,249.0092
NCY06,Household,Low Fat,15.25,0.061434045,130.9968,OUT018,2009,Medium,Tier 3,Chennai,2348.9424
FDD36,Baking Goods,Low Fat,13.3,0.02136022,120.4124,OUT018,2009,Medium,Tier 3,Chennai,1777.686
FDU36,Baking Goods,Low Fat,6.15,0.046459438,100.5384,OUT018,2009,Medium,Tier 3,Chennai,1675.1528
NCH30,Household,Low Fat,17.1,0.0,114.686,OUT018,2009,Medium,Tier 3,Chennai,1358.232
FDA32,Fruits and Vegetables,Low Fat,14.0,0.030216783,216.6192,OUT018,2009,Medium,Tier 3,Chennai,3020.0688
NCQ43,Others,Low Fat,17.75,0.0,108.6912,OUT018,2009,Medium,Tier 3,Chennai,1201.1032
FDI52,Frozen Foods,Low Fat,18.7,0.105104552,121.7072,OUT018,2009,Medium,Tier 3,Chennai,1347.5792
FDX59,Breads,Low Fat,10.195,0.051871718,35.3558,OUT018,2009,Medium,Tier 3,Chennai,237.6906
NCC18,Household,Low Fat,19.1,0.177992139,173.1422,OUT018,2009,Medium,Tier 3,Chennai,2931.5174
NCW29,Health and Hygiene,Low Fat,14.0,0.028980533,129.531,OUT018,2009,Medium,Tier 3,Chennai,2077.296
FDT38,Dairy,Low Fat,18.7,0.057771828,85.3566,OUT018,2009,Medium,Tier 3,Chennai,591.8962
FDX02,Dairy,Low Fat,16.0,0.057292529,224.3404,OUT018,2009,Medium,Tier 3,Chennai,4500.808
DRP35,Hard Drinks,Low Fat,18.85,0.091237452,128.9336,OUT018,2009,Medium,Tier 3,Chennai,1278.336
DRK47,Hard Drinks,Low Fat,7.905,0.064325351,230.2694,OUT018,2009,Medium,Tier 3,Chennai,3197.1716
FDP56,Fruits and Vegetables,Low Fat,8.185,0.046673494,48.4692,OUT018,2009,Medium,Tier 3,Chennai,591.2304
FDI20,Fruits and Vegetables,Low Fat,19.1,0.038720852,210.8586,OUT018,2009,Medium,Tier 3,Chennai,6331.758
FDH57,Fruits and Vegetables,Low Fat,10.895,0.035893143,131.3284,OUT018,2009,Medium,Tier 3,Chennai,1318.284
FDP20,Fruits and Vegetables,Low Fat,19.85,0.045855273,127.102,OUT018,2009,Medium,Tier 3,Chennai,1771.028
NCL18,Household,Low Fat,18.85,0.168266556,195.5136,OUT018,2009,Medium,Tier 3,Chennai,1749.7224
FDY45,Snack Foods,Low Fat,17.5,0.026248606,255.1356,OUT018,2009,Medium,Tier 3,Chennai,3815.034
NCQ54,Household,Low Fat,17.7,0.012593467,167.6474,OUT018,2009,Medium,Tier 3,Chennai,3874.2902
FDL44,Fruits and Vegetables,Low Fat,18.25,0.012325122,162.8894,OUT018,2009,Medium,Tier 3,Chennai,647.1576
DRH15,Dairy,Low Fat,8.775,0.110359004,42.7428,OUT018,2009,Medium,Tier 3,Chennai,790.9704
NCP53,Health and Hygiene,Low Fat,14.75,0.033024328,236.6906,OUT018,2009,Medium,Tier 3,Chennai,3089.9778
FDZ52,Frozen Foods,Low Fat,19.2,0.100482186,111.8886,OUT018,2009,Medium,Tier 3,Chennai,1667.829
NCX06,Household,Low Fat,17.6,0.015750947,182.5976,OUT018,2009,Medium,Tier 3,Chennai,1629.8784
FDR47,Breads,Low Fat,17.85,0.087824967,196.0794,OUT018,2009,Medium,Tier 3,Chennai,1755.7146
NCV06,Household,Low Fat,11.3,0.066952965,192.0478,OUT018,2009,Medium,Tier 3,Chennai,3099.9648
FDF12,Baking Goods,Low Fat,8.235,0.08276363,146.5076,OUT018,2009,Medium,Tier 3,Chennai,1625.8836
FDY10,Snack Foods,Low Fat,17.6,0.049267759,113.0176,OUT018,2009,Medium,Tier 3,Chennai,2862.94
FDU11,Breads,Low Fat,4.785,0.09297084,122.0098,OUT018,2009,Medium,Tier 3,Chennai,2048.6666
FDK34,Snack Foods,Low Fat,13.35,0.0,238.7564,OUT018,2009,Medium,Tier 3,Chennai,1906.8512
DRK59,Hard Drinks,Low Fat,8.895,0.075757177,233.8616,OUT018,2009,Medium,Tier 3,Chennai,937.4464
FDB15,Dairy,Low Fat,10.895,0.137368051,264.3568,OUT018,2009,Medium,Tier 3,Chennai,4745.8224
FDP25,Canned,Low Fat,15.2,0.021293909,218.4824,OUT018,2009,Medium,Tier 3,Chennai,1528.6768
NCI43,Household,Low Fat,19.85,0.026074491,48.6376,OUT018,2009,Medium,Tier 3,Chennai,575.2512
FDG47,Starchy Foods,Low Fat,12.8,0.069902438,261.3252,OUT018,2009,Medium,Tier 3,Chennai,3410.2276
FDO12,Baking Goods,Low Fat,15.75,0.055154296,195.5452,OUT018,2009,Medium,Tier 3,Chennai,1174.4712
NCD18,Household,Low Fat,16.0,0.072965144,231.3668,OUT018,2009,Medium,Tier 3,Chennai,4607.336
DRI01,Soft Drinks,Low Fat,7.97,0.0,172.0422,OUT018,2009,Medium,Tier 3,Chennai,5690.5926
NCP17,Health and Hygiene,Low Fat,19.35,0.027827268,65.6168,OUT018,2009,Medium,Tier 3,Chennai,383.5008
FDX08,Fruits and Vegetables,Low Fat,12.85,0.022696131,179.9318,OUT018,2009,Medium,Tier 3,Chennai,2706.477
NCU05,Health and Hygiene,Low Fat,11.8,0.058975504,81.7618,OUT018,2009,Medium,Tier 3,Chennai,966.7416
FDK14,Canned,Low Fat,6.98,0.041273236,82.4934,OUT018,2009,Medium,Tier 3,Chennai,982.7208
FDV08,Fruits and Vegetables,Low Fat,7.35,0.028711412,39.9454,OUT018,2009,Medium,Tier 3,Chennai,377.5086
NCB31,Household,Low Fat,6.235,0.119157788,263.791,OUT018,2009,Medium,Tier 3,Chennai,2103.928
NCT42,Household,Low Fat,5.88,0.0249887,150.3392,OUT018,2009,Medium,Tier 3,Chennai,447.4176
FDR26,Dairy,Low Fat,20.7,0.043011277,177.2028,OUT018,2009,Medium,Tier 3,Chennai,3364.9532
FDO25,Canned,Low Fat,6.3,0.127968205,209.627,OUT018,2009,Medium,Tier 3,Chennai,3984.813
FDK02,Canned,Low Fat,12.5,0.112681821,119.144,OUT018,2009,Medium,Tier 3,Chennai,3235.788
FDC50,Canned,Low Fat,15.85,0.137053947,94.4094,OUT018,2009,Medium,Tier 3,Chennai,1047.3034
FDD08,Fruits and Vegetables,Low Fat,8.3,0.03549838,36.6506,OUT018,2009,Medium,Tier 3,Chennai,455.4072
FDJ53,Frozen Foods,Low Fat,10.5,0.071548187,120.2098,OUT018,2009,Medium,Tier 3,Chennai,602.549
NCK54,Household,Low Fat,12.15,0.0,118.515,OUT018,2009,Medium,Tier 3,Chennai,1398.18
DRF49,Soft Drinks,Low Fat,7.27,0.07136748,111.8518,OUT018,2009,Medium,Tier 3,Chennai,2277.036
FDZ58,Snack Foods,Low Fat,17.85,0.052389407,120.9072,OUT018,2009,Medium,Tier 3,Chennai,2817.6656
NCG06,Household,Low Fat,16.35,0.029565309,256.4646,OUT018,2009,Medium,Tier 3,Chennai,515.3292
FDY07,Fruits and Vegetables,Low Fat,11.8,0.0,45.2402,OUT018,2009,Medium,Tier 3,Chennai,1148.505
FDK15,Meat,Low Fat,10.8,0.098814721,100.5042,OUT018,2009,Medium,Tier 3,Chennai,1884.8798
FDL45,Snack Foods,Low Fat,15.6,0.037841362,125.2704,OUT018,2009,Medium,Tier 3,Chennai,2628.5784
NCE06,Household,Low Fat,5.825,0.091857904,160.7894,OUT018,2009,Medium,Tier 3,Chennai,1617.894
FDD33,Fruits and Vegetables,Low Fat,12.85,0.108633372,233.8642,OUT018,2009,Medium,Tier 3,Chennai,2323.642
DRF13,Soft Drinks,Low Fat,12.1,0.029902679,144.3444,OUT018,2009,Medium,Tier 3,Chennai,1161.1552
FDM44,Fruits and Vegetables,Low Fat,12.5,0.031176157,103.099,OUT018,2009,Medium,Tier 3,Chennai,722.393
DRK11,Hard Drinks,Low Fat,8.21,0.010808272,150.5392,OUT018,2009,Medium,Tier 3,Chennai,1043.9744
FDY31,Fruits and Vegetables,Low Fat,5.98,0.043740308,145.3418,OUT018,2009,Medium,Tier 3,Chennai,2354.2688
FDJ52,Frozen Foods,Low Fat,7.145,0.01785932,160.6578,OUT018,2009,Medium,Tier 3,Chennai,2246.4092
FDA34,Starchy Foods,Low Fat,11.5,0.014921093,173.908,OUT018,2009,Medium,Tier 3,Chennai,1211.756
DRF01,Soft Drinks,Low Fat,5.655,0.175793413,146.9102,OUT018,2009,Medium,Tier 3,Chennai,1749.7224
FDB10,Snack Foods,Low Fat,10.0,0.0674819,234.859,OUT018,2009,Medium,Tier 3,Chennai,1181.795
NCH29,Health and Hygiene,Low Fat,5.51,0.0,98.9726,OUT018,2009,Medium,Tier 3,Chennai,1565.9616
FDZ48,Baking Goods,Low Fat,17.75,0.07626905,113.1544,OUT018,2009,Medium,Tier 3,Chennai,1006.6896
NCU30,Household,Low Fat,5.11,0.0,164.721,OUT018,2009,Medium,Tier 3,Chennai,3588.662
NCC54,Health and Hygiene,Low Fat,17.75,0.098108957,240.9196,OUT018,2009,Medium,Tier 3,Chennai,4579.3724
FDH38,Canned,Low Fat,6.425,0.010480751,116.5808,OUT018,2009,Medium,Tier 3,Chennai,2460.7968
FDJ04,Frozen Foods,Low Fat,18.0,0.124959013,116.5124,OUT018,2009,Medium,Tier 3,Chennai,355.5372
NCN42,Household,Low Fat,20.25,0.014280554,148.0418,OUT018,2009,Medium,Tier 3,Chennai,1177.1344
FDV38,Dairy,Low Fat,19.25,0.102188428,54.3956,OUT018,2009,Medium,Tier 3,Chennai,1201.1032
FDX20,Fruits and Vegetables,Low Fat,7.365,0.042733625,226.972,OUT018,2009,Medium,Tier 3,Chennai,3848.324
NCO53,Health and Hygiene,Low Fat,16.2,0.175898114,183.7608,OUT018,2009,Medium,Tier 3,Chennai,2940.1728
FDB32,Fruits and Vegetables,Low Fat,20.6,0.023548476,93.3778,OUT018,2009,Medium,Tier 3,Chennai,1314.2892
FDN15,Meat,Low Fat,17.5,0.016802225,138.518,OUT018,2009,Medium,Tier 3,Chennai,2376.906
NCI17,Health and Hygiene,Low Fat,8.645,0.144006886,94.741,OUT018,2009,Medium,Tier 3,Chennai,1061.951
NCS06,Household,Low Fat,7.935,0.031866022,261.291,OUT018,2009,Medium,Tier 3,Chennai,2892.901
FDS12,Baking Goods,Low Fat,9.1,0.174827835,127.2362,OUT018,2009,Medium,Tier 3,Chennai,1635.8706
FDA16,Frozen Foods,Low Fat,6.695,0.03408026,220.8456,OUT018,2009,Medium,Tier 3,Chennai,5084.0488
NCP43,Others,Low Fat,17.75,0.030631323,178.566,OUT018,2009,Medium,Tier 3,Chennai,2516.724
NCF07,Household,Low Fat,9.0,0.032152981,102.0016,OUT018,2009,Medium,Tier 3,Chennai,1518.024
FDK50,Canned,Low Fat,7.96,0.028478742,161.8894,OUT018,2009,Medium,Tier 3,Chennai,2750.4198
NCG54,Household,Low Fat,12.1,0.080131363,170.9106,OUT018,2009,Medium,Tier 3,Chennai,1539.9954
FDQ24,Baking Goods,Low Fat,15.7,0.073966786,250.5724,OUT018,2009,Medium,Tier 3,Chennai,4026.7584
FDJ08,Fruits and Vegetables,Low Fat,11.1,0.111122936,189.2846,OUT018,2009,Medium,Tier 3,Chennai,3630.6074
FDY48,Baking Goods,Low Fat,14.0,0.023831558,103.1332,OUT018,2009,Medium,Tier 3,Chennai,1948.1308
FDR23,Breads,Low Fat,15.85,0.082120687,177.437,OUT018,2009,Medium,Tier 3,Chennai,5645.984
FDC58,Snack Foods,Low Fat,10.195,0.042113173,42.5428,OUT018,2009,Medium,Tier 3,Chennai,878.856
FDY13,Canned,Low Fat,12.1,0.030250132,75.267,OUT018,2009,Medium,Tier 3,Chennai,612.536
FDZ40,Frozen Foods,Low Fat,8.935,0.040346436,53.7298,OUT018,2009,Medium,Tier 3,Chennai,593.2278
DRG13,Soft Drinks,Low Fat,17.25,0.037337632,163.7526,OUT018,2009,Medium,Tier 3,Chennai,3289.052
NCZ06,Household,Low Fat,19.6,0.094545236,254.7698,OUT018,2009,Medium,Tier 3,Chennai,5327.0658
DRJ47,Hard Drinks,Low Fat,18.25,0.044430561,174.208,OUT018,2009,Medium,Tier 3,Chennai,2596.62
FDC11,Starchy Foods,Low Fat,20.5,0.142370445,90.6172,OUT018,2009,Medium,Tier 3,Chennai,1427.4752
FDJ16,Frozen Foods,Low Fat,9.195,0.115353642,58.9246,OUT018,2009,Medium,Tier 3,Chennai,926.7936
FDS60,Baking Goods,Low Fat,20.85,0.032580705,180.066,OUT018,2009,Medium,Tier 3,Chennai,2157.192
FDK52,Frozen Foods,Low Fat,18.25,0.0,224.1062,OUT018,2009,Medium,Tier 3,Chennai,4965.5364
DRM23,Hard Drinks,Low Fat,16.6,0.136286138,171.4422,OUT018,2009,Medium,Tier 3,Chennai,2241.7486
NCH54,Household,Low Fat,13.5,0.072965144,160.692,OUT018,2009,Medium,Tier 3,Chennai,1917.504
FDK55,Meat,Low Fat,18.5,0.02586664,88.9172,OUT018,2009,Medium,Tier 3,Chennai,1695.1268
NCW42,Household,Low Fat,18.2,0.058707159,220.5456,OUT018,2009,Medium,Tier 3,Chennai,3094.6384
FDQ14,Dairy,Low Fat,9.27,0.062038986,148.005,OUT018,2009,Medium,Tier 3,Chennai,1797.66
FDM13,Breakfast,Low Fat,6.425,0.063432676,132.8626,OUT018,2009,Medium,Tier 3,Chennai,524.6504
FDT44,Fruits and Vegetables,Low Fat,16.6,0.103406065,116.4466,OUT018,2009,Medium,Tier 3,Chennai,1178.466
NCA53,Health and Hygiene,Low Fat,11.395,0.009918699,49.4034,OUT018,2009,Medium,Tier 3,Chennai,777.6544
NCM53,Health and Hygiene,Low Fat,18.75,0.052252908,105.728,OUT018,2009,Medium,Tier 3,Chennai,1704.448
FDD14,Canned,Low Fat,20.7,0.170500183,184.1266,OUT018,2009,Medium,Tier 3,Chennai,1659.8394
FDC20,Fruits and Vegetables,Low Fat,10.65,0.024069113,56.2272,OUT018,2009,Medium,Tier 3,Chennai,559.272
NCE31,Household,Low Fat,7.67,0.185596553,35.7216,OUT018,2009,Medium,Tier 3,Chennai,69.2432
FDT48,Baking Goods,Low Fat,4.92,0.046142232,199.1084,OUT018,2009,Medium,Tier 3,Chennai,4761.8016
NCO07,Others,Low Fat,9.06,0.009816092,211.856,OUT018,2009,Medium,Tier 3,Chennai,3621.952
FDX60,Baking Goods,Low Fat,14.35,0.080922439,80.096,OUT018,2009,Medium,Tier 3,Chennai,1278.336
FDN60,Baking Goods,Low Fat,15.1,0.095545715,157.3604,OUT018,2009,Medium,Tier 3,Chennai,4436.8912
FDR49,Canned,Low Fat,8.71,0.139795569,47.2376,OUT018,2009,Medium,Tier 3,Chennai,910.8144
FDV35,Breads,Low Fat,19.5,0.128728258,155.3314,OUT018,2009,Medium,Tier 3,Chennai,3412.8908
NCE42,Household,Low Fat,21.1,0.0,233.2958,OUT018,2009,Medium,Tier 3,Chennai,2103.2622
FDP27,Meat,Low Fat,8.155,0.119937231,189.153,OUT018,2009,Medium,Tier 3,Chennai,2087.283
FDC35,Starchy Foods,Low Fat,7.435,0.123338082,206.1638,OUT018,2009,Medium,Tier 3,Chennai,1656.5104
FDX34,Snack Foods,Low Fat,6.195,0.072278769,120.6098,OUT018,2009,Medium,Tier 3,Chennai,1807.647
FDL34,Snack Foods,Low Fat,16.0,0.041112694,139.9496,OUT018,2009,Medium,Tier 3,Chennai,3105.2912
FDV47,Breads,Low Fat,17.1,0.054428368,84.9566,OUT018,2009,Medium,Tier 3,Chennai,1014.6792
FDQ58,Snack Foods,Low Fat,7.315,0.015364173,154.334,OUT018,2009,Medium,Tier 3,Chennai,4287.752
NCH55,Household,Low Fat,16.35,0.034813556,128.402,OUT018,2009,Medium,Tier 3,Chennai,1265.02
DRI13,Soft Drinks,Low Fat,15.35,0.020409765,218.3508,OUT018,2009,Medium,Tier 3,Chennai,2387.5588
DRQ35,Hard Drinks,Low Fat,9.3,0.042463728,121.9388,OUT018,2009,Medium,Tier 3,Chennai,1114.5492
NCJ29,Health and Hygiene,Low Fat,10.6,0.035336287,87.0224,OUT018,2009,Medium,Tier 3,Chennai,1193.1136
NCP14,Household,Low Fat,8.275,0.110739031,103.3306,OUT018,2009,Medium,Tier 3,Chennai,2404.2038
FDL46,Snack Foods,Low Fat,20.35,0.054277132,117.3466,OUT018,2009,Medium,Tier 3,Chennai,824.9262
NCE18,Household,Low Fat,10.0,0.021512619,247.775,OUT018,2009,Medium,Tier 3,Chennai,3745.125
NCT06,Household,Low Fat,17.1,0.0,167.0842,OUT018,2009,Medium,Tier 3,Chennai,1326.2736
NCI42,Household,Low Fat,18.75,0.01040777,209.4954,OUT018,2009,Medium,Tier 3,Chennai,2500.7448
NCG42,Household,Low Fat,19.2,0.041395775,129.731,OUT018,2009,Medium,Tier 3,Chennai,1298.31
DRJ13,Soft Drinks,Low Fat,12.65,0.063146492,159.6578,OUT018,2009,Medium,Tier 3,Chennai,962.7468
FDX13,Canned,Low Fat,7.725,0.047977607,249.5092,OUT018,2009,Medium,Tier 3,Chennai,2241.0828
DRI49,Soft Drinks,Low Fat,14.15,0.184254826,82.4276,OUT018,2009,Medium,Tier 3,Chennai,1218.414
NCN55,Others,Low Fat,14.6,0.059732844,241.2538,OUT018,2009,Medium,Tier 3,Chennai,5287.7836
NCF19,Household,Low Fat,13.0,0.03525175,48.0034,OUT018,2009,Medium,Tier 3,Chennai,923.4646
DRB25,Soft Drinks,Low Fat,12.3,0.069742672,106.2938,OUT018,2009,Medium,Tier 3,Chennai,1715.1008
DRM47,Hard Drinks,Low Fat,9.3,0.043964058,192.3846,OUT018,2009,Medium,Tier 3,Chennai,4586.0304
NCY53,Health and Hygiene,Low Fat,20.0,0.058719568,111.0544,OUT018,2009,Medium,Tier 3,Chennai,894.8352
NCS18,Household,Low Fat,12.65,0.042383069,108.0938,OUT018,2009,Medium,Tier 3,Chennai,1607.907
NCU54,Household,Low Fat,8.88,0.099024124,208.527,OUT018,2009,Medium,Tier 3,Chennai,3145.905
NCH42,Household,Low Fat,6.86,0.036686158,229.601,OUT018,2009,Medium,Tier 3,Chennai,2526.711
NCT54,Household,Low Fat,8.695,0.120022543,94.8094,OUT018,2009,Medium,Tier 3,Chennai,1428.141
FDZ46,Snack Foods,Low Fat,7.485,0.069405301,112.1228,OUT018,2009,Medium,Tier 3,Chennai,1105.228
NCM30,Household,Low Fat,19.1,0.067569539,43.0796,OUT018,2009,Medium,Tier 3,Chennai,619.194
FDZ55,Fruits and Vegetables,Low Fat,6.055,0.025512207,159.692,OUT018,2009,Medium,Tier 3,Chennai,5592.72
FDO60,Baking Goods,Low Fat,20.0,0.0,43.4086,OUT018,2009,Medium,Tier 3,Chennai,401.4774
FDZ12,Baking Goods,Low Fat,9.17,0.103398309,143.947,OUT018,2009,Medium,Tier 3,Chennai,2576.646
FDY19,Fruits and Vegetables,Low Fat,19.75,0.041533438,119.8466,OUT018,2009,Medium,Tier 3,Chennai,2239.0854
FDO34,Snack Foods,Low Fat,17.7,0.030060895,166.4816,OUT018,2009,Medium,Tier 3,Chennai,2013.3792
FDP58,Snack Foods,Low Fat,11.1,0.135692831,220.0482,OUT018,2009,Medium,Tier 3,Chennai,2628.5784
NCI06,Household,Low Fat,11.3,0.047912071,179.866,OUT018,2009,Medium,Tier 3,Chennai,1258.362
FDA13,Canned,Low Fat,15.85,0.078874948,37.4506,OUT018,2009,Medium,Tier 3,Chennai,303.6048
FDR07,Fruits and Vegetables,Low Fat,21.35,0.078060605,96.0094,OUT018,2009,Medium,Tier 3,Chennai,380.8376
FDF41,Frozen Foods,Low Fat,12.15,0.131714183,245.846,OUT018,2009,Medium,Tier 3,Chennai,4434.228
NCU17,Health and Hygiene,Low Fat,5.32,0.093261677,100.9674,OUT018,2009,Medium,Tier 3,Chennai,1222.4088
NCG07,Household,Low Fat,12.3,0.05271592,189.653,OUT018,2009,Medium,Tier 3,Chennai,569.259
NCO02,Others,Low Fat,11.15,0.07366703,66.2142,OUT018,2009,Medium,Tier 3,Chennai,131.8284
FDH19,Meat,Low Fat,19.35,0.03322326,172.0738,OUT018,2009,Medium,Tier 3,Chennai,3301.7022
FDH32,Fruits and Vegetables,Low Fat,12.8,0.076369874,97.241,OUT018,2009,Medium,Tier 3,Chennai,1448.115
FDW50,Dairy,Low Fat,13.1,0.075885921,165.1158,OUT018,2009,Medium,Tier 3,Chennai,1504.0422
NCJ17,Health and Hygiene,Low Fat,7.68,0.153177941,85.2224,OUT018,2009,Medium,Tier 3,Chennai,1278.336
FDC56,Fruits and Vegetables,Low Fat,7.72,0.122015744,121.744,OUT018,2009,Medium,Tier 3,Chennai,2277.036
FDE22,Snack Foods,Low Fat,9.695,0.029693277,159.792,OUT018,2009,Medium,Tier 3,Chennai,2716.464
DRJ24,Soft Drinks,Low Fat,11.8,0.113790879,185.3924,OUT018,2009,Medium,Tier 3,Chennai,370.1848
NCP42,Household,Low Fat,8.51,0.016176344,192.1478,OUT018,2009,Medium,Tier 3,Chennai,1937.478
FDW28,Frozen Foods,Low Fat,18.25,0.089186083,194.3452,OUT018,2009,Medium,Tier 3,Chennai,4502.1396
FDB60,Baking Goods,Low Fat,9.3,0.028638276,195.8136,OUT018,2009,Medium,Tier 3,Chennai,2138.5496
FDP37,Breakfast,Low Fat,15.6,0.143688905,128.1994,OUT018,2009,Medium,Tier 3,Chennai,2184.4898
FDD39,Dairy,Low Fat,16.7,0.07044068,216.885,OUT018,2009,Medium,Tier 3,Chennai,6275.165
FDG04,Frozen Foods,Low Fat,13.1,0.006087409,185.0898,OUT018,2009,Medium,Tier 3,Chennai,1870.898
FDA11,Baking Goods,Low Fat,7.75,0.043414959,93.1436,OUT018,2009,Medium,Tier 3,Chennai,1418.154
DRL60,Soft Drinks,Low Fat,8.52,0.027169589,151.0682,OUT018,2009,Medium,Tier 3,Chennai,1829.6184
FDJ22,Snack Foods,Low Fat,18.75,0.053025371,192.5504,OUT018,2009,Medium,Tier 3,Chennai,2109.2544
FDS52,Frozen Foods,Low Fat,8.89,0.005496816,102.8016,OUT018,2009,Medium,Tier 3,Chennai,1012.016
NCF30,Household,Low Fat,17.0,0.126758324,124.5362,OUT018,2009,Medium,Tier 3,Chennai,1132.5258
DRL37,Soft Drinks,Low Fat,15.5,0.053589594,44.177,OUT018,2009,Medium,Tier 3,Chennai,173.108
NCB43,Household,Low Fat,20.2,0.100319317,188.6898,OUT018,2009,Medium,Tier 3,Chennai,3367.6164
DRG49,Soft Drinks,Low Fat,7.81,0.067730081,242.6486,OUT018,2009,Medium,Tier 3,Chennai,2199.1374
DRC25,Soft Drinks,Low Fat,5.73,0.045556681,85.3882,OUT018,2009,Medium,Tier 3,Chennai,1288.323
FDA45,Snack Foods,Low Fat,21.25,0.156012631,177.337,OUT018,2009,Medium,Tier 3,Chennai,2822.992
FDW48,Baking Goods,Low Fat,18.0,0.008575615,80.2618,OUT018,2009,Medium,Tier 3,Chennai,644.4944
NCM29,Health and Hygiene,Low Fat,11.5,0.017714096,132.9626,OUT018,2009,Medium,Tier 3,Chennai,1442.7886
NCM07,Others,Low Fat,9.395,0.040124625,85.1908,OUT018,2009,Medium,Tier 3,Chennai,1342.2528
DRF51,Dairy,Low Fat,15.75,0.166513779,38.0506,OUT018,2009,Medium,Tier 3,Chennai,265.6542
NCK05,Health and Hygiene,Low Fat,20.1,0.077769768,63.0536,OUT018,2009,Medium,Tier 3,Chennai,980.0576
FDV51,Meat,Low Fat,16.35,0.032671446,165.4842,OUT018,2009,Medium,Tier 3,Chennai,1492.0578
FDD48,Baking Goods,Low Fat,10.395,0.030281543,116.3176,OUT018,2009,Medium,Tier 3,Chennai,1259.6936
DRM11,Hard Drinks,Low Fat,6.57,0.066338717,261.4278,OUT018,2009,Medium,Tier 3,Chennai,4165.2448
DRI03,Dairy,Low Fat,6.03,0.022796178,178.1028,OUT018,2009,Medium,Tier 3,Chennai,1416.8224
NCR05,Health and Hygiene,Low Fat,10.1,0.054853377,198.6084,OUT018,2009,Medium,Tier 3,Chennai,2182.4924
FDE59,Starchy Foods,Low Fat,12.15,0.062541552,34.3532,OUT018,2009,Medium,Tier 3,Chennai,251.6724
FDB21,Fruits and Vegetables,Low Fat,7.475,0.149125615,241.6854,OUT018,2009,Medium,Tier 3,Chennai,6042.135
NCM17,Health and Hygiene,Low Fat,7.93,0.071425647,45.9086,OUT018,2009,Medium,Tier 3,Chennai,1070.6064
FDC47,Snack Foods,Low Fat,15.0,0.119374946,229.3694,OUT018,2009,Medium,Tier 3,Chennai,5024.1268
FDN48,Baking Goods,Low Fat,13.35,0.065215312,93.4804,OUT018,2009,Medium,Tier 3,Chennai,1102.5648
NCW17,Health and Hygiene,Low Fat,18.0,0.019465205,128.6994,OUT018,2009,Medium,Tier 3,Chennai,2441.4886
NCZ41,Health and Hygiene,Low Fat,19.85,0.0,126.1704,OUT018,2009,Medium,Tier 3,Chennai,1877.556
NCP50,Others,Low Fat,17.35,0.0,79.2618,OUT018,2009,Medium,Tier 3,Chennai,966.7416
NCM31,Others,Low Fat,6.095,0.08152738,140.3154,OUT018,2009,Medium,Tier 3,Chennai,1843.6002
FDS01,Canned,Low Fat,11.6,0.017817285,177.0686,OUT018,2009,Medium,Tier 3,Chennai,1422.1488
FDX16,Frozen Foods,Low Fat,17.85,0.0,148.005,OUT018,2009,Medium,Tier 3,Chennai,898.83
FDK46,Snack Foods,Low Fat,9.6,0.051677051,258.062,OUT018,2009,Medium,Tier 3,Chennai,2856.282
NCL53,Health and Hygiene,Low Fat,7.5,0.036382524,177.9028,OUT018,2009,Medium,Tier 3,Chennai,1416.8224
FDD45,Fruits and Vegetables,Low Fat,8.615,0.116722514,95.4436,OUT018,2009,Medium,Tier 3,Chennai,567.2616
NCL41,Health and Hygiene,Low Fat,12.35,0.041907648,36.2216,OUT018,2009,Medium,Tier 3,Chennai,346.216
NCU18,Household,Low Fat,15.1,0.056067524,139.8496,OUT018,2009,Medium,Tier 3,Chennai,1270.3464
NCX17,Health and Hygiene,Low Fat,21.25,0.114066204,233.03,OUT018,2009,Medium,Tier 3,Chennai,5592.72
FDT49,Canned,Low Fat,7.0,0.15202235,106.628,OUT018,2009,Medium,Tier 3,Chennai,639.168
DRI11,Hard Drinks,Low Fat,8.26,0.034544435,116.0834,OUT018,2009,Medium,Tier 3,Chennai,1267.0174
NCO17,Health and Hygiene,Low Fat,10.0,0.073678663,120.944,OUT018,2009,Medium,Tier 3,Chennai,2037.348
FDS49,Canned,Low Fat,9.0,0.079668739,79.6644,OUT018,2009,Medium,Tier 3,Chennai,1571.288
DRC27,Dairy,Low Fat,13.8,0.058339153,246.2802,OUT018,2009,Medium,Tier 3,Chennai,1228.401
FDL15,Meat,Low Fat,17.85,0.046824729,153.6682,OUT018,2009,Medium,Tier 3,Chennai,1829.6184
DRJ11,Hard Drinks,Low Fat,9.5,0.085437778,188.4872,OUT018,2009,Medium,Tier 3,Chennai,3592.6568
DRC24,Soft Drinks,Low Fat,17.85,0.02492239,153.4998,OUT018,2009,Medium,Tier 3,Chennai,2922.1962
FDT31,Fruits and Vegetables,Low Fat,19.75,0.012499004,188.0872,OUT018,2009,Medium,Tier 3,Chennai,2458.1336
NCK19,Others,Low Fat,9.8,0.090834158,192.2478,OUT018,2009,Medium,Tier 3,Chennai,4068.7038
FDV15,Meat,Low Fat,10.3,0.146767897,102.3648,OUT018,2009,Medium,Tier 3,Chennai,1557.972
FDN21,Snack Foods,Low Fat,18.6,0.077168705,160.6236,OUT018,2009,Medium,Tier 3,Chennai,1611.236
FDD09,Fruits and Vegetables,Low Fat,13.5,0.021583971,179.5976,OUT018,2009,Medium,Tier 3,Chennai,2173.1712
NCD42,Health and Hygiene,Low Fat,16.5,0.012689327,39.7506,OUT018,2009,Medium,Tier 3,Chennai,227.7036
FDO37,Breakfast,Low Fat,8.06,0.0,232.7326,OUT018,2009,Medium,Tier 3,Chennai,3696.5216
FDR35,Breads,Low Fat,12.5,0.020782036,198.3742,OUT018,2009,Medium,Tier 3,Chennai,2587.9646
FDB09,Fruits and Vegetables,Low Fat,16.25,0.057629899,123.9046,OUT018,2009,Medium,Tier 3,Chennai,1120.5414
FDI46,Snack Foods,Low Fat,9.5,0.074648119,253.3724,OUT018,2009,Medium,Tier 3,Chennai,755.0172
NCK31,Others,Low Fat,10.895,0.027157955,50.2666,OUT018,2009,Medium,Tier 3,Chennai,820.2656
DRA12,Soft Drinks,Low Fat,11.6,0.041112694,142.0154,OUT018,2009,Medium,Tier 3,Chennai,850.8924
DRI23,Hard Drinks,Low Fat,18.85,0.137755834,161.8578,OUT018,2009,Medium,Tier 3,Chennai,3530.0716
FDD22,Snack Foods,Low Fat,10.0,0.100055625,113.3544,OUT018,2009,Medium,Tier 3,Chennai,3467.4864
FDX44,Fruits and Vegetables,Low Fat,9.3,0.043141572,90.4172,OUT018,2009,Medium,Tier 3,Chennai,1249.0408
FDT46,Snack Foods,Low Fat,11.35,0.03093263,51.5008,OUT018,2009,Medium,Tier 3,Chennai,607.2096
DRJ01,Soft Drinks,Low Fat,6.135,0.115500999,161.1236,OUT018,2009,Medium,Tier 3,Chennai,644.4944
FDC04,Dairy,Low Fat,15.6,0.045168898,242.9854,OUT018,2009,Medium,Tier 3,Chennai,2175.1686
FDG59,Starchy Foods,Low Fat,15.85,0.043410693,39.4164,OUT018,2009,Medium,Tier 3,Chennai,154.4656
FDX19,Fruits and Vegetables,Low Fat,19.1,0.097127867,234.4958,OUT018,2009,Medium,Tier 3,Chennai,1635.8706
DRF23,Hard Drinks,Low Fat,4.61,0.123151947,175.2396,OUT018,2009,Medium,Tier 3,Chennai,2093.2752
NCL31,Others,Low Fat,7.39,0.120770963,143.447,OUT018,2009,Medium,Tier 3,Chennai,2290.352
FDX28,Frozen Foods,Low Fat,6.325,0.125688044,100.9042,OUT018,2009,Medium,Tier 3,Chennai,2083.2882
FDI26,Canned,Low Fat,5.94,0.035028853,179.8344,OUT018,2009,Medium,Tier 3,Chennai,1249.0408
FDR48,Baking Goods,Low Fat,11.65,0.0,149.8024,OUT018,2009,Medium,Tier 3,Chennai,1821.6288
NCR18,Household,Low Fat,15.85,0.020571083,41.6112,OUT018,2009,Medium,Tier 3,Chennai,255.6672
DRN35,Hard Drinks,Low Fat,8.01,0.070533748,34.2532,OUT018,2009,Medium,Tier 3,Chennai,467.3916
NCZ54,Household,Low Fat,14.65,0.083698962,163.4552,OUT018,2009,Medium,Tier 3,Chennai,2599.2832
FDM32,Fruits and Vegetables,Low Fat,20.5,0.020688969,88.183,OUT018,2009,Medium,Tier 3,Chennai,719.064
FDT25,Canned,Low Fat,7.5,0.050957715,122.4072,OUT018,2009,Medium,Tier 3,Chennai,2572.6512
DRG37,Soft Drinks,Low Fat,16.2,0.019457372,153.9972,OUT018,2009,Medium,Tier 3,Chennai,1246.3776
NCZ17,Health and Hygiene,Low Fat,12.15,0.079755214,36.6506,OUT018,2009,Medium,Tier 3,Chennai,493.3578
NCY18,Household,Low Fat,7.285,0.031278532,176.0054,OUT018,2009,Medium,Tier 3,Chennai,2626.581
NCE54,Household,Low Fat,20.7,0.0,74.3354,OUT018,2009,Medium,Tier 3,Chennai,1880.885
NCZ18,Household,Low Fat,7.825,0.186825823,253.5698,OUT018,2009,Medium,Tier 3,Chennai,3805.047
FDO16,Frozen Foods,Low Fat,5.48,0.015169739,82.225,OUT018,2009,Medium,Tier 3,Chennai,2247.075
FDD58,Snack Foods,Low Fat,7.76,0.059594017,99.67,OUT018,2009,Medium,Tier 3,Chennai,1897.53
DRF60,Soft Drinks,Low Fat,10.8,0.0,238.1564,OUT018,2009,Medium,Tier 3,Chennai,5243.8408
FDQ52,Frozen Foods,Low Fat,17.0,0.119871307,248.3434,OUT018,2009,Medium,Tier 3,Chennai,6208.585
FDS07,Fruits and Vegetables,Low Fat,12.35,0.100164204,113.6518,OUT018,2009,Medium,Tier 3,Chennai,1593.9252
NCN05,Health and Hygiene,Low Fat,8.235,0.014518575,182.195,OUT018,2009,Medium,Tier 3,Chennai,2380.235
FDF22,Snack Foods,Low Fat,6.865,0.057062186,212.0218,OUT018,2009,Medium,Tier 3,Chennai,2350.9398
NCW06,Household,Low Fat,16.2,0.050545502,191.6162,OUT018,2009,Medium,Tier 3,Chennai,1731.7458
NCS30,Household,Low Fat,5.945,0.093405156,129.3652,OUT018,2009,Medium,Tier 3,Chennai,4391.6168
NCX41,Health and Hygiene,Low Fat,19.0,0.017791458,211.9244,OUT018,2009,Medium,Tier 3,Chennai,2117.244
DRG03,Dairy,Low Fat,14.5,0.062239081,154.2998,OUT018,2009,Medium,Tier 3,Chennai,1691.7978
FDW08,Fruits and Vegetables,Low Fat,12.1,0.148986013,106.528,OUT018,2009,Medium,Tier 3,Chennai,1171.808
FDP26,Dairy,Low Fat,7.785,0.140121306,102.5306,OUT018,2009,Medium,Tier 3,Chennai,1358.8978
FDO32,Fruits and Vegetables,Low Fat,6.36,0.121034655,47.506,OUT018,2009,Medium,Tier 3,Chennai,1071.938
FDZ60,Baking Goods,Low Fat,20.5,0.119848041,109.4596,OUT018,2009,Medium,Tier 3,Chennai,431.4384
NCY29,Health and Hygiene,Low Fat,13.65,0.077548732,55.093,OUT018,2009,Medium,Tier 3,Chennai,452.744
NCU42,Household,Low Fat,9.0,0.019586115,170.2474,OUT018,2009,Medium,Tier 3,Chennai,4211.185
FDC15,Dairy,Low Fat,18.1,0.178694026,158.9288,OUT018,2009,Medium,Tier 3,Chennai,1571.288
NCN17,Health and Hygiene,Low Fat,11.0,0.055162827,100.3358,OUT018,2009,Medium,Tier 3,Chennai,904.8222
DRF27,Dairy,Low Fat,8.93,0.028533032,151.434,OUT018,2009,Medium,Tier 3,Chennai,1225.072
FDE34,Snack Foods,Low Fat,9.195,0.108330902,183.6634,OUT018,2009,Medium,Tier 3,Chennai,2726.451
NCO42,Household,Low Fat,21.25,0.024756031,146.7102,OUT018,2009,Medium,Tier 3,Chennai,1603.9122
DRI47,Hard Drinks,Low Fat,14.7,0.021005399,144.5128,OUT018,2009,Medium,Tier 3,Chennai,2588.6304
DRG23,Hard Drinks,Low Fat,8.88,0.0,154.0682,OUT018,2009,Medium,Tier 3,Chennai,2896.8958
NCV41,Health and Hygiene,Low Fat,14.35,0.017108186,110.3228,OUT018,2009,Medium,Tier 3,Chennai,552.614
FDU08,Fruits and Vegetables,Low Fat,10.3,0.027426689,97.3042,OUT018,2009,Medium,Tier 3,Chennai,694.4294
FDU40,Frozen Foods,Low Fat,20.85,0.037556341,195.3478,OUT018,2009,Medium,Tier 3,Chennai,1937.478
FDX15,Meat,Low Fat,17.2,0.156935553,160.6578,OUT018,2009,Medium,Tier 3,Chennai,1925.4936
FDQ46,Snack Foods,Low Fat,7.51,0.10423592,111.7544,OUT018,2009,Medium,Tier 3,Chennai,2460.7968
FDP16,Frozen Foods,Low Fat,18.6,0.039454924,244.0802,OUT018,2009,Medium,Tier 3,Chennai,3193.8426
NCQ41,Health and Hygiene,Low Fat,14.8,0.019559746,193.7794,OUT018,2009,Medium,Tier 3,Chennai,2926.191
FDH58,Snack Foods,Low Fat,12.3,0.0,116.4834,OUT018,2009,Medium,Tier 3,Chennai,1842.9344
FDI57,Seafood,Low Fat,19.85,0.054245722,196.0768,OUT018,2009,Medium,Tier 3,Chennai,5518.1504
DRD13,Soft Drinks,Low Fat,15.0,0.049279392,65.7168,OUT018,2009,Medium,Tier 3,Chennai,575.2512
NCN53,Health and Hygiene,Low Fat,5.175,0.030479118,33.2874,OUT018,2009,Medium,Tier 3,Chennai,635.1732
DRE48,Soft Drinks,Low Fat,8.43,0.017396308,196.0768,OUT018,2009,Medium,Tier 3,Chennai,4138.6128
NCK07,Others,Low Fat,10.65,0.048885018,166.1526,OUT018,2009,Medium,Tier 3,Chennai,1973.4312
NCK53,Health and Hygiene,Low Fat,11.6,0.037734334,98.1042,OUT018,2009,Medium,Tier 3,Chennai,2678.5134
FDY25,Canned,Low Fat,12.0,0.034112833,180.1976,OUT018,2009,Medium,Tier 3,Chennai,3984.1472
DRJ25,Soft Drinks,Low Fat,14.6,0.151180862,47.5692,OUT018,2009,Medium,Tier 3,Chennai,443.4228
FDA43,Fruits and Vegetables,Low Fat,10.895,0.064939211,194.1794,OUT018,2009,Medium,Tier 3,Chennai,2340.9528
NCO29,Health and Hygiene,Low Fat,11.15,0.032387589,164.3526,OUT018,2009,Medium,Tier 3,Chennai,2960.1468
NCL05,Health and Hygiene,Low Fat,19.6,0.048092778,44.477,OUT018,2009,Medium,Tier 3,Chennai,432.77
FDV50,Dairy,Low Fat,14.3,0.123070513,121.173,OUT018,2009,Medium,Tier 3,Chennai,2093.941
NCP54,Household,Low Fat,15.35,0.035292855,124.573,OUT018,2009,Medium,Tier 3,Chennai,1601.249
DRF37,Soft Drinks,Low Fat,17.25,0.084676173,263.191,OUT018,2009,Medium,Tier 3,Chennai,3944.865
FDF05,Frozen Foods,Low Fat,17.5,0.026980351,262.591,OUT018,2009,Medium,Tier 3,Chennai,4207.856
FDH24,Baking Goods,Low Fat,20.7,0.021518435,157.5288,OUT018,2009,Medium,Tier 3,Chennai,1571.288
NCJ19,Others,Low Fat,18.6,0.118661426,58.7588,OUT018,2009,Medium,Tier 3,Chennai,858.882
DRJ13,Soft Drinks,Low Fat,12.65,0.063017847,159.0578,OUT045,2002,,Tier 2,Ahmedabad,2085.9514
DRF36,Soft Drinks,Low Fat,16.1,0.023625114,189.3846,OUT045,2002,,Tier 2,Ahmedabad,3630.6074
DRK12,Soft Drinks,Low Fat,9.5,0.041878397,32.99,OUT035,2004,Small,Tier 2,Ahmedabad,133.16
FDA39,Meat,Low Fat,6.32,0.0,40.2822,OUT035,2004,Small,Tier 2,Ahmedabad,1139.1838
DRE49,Soft Drinks,Low Fat,20.75,0.021250002,150.5024,OUT046,1997,Small,Tier 1,Ahmedabad,2580.6408
FDC15,Dairy,Low Fat,18.1,0.178975721,155.5288,OUT017,2007,,Tier 2,Ahmedabad,1571.288
FDB11,Starchy Foods,Low Fat,16.0,0.060797393,223.8404,OUT013,1987,High,Tier 3,Ahmedabad,3600.6464
NCE43,Household,Low Fat,12.5,0.103422709,169.9448,OUT035,2004,Small,Tier 2,Ahmedabad,2897.5616
DRK59,Hard Drinks,Low Fat,8.895,0.07543556,235.8616,OUT035,2004,Small,Tier 2,Ahmedabad,3046.7008
NCX29,Health and Hygiene,Low Fat,10.0,0.089656812,144.0102,OUT017,2007,,Tier 2,Ahmedabad,1603.9122
NCN18,Household,Low Fat,8.895,0.124967595,112.7544,OUT045,2002,,Tier 2,Ahmedabad,3467.4864
FDI14,Canned,Low Fat,14.1,0.089677773,139.8496,OUT046,1997,Small,Tier 1,Ahmedabad,1693.7952
NCU41,Health and Hygiene,Low Fat,18.85,0.052054819,189.1846,OUT046,1997,Small,Tier 1,Ahmedabad,2101.9306
FDP24,Baking Goods,Low Fat,20.6,0.083133128,120.1756,OUT049,1999,Medium,Tier 1,Ahmedabad,1332.9316
NCQ05,Health and Hygiene,Low Fat,11.395,0.0,151.6708,OUT013,1987,High,Tier 3,Ahmedabad,3460.8284
FDX16,Frozen Foods,Low Fat,17.85,0.065810045,149.105,OUT046,1997,Small,Tier 1,Ahmedabad,2247.075
NCO06,Household,Low Fat,19.25,0.108010006,33.3558,OUT035,2004,Small,Tier 2,Ahmedabad,713.0718
FDI45,Fruits and Vegetables,Low Fat,13.1,0.037549969,176.1054,OUT013,1987,High,Tier 3,Ahmedabad,4027.4242
NCW42,Household,Low Fat,18.2,0.058799705,220.7456,OUT017,2007,,Tier 2,Ahmedabad,4420.912
NCM06,Household,Low Fat,7.475,0.075881475,155.2656,OUT045,2002,,Tier 2,Ahmedabad,2934.8464
NCJ30,Household,Low Fat,5.82,0.081096613,170.379,OUT017,2007,,Tier 2,Ahmedabad,1018.674
NCO43,Others,Low Fat,5.5,0.0,103.1016,OUT045,2002,,Tier 2,Ahmedabad,2024.032
FDR48,Baking Goods,Low Fat,11.65,0.0,152.6024,OUT035,2004,Small,Tier 2,Ahmedabad,303.6048
FDN44,Fruits and Vegetables,Low Fat,13.15,0.022924552,157.892,OUT017,2007,,Tier 2,Ahmedabad,1917.504
FDB51,Dairy,Low Fat,6.92,0.038671588,64.2852,OUT017,2007,,Tier 2,Ahmedabad,438.0964
FDE29,Frozen Foods,Low Fat,8.905,0.143129124,58.8878,OUT046,1997,Small,Tier 1,Ahmedabad,1151.1682
NCY41,Health and Hygiene,Low Fat,16.75,0.075889215,37.6532,OUT045,2002,,Tier 2,Ahmedabad,575.2512
FDZ48,Baking Goods,Low Fat,17.75,0.07607772,112.4544,OUT049,1999,Medium,Tier 1,Ahmedabad,2348.9424
FDP09,Snack Foods,Low Fat,19.75,0.033883448,213.2902,OUT035,2004,Small,Tier 2,Ahmedabad,4247.804
FDX43,Fruits and Vegetables,Low Fat,5.655,0.085274988,165.05,OUT046,1997,Small,Tier 1,Ahmedabad,2330.3
FDX02,Dairy,Low Fat,16.0,0.05706009,225.0404,OUT046,1997,Small,Tier 1,Ahmedabad,4950.8888
NCB19,Household,Low Fat,6.525,0.090278634,86.7882,OUT035,2004,Small,Tier 2,Ahmedabad,1975.4286
FDO60,Baking Goods,Low Fat,20.0,0.034563936,45.3086,OUT017,2007,,Tier 2,Ahmedabad,490.6946
FDX50,Dairy,Low Fat,20.1,0.074778547,110.7228,OUT045,2002,,Tier 2,Ahmedabad,1657.842
FDA33,Snack Foods,Low Fat,6.48,0.033952603,148.2076,OUT049,1999,Medium,Tier 1,Ahmedabad,3399.5748
NCE06,Household,Low Fat,5.825,0.091467933,159.7894,OUT035,2004,Small,Tier 2,Ahmedabad,1294.3152
DRA12,Soft Drinks,Low Fat,11.6,0.0,141.9154,OUT035,2004,Small,Tier 2,Ahmedabad,992.7078
FDC17,Frozen Foods,Low Fat,12.15,0.01544786,211.2928,OUT013,1987,High,Tier 3,Ahmedabad,2735.1064
NCM26,Others,Low Fat,20.5,0.023274107,154.134,OUT017,2007,,Tier 2,Ahmedabad,2909.546
NCG30,Household,Low Fat,20.2,0.112321218,123.6046,OUT046,1997,Small,Tier 1,Ahmedabad,2988.1104
FDA23,Baking Goods,Low Fat,9.8,0.047453947,101.7016,OUT017,2007,,Tier 2,Ahmedabad,1518.024
FDN09,Snack Foods,Low Fat,14.15,0.0,244.1828,OUT045,2002,,Tier 2,Ahmedabad,731.0484
FDC20,Fruits and Vegetables,Low Fat,10.65,0.023971463,54.0272,OUT046,1997,Small,Tier 1,Ahmedabad,447.4176
NCA17,Health and Hygiene,Low Fat,20.6,0.045380404,148.4392,OUT013,1987,High,Tier 3,Ahmedabad,1789.6704
FDX25,Canned,Low Fat,16.7,0.102055777,184.0292,OUT046,1997,Small,Tier 1,Ahmedabad,3101.2964
FDQ16,Frozen Foods,Low Fat,19.7,0.041703666,109.1912,OUT013,1987,High,Tier 3,Ahmedabad,1637.868
FDT20,Fruits and Vegetables,Low Fat,10.5,0.041387618,40.1164,OUT035,2004,Small,Tier 2,Ahmedabad,849.5608
FDX58,Snack Foods,Low Fat,13.15,0.043852434,182.695,OUT045,2002,,Tier 2,Ahmedabad,4211.185
NCM30,Household,Low Fat,19.1,0.067239404,39.6796,OUT013,1987,High,Tier 3,Ahmedabad,660.4736
FDQ13,Canned,Low Fat,11.1,0.010639596,84.1908,OUT035,2004,Small,Tier 2,Ahmedabad,755.0172
FDZ27,Dairy,Low Fat,7.935,0.017141985,50.035,OUT013,1987,High,Tier 3,Ahmedabad,149.805
FDD20,Fruits and Vegetables,Low Fat,14.15,0.020714523,124.2046,OUT046,1997,Small,Tier 1,Ahmedabad,2490.092
FDP56,Fruits and Vegetables,Low Fat,8.185,0.046556408,47.7692,OUT049,1999,Medium,Tier 1,Ahmedabad,640.4996
FDA11,Baking Goods,Low Fat,7.75,0.043326511,95.6436,OUT045,2002,,Tier 2,Ahmedabad,1134.5232
FDD02,Canned,Low Fat,16.6,0.0,118.8124,OUT046,1997,Small,Tier 1,Ahmedabad,2607.2728
NCY30,Household,Low Fat,20.25,0.025953257,179.5976,OUT046,1997,Small,Tier 1,Ahmedabad,2535.3664
FDJ16,Frozen Foods,Low Fat,9.195,0.114863923,59.0246,OUT035,2004,Small,Tier 2,Ahmedabad,1853.5872
FDQ16,Frozen Foods,Low Fat,19.7,0.041803291,110.3912,OUT049,1999,Medium,Tier 1,Ahmedabad,3275.736
FDF33,Seafood,Low Fat,7.97,0.021531416,108.4596,OUT035,2004,Small,Tier 2,Ahmedabad,3020.0688
FDP19,Fruits and Vegetables,Low Fat,11.5,0.173483253,129.0652,OUT035,2004,Small,Tier 2,Ahmedabad,3487.4604
FDQ12,Baking Goods,Low Fat,12.65,0.035410748,231.401,OUT046,1997,Small,Tier 1,Ahmedabad,2067.309
NCU54,Household,Low Fat,8.88,0.098822387,209.627,OUT045,2002,,Tier 2,Ahmedabad,1887.543
NCM06,Household,Low Fat,7.475,0.075713578,156.4656,OUT035,2004,Small,Tier 2,Ahmedabad,2471.4496
DRE48,Soft Drinks,Low Fat,8.43,0.017322454,196.8768,OUT035,2004,Small,Tier 2,Ahmedabad,3350.3056
FDW58,Snack Foods,Low Fat,20.75,0.007551665,107.1622,OUT035,2004,Small,Tier 2,Ahmedabad,1693.7952
FDK14,Canned,Low Fat,6.98,0.041071581,82.5934,OUT013,1987,High,Tier 3,Ahmedabad,1310.2944
FDD17,Frozen Foods,Low Fat,7.5,0.032626952,235.9906,OUT046,1997,Small,Tier 1,Ahmedabad,6893.0274
NCM29,Health and Hygiene,Low Fat,11.5,0.017642229,131.8626,OUT046,1997,Small,Tier 1,Ahmedabad,2885.5772
FDR39,Meat,Low Fat,20.35,0.083929569,182.4292,OUT049,1999,Medium,Tier 1,Ahmedabad,4925.5884
DRD49,Soft Drinks,Low Fat,9.895,0.167831064,237.4564,OUT046,1997,Small,Tier 1,Ahmedabad,715.0692
NCJ54,Household,Low Fat,9.895,0.060067115,230.6642,OUT046,1997,Small,Tier 1,Ahmedabad,4647.284
FDJ41,Frozen Foods,Low Fat,6.85,0.02288328,261.2594,OUT046,1997,Small,Tier 1,Ahmedabad,2878.2534
NCD19,Household,Low Fat,8.93,0.0,53.2614,OUT049,1999,Medium,Tier 1,Ahmedabad,552.614
FDD35,Starchy Foods,Low Fat,12.15,0.025842905,119.844,OUT013,1987,High,Tier 3,Ahmedabad,599.22
NCM18,Household,Low Fat,13.0,0.083009876,61.1194,OUT045,2002,,Tier 2,Ahmedabad,2352.9372
FDR48,Baking Goods,Low Fat,11.65,0.131708682,152.3024,OUT049,1999,Medium,Tier 1,Ahmedabad,1518.024
FDU39,Meat,Low Fat,18.85,0.036037952,58.4562,OUT046,1997,Small,Tier 1,Ahmedabad,711.0744
NCK05,Health and Hygiene,Low Fat,20.1,0.077892365,59.3536,OUT017,2007,,Tier 2,Ahmedabad,918.804
NCD07,Household,Low Fat,9.1,0.0,115.4518,OUT017,2007,,Tier 2,Ahmedabad,2390.8878
FDG32,Fruits and Vegetables,Low Fat,19.85,0.176991029,221.5772,OUT017,2007,,Tier 2,Ahmedabad,3558.0352
FDW01,Canned,Low Fat,14.5,0.0,154.4682,OUT013,1987,High,Tier 3,Ahmedabad,1524.682
FDW25,Canned,Low Fat,5.175,0.03736783,86.9224,OUT013,1987,High,Tier 3,Ahmedabad,255.6672
NCI18,Household,Low Fat,18.35,0.014024028,224.5746,OUT046,1997,Small,Tier 1,Ahmedabad,2692.4952
NCJ19,Others,Low Fat,18.6,0.118419683,58.3588,OUT045,2002,,Tier 2,Ahmedabad,1545.9876
FDU56,Fruits and Vegetables,Low Fat,16.85,0.044414056,182.4266,OUT046,1997,Small,Tier 1,Ahmedabad,2028.6926
FDF04,Frozen Foods,Low Fat,17.5,0.013658248,256.3304,OUT049,1999,Medium,Tier 1,Ahmedabad,6199.9296
NCM26,Others,Low Fat,20.5,0.023179181,154.034,OUT049,1999,Medium,Tier 1,Ahmedabad,2450.144
DRF01,Soft Drinks,Low Fat,5.655,0.176070535,144.0102,OUT017,2007,,Tier 2,Ahmedabad,1749.7224
FDA32,Fruits and Vegetables,Low Fat,14.0,0.0,216.9192,OUT017,2007,,Tier 2,Ahmedabad,6471.576
FDO40,Frozen Foods,Low Fat,17.1,0.032628111,148.7392,OUT046,1997,Small,Tier 1,Ahmedabad,1640.5312
FDX09,Snack Foods,Low Fat,9.0,0.065194971,177.737,OUT013,1987,High,Tier 3,Ahmedabad,2117.244
NCM26,Others,Low Fat,20.5,0.02312394,154.634,OUT013,1987,High,Tier 3,Ahmedabad,2297.01
FDC11,Starchy Foods,Low Fat,20.5,0.141792841,89.7172,OUT046,1997,Small,Tier 1,Ahmedabad,1159.8236
NCT41,Health and Hygiene,Low Fat,15.7,0.055943697,150.6024,OUT013,1987,High,Tier 3,Ahmedabad,2428.8384
DRI51,Dairy,Low Fat,17.25,0.0,171.5764,OUT045,2002,,Tier 2,Ahmedabad,4637.9628
FDD57,Fruits and Vegetables,Low Fat,18.1,0.022380952,93.6094,OUT013,1987,High,Tier 3,Ahmedabad,476.047
NCQ43,Others,Low Fat,17.75,0.111209003,107.7912,OUT013,1987,High,Tier 3,Ahmedabad,982.7208
FDW49,Canned,Low Fat,19.5,0.082483516,179.2002,OUT013,1987,High,Tier 3,Ahmedabad,2865.6032
NCO54,Household,Low Fat,19.5,0.014274292,55.6614,OUT046,1997,Small,Tier 1,Ahmedabad,718.3982
DRF01,Soft Drinks,Low Fat,5.655,0.175047104,146.9102,OUT035,2004,Small,Tier 2,Ahmedabad,1895.5326
FDB50,Canned,Low Fat,13.0,0.153618566,79.6986,OUT046,1997,Small,Tier 1,Ahmedabad,1480.0734
FDT08,Fruits and Vegetables,Low Fat,13.65,0.04917754,151.805,OUT013,1987,High,Tier 3,Ahmedabad,2696.49
NCQ17,Health and Hygiene,Low Fat,10.3,0.117593973,154.463,OUT017,2007,,Tier 2,Ahmedabad,2503.408
FDJ56,Fruits and Vegetables,Low Fat,8.985,0.183688161,100.27,OUT049,1999,Medium,Tier 1,Ahmedabad,998.7
NCK42,Household,Low Fat,7.475,0.013146636,214.5192,OUT045,2002,,Tier 2,Ahmedabad,2804.3496
FDT40,Frozen Foods,Low Fat,5.985,0.095795326,128.4678,OUT046,1997,Small,Tier 1,Ahmedabad,508.6712
DRO35,Hard Drinks,Low Fat,13.85,0.034765901,114.2492,OUT017,2007,,Tier 2,Ahmedabad,1853.5872
DRL47,Hard Drinks,Low Fat,19.7,0.038815341,124.2362,OUT045,2002,,Tier 2,Ahmedabad,1887.543
FDN13,Breakfast,Low Fat,18.6,0.151931742,101.1358,OUT013,1987,High,Tier 3,Ahmedabad,1105.8938
DRF15,Dairy,Low Fat,18.35,0.0,151.934,OUT013,1987,High,Tier 3,Ahmedabad,306.268
NCQ50,Household,Low Fat,18.75,0.034278798,214.1218,OUT013,1987,High,Tier 3,Ahmedabad,4488.1578
FDE58,Snack Foods,Low Fat,18.5,0.0,119.8124,OUT017,2007,,Tier 2,Ahmedabad,4029.4216
FDA19,Fruits and Vegetables,Low Fat,7.52,0.055081623,128.8994,OUT013,1987,High,Tier 3,Ahmedabad,2055.9904
DRM35,Hard Drinks,Low Fat,9.695,0.070587419,176.9344,OUT045,2002,,Tier 2,Ahmedabad,5888.3352
NCP06,Household,Low Fat,20.7,0.039238384,152.8366,OUT035,2004,Small,Tier 2,Ahmedabad,2569.3222
FDM21,Snack Foods,Low Fat,20.2,0.064464147,255.7646,OUT049,1999,Medium,Tier 1,Ahmedabad,5410.9566
FDY27,Dairy,Low Fat,6.38,0.031898175,177.4344,OUT046,1997,Small,Tier 1,Ahmedabad,1784.344
NCO42,Household,Low Fat,21.25,0.024650932,146.0102,OUT035,2004,Small,Tier 2,Ahmedabad,2916.204
NCC18,Household,Low Fat,19.1,0.177545624,172.4422,OUT049,1999,Medium,Tier 1,Ahmedabad,3621.2862
NCH18,Household,Low Fat,9.3,0.044652785,247.0802,OUT035,2004,Small,Tier 2,Ahmedabad,1228.401
FDZ38,Dairy,Low Fat,17.6,0.008001018,170.4422,OUT046,1997,Small,Tier 1,Ahmedabad,2759.0752
FDS13,Canned,Low Fat,6.465,0.124506117,264.7884,OUT046,1997,Small,Tier 1,Ahmedabad,3709.8376
FDK36,Baking Goods,Low Fat,7.09,0.00720931,48.1034,OUT013,1987,High,Tier 3,Ahmedabad,1069.2748
FDX21,Snack Foods,Low Fat,7.05,0.084949955,109.7912,OUT035,2004,Small,Tier 2,Ahmedabad,1091.912
FDR02,Dairy,Low Fat,16.7,0.022190488,113.1886,OUT017,2007,,Tier 2,Ahmedabad,3335.658
NCY05,Health and Hygiene,Low Fat,13.5,0.055301055,34.6874,OUT017,2007,,Tier 2,Ahmedabad,317.5866
FDP33,Snack Foods,Low Fat,18.7,0.089777214,256.4672,OUT017,2007,,Tier 2,Ahmedabad,5369.0112
NCV29,Health and Hygiene,Low Fat,11.8,0.022824491,177.0686,OUT013,1987,High,Tier 3,Ahmedabad,3022.0662
FDD11,Starchy Foods,Low Fat,12.85,0.0,254.704,OUT035,2004,Small,Tier 2,Ahmedabad,2530.04
NCQ05,Health and Hygiene,Low Fat,11.395,0.021602001,149.1708,OUT035,2004,Small,Tier 2,Ahmedabad,2708.4744
NCN26,Household,Low Fat,10.85,0.028674471,115.1808,OUT035,2004,Small,Tier 2,Ahmedabad,3866.9664
FDV32,Fruits and Vegetables,Low Fat,7.785,0.088888291,64.751,OUT045,2002,,Tier 2,Ahmedabad,1201.769
FDQ14,Dairy,Low Fat,9.27,0.061775607,150.105,OUT035,2004,Small,Tier 2,Ahmedabad,2696.49
FDP27,Meat,Low Fat,8.155,0.119351235,190.153,OUT013,1987,High,Tier 3,Ahmedabad,4933.578
FDY13,Canned,Low Fat,12.1,0.030174246,76.667,OUT049,1999,Medium,Tier 1,Ahmedabad,1531.34
DRI25,Soft Drinks,Low Fat,19.6,0.034093203,56.6614,OUT017,2007,,Tier 2,Ahmedabad,1492.0578
NCT17,Health and Hygiene,Low Fat,10.8,0.041831008,186.6214,OUT013,1987,High,Tier 3,Ahmedabad,2261.0568
FDG24,Baking Goods,Low Fat,7.975,0.014713909,83.125,OUT017,2007,,Tier 2,Ahmedabad,2579.975
FDR10,Snack Foods,Low Fat,17.6,0.010096684,160.4552,OUT017,2007,,Tier 2,Ahmedabad,2599.2832
FDV38,Dairy,Low Fat,19.25,0.101980245,54.3956,OUT045,2002,,Tier 2,Ahmedabad,873.5296
NCB18,Household,Low Fat,19.6,0.041374909,89.2514,OUT045,2002,,Tier 2,Ahmedabad,1416.8224
FDT48,Baking Goods,Low Fat,4.92,0.045916788,198.8084,OUT013,1987,High,Tier 3,Ahmedabad,2976.126
FDD02,Canned,Low Fat,16.6,0.0,117.3124,OUT013,1987,High,Tier 3,Ahmedabad,2014.7108
NCS30,Household,Low Fat,5.945,0.093008616,127.8652,OUT035,2004,Small,Tier 2,Ahmedabad,2195.8084
FDK45,Seafood,Low Fat,11.65,0.033858187,113.386,OUT046,1997,Small,Tier 1,Ahmedabad,2603.278
NCZ42,Household,Low Fat,10.5,0.011305479,235.5248,OUT049,1999,Medium,Tier 1,Ahmedabad,4740.496
DRG36,Soft Drinks,Low Fat,14.15,0.095360186,172.3106,OUT035,2004,Small,Tier 2,Ahmedabad,3251.1014
DRH11,Hard Drinks,Low Fat,5.98,0.075711199,55.6614,OUT045,2002,,Tier 2,Ahmedabad,331.5684
NCB42,Health and Hygiene,Low Fat,11.8,0.008609602,114.8492,OUT017,2007,,Tier 2,Ahmedabad,1390.1904
NCB42,Health and Hygiene,Low Fat,11.8,0.008578539,117.6492,OUT045,2002,,Tier 2,Ahmedabad,1158.492
FDD58,Snack Foods,Low Fat,7.76,0.059472609,98.77,OUT045,2002,,Tier 2,Ahmedabad,1298.31
DRF49,Soft Drinks,Low Fat,7.27,0.071064499,114.4518,OUT035,2004,Small,Tier 2,Ahmedabad,1366.2216
NCD31,Household,Low Fat,12.1,0.015521768,165.8526,OUT017,2007,,Tier 2,Ahmedabad,3124.5994
NCF30,Household,Low Fat,17.0,0.126220187,126.7362,OUT035,2004,Small,Tier 2,Ahmedabad,1258.362
FDB11,Starchy Foods,Low Fat,16.0,0.061192211,224.1404,OUT017,2007,,Tier 2,Ahmedabad,4725.8484
FDR21,Snack Foods,Low Fat,19.7,0.066879757,174.437,OUT013,1987,High,Tier 3,Ahmedabad,1587.933
FDD46,Snack Foods,Low Fat,6.035,0.141542481,153.1998,OUT045,2002,,Tier 2,Ahmedabad,1537.998
NCF55,Household,Low Fat,6.675,0.021710275,34.9874,OUT045,2002,,Tier 2,Ahmedabad,247.0118
FDI44,Fruits and Vegetables,Low Fat,16.1,0.100149459,78.4328,OUT013,1987,High,Tier 3,Ahmedabad,1158.492
FDK52,Frozen Foods,Low Fat,18.25,0.079342006,226.0062,OUT049,1999,Medium,Tier 1,Ahmedabad,1805.6496
FDB39,Dairy,Low Fat,11.6,0.038511676,57.7272,OUT035,2004,Small,Tier 2,Ahmedabad,503.3448
FDD36,Baking Goods,Low Fat,13.3,0.021306635,119.8124,OUT049,1999,Medium,Tier 1,Ahmedabad,1896.1984
NCN55,Others,Low Fat,14.6,0.0,242.3538,OUT035,2004,Small,Tier 2,Ahmedabad,5287.7836
FDY14,Dairy,Low Fat,10.3,0.070149088,264.5226,OUT049,1999,Medium,Tier 1,Ahmedabad,3436.1938
NCZ17,Health and Hygiene,Low Fat,12.15,0.0,39.1506,OUT017,2007,,Tier 2,Ahmedabad,1480.0734
NCN30,Household,Low Fat,16.35,0.016993204,95.741,OUT046,1997,Small,Tier 1,Ahmedabad,965.41
NCN53,Health and Hygiene,Low Fat,5.175,0.030349723,37.0874,OUT035,2004,Small,Tier 2,Ahmedabad,423.4488
NCB42,Health and Hygiene,Low Fat,11.8,0.008554052,116.9492,OUT013,1987,High,Tier 3,Ahmedabad,1969.4364
FDD51,Dairy,Low Fat,11.15,0.119930029,44.2744,OUT035,2004,Small,Tier 2,Ahmedabad,588.5672
FDY31,Fruits and Vegetables,Low Fat,5.98,0.04363058,148.2418,OUT049,1999,Medium,Tier 1,Ahmedabad,1618.5598
DRE25,Soft Drinks,Low Fat,15.35,0.073697713,91.912,OUT017,2007,,Tier 2,Ahmedabad,559.272
FDK40,Frozen Foods,Low Fat,7.035,0.021883368,263.791,OUT049,1999,Medium,Tier 1,Ahmedabad,4996.829
FDH57,Fruits and Vegetables,Low Fat,10.895,0.035949725,132.9284,OUT017,2007,,Tier 2,Ahmedabad,3295.71
FDA15,Dairy,Low Fat,9.3,0.016113019,248.8092,OUT017,2007,,Tier 2,Ahmedabad,5976.2208
FDQ16,Frozen Foods,Low Fat,19.7,0.041823046,108.0912,OUT045,2002,,Tier 2,Ahmedabad,1965.4416
FDA49,Canned,Low Fat,19.7,0.0650227,87.0198,OUT049,1999,Medium,Tier 1,Ahmedabad,697.7584
FDS57,Snack Foods,Low Fat,15.5,0.103422709,144.847,OUT035,2004,Small,Tier 2,Ahmedabad,1717.764
FDF52,Frozen Foods,Low Fat,9.3,0.066770664,180.5292,OUT035,2004,Small,Tier 2,Ahmedabad,2189.1504
NCK29,Health and Hygiene,Low Fat,5.615,0.0,121.973,OUT046,1997,Small,Tier 1,Ahmedabad,2463.46
FDJ32,Fruits and Vegetables,Low Fat,10.695,0.057792343,61.4536,OUT046,1997,Small,Tier 1,Ahmedabad,428.7752
FDX20,Fruits and Vegetables,Low Fat,7.365,0.042626422,227.072,OUT049,1999,Medium,Tier 1,Ahmedabad,4074.696
FDG32,Fruits and Vegetables,Low Fat,19.85,0.175995526,224.0772,OUT046,1997,Small,Tier 1,Ahmedabad,1556.6404
DRK12,Soft Drinks,Low Fat,9.5,0.042123243,32.09,OUT017,2007,,Tier 2,Ahmedabad,432.77
FDJ48,Baking Goods,Low Fat,11.3,0.056434817,247.8118,OUT046,1997,Small,Tier 1,Ahmedabad,2964.1416
NCF55,Household,Low Fat,6.675,0.021666335,33.3874,OUT046,1997,Small,Tier 1,Ahmedabad,1235.059
FDH33,Snack Foods,Low Fat,12.85,0.121914662,43.5428,OUT049,1999,Medium,Tier 1,Ahmedabad,615.1992
FDB20,Fruits and Vegetables,Low Fat,7.72,0.051970838,79.7986,OUT035,2004,Small,Tier 2,Ahmedabad,2336.958
NCL31,Others,Low Fat,7.39,0.120467994,145.147,OUT049,1999,Medium,Tier 1,Ahmedabad,5296.439
FDV39,Meat,Low Fat,11.3,0.007279889,199.3426,OUT046,1997,Small,Tier 1,Ahmedabad,2372.9112
FDV15,Meat,Low Fat,10.3,0.146172453,103.3648,OUT046,1997,Small,Tier 1,Ahmedabad,3219.8088
FDX15,Meat,Low Fat,17.2,0.156541861,162.4578,OUT049,1999,Medium,Tier 1,Ahmedabad,2888.2404
FDV31,Fruits and Vegetables,Low Fat,9.8,0.0,175.237,OUT049,1999,Medium,Tier 1,Ahmedabad,3881.614
FDN04,Frozen Foods,Regular,11.8,0.014087057,180.3344,OUT046,1997,Small,Tier 1,Ahmedabad,1427.4752
FDM01,Breakfast,Regular,7.895,0.095102092,104.4332,OUT017,2007,,Tier 2,Ahmedabad,2870.9296
FDN58,Snack Foods,Regular,13.8,0.056960814,230.0984,OUT049,1999,Medium,Tier 1,Ahmedabad,3707.1744
FDH45,Fruits and Vegetables,Regular,15.1,0.105646853,42.8796,OUT035,2004,Small,Tier 2,Ahmedabad,949.4308
FDS28,Frozen Foods,Regular,8.18,0.082529704,56.9588,OUT049,1999,Medium,Tier 1,Ahmedabad,744.3644
FDY26,Dairy,Regular,20.6,0.030510526,211.4244,OUT046,1997,Small,Tier 1,Ahmedabad,7833.8028
FDS31,Fruits and Vegetables,Regular,13.1,0.0,178.9318,OUT049,1999,Medium,Tier 1,Ahmedabad,3067.3406
FDB26,Canned,Regular,14.0,0.031267496,51.464,OUT046,1997,Small,Tier 1,Ahmedabad,692.432
FDI41,Frozen Foods,Regular,18.5,0.062609071,148.6418,OUT017,2007,,Tier 2,Ahmedabad,1765.7016
FDL38,Canned,Regular,13.8,0.014730322,90.9172,OUT035,2004,Small,Tier 2,Ahmedabad,2141.2128
FDM08,Fruits and Vegetables,Regular,10.1,0.053574075,223.7088,OUT035,2004,Small,Tier 2,Ahmedabad,2684.5056
FDW09,Snack Foods,Regular,13.65,0.025899245,81.1302,OUT013,1987,High,Tier 3,Ahmedabad,792.302
FDU21,Snack Foods,Regular,11.8,0.07665661,32.3558,OUT013,1987,High,Tier 3,Ahmedabad,169.779
FDR55,Fruits and Vegetables,Regular,12.15,0.13283066,190.6872,OUT017,2007,,Tier 2,Ahmedabad,2269.0464
FDC10,Snack Foods,Regular,9.8,0.072863893,118.6098,OUT035,2004,Small,Tier 2,Ahmedabad,843.5686
FDE33,Fruits and Vegetables,Regular,19.35,0.049712775,78.2644,OUT049,1999,Medium,Tier 1,Ahmedabad,1492.7236
FDX27,Dairy,Regular,20.7,0.114294512,94.9436,OUT049,1999,Medium,Tier 1,Ahmedabad,1229.0668
FDO10,Snack Foods,Regular,13.65,0.0127517,55.5588,OUT046,1997,Small,Tier 1,Ahmedabad,1603.2464
FDC03,Dairy,Regular,8.575,0.071958197,195.3794,OUT049,1999,Medium,Tier 1,Ahmedabad,3511.4292
FDF24,Baking Goods,Regular,15.5,0.025513973,83.7934,OUT017,2007,,Tier 2,Ahmedabad,1474.0812
FDI40,Frozen Foods,Regular,11.5,0.125857678,100.5358,OUT045,2002,,Tier 2,Ahmedabad,2111.2518
FDT24,Baking Goods,Regular,12.35,0.18614827,78.2328,OUT049,1999,Medium,Tier 1,Ahmedabad,1158.492
FDH05,Frozen Foods,Regular,14.35,0.091054989,231.8984,OUT049,1999,Medium,Tier 1,Ahmedabad,4633.968
FDR36,Baking Goods,Regular,6.715,0.122274118,40.3454,OUT017,2007,,Tier 2,Ahmedabad,838.908
FDB26,Canned,Regular,14.0,0.031444357,53.764,OUT017,2007,,Tier 2,Ahmedabad,798.96
FDI07,Meat,Regular,12.35,0.03382933,196.9426,OUT045,2002,,Tier 2,Ahmedabad,2768.3964
FDT07,Fruits and Vegetables,Regular,5.82,0.0,256.633,OUT049,1999,Medium,Tier 1,Ahmedabad,2050.664
FDI10,Snack Foods,Regular,8.51,0.078339081,172.9422,OUT013,1987,High,Tier 3,Ahmedabad,1379.5376
FDL14,Canned,Regular,8.115,0.032152786,157.3972,OUT035,2004,Small,Tier 2,Ahmedabad,1869.5664
FDG14,Canned,Regular,9.0,0.05060313,150.9024,OUT045,2002,,Tier 2,Ahmedabad,4402.2696
FDO31,Fruits and Vegetables,Regular,6.76,0.028958563,78.396,OUT013,1987,High,Tier 3,Ahmedabad,1757.712
FDW12,Baking Goods,Regular,8.315,0.035627489,146.6444,OUT049,1999,Medium,Tier 1,Ahmedabad,870.8664
FDS24,Baking Goods,Regular,20.85,0.062321222,87.2514,OUT049,1999,Medium,Tier 1,Ahmedabad,265.6542
FDR55,Fruits and Vegetables,Regular,12.15,0.132058566,187.5872,OUT035,2004,Small,Tier 2,Ahmedabad,4349.0056
FDO22,Snack Foods,Regular,13.5,0.017895691,79.496,OUT045,2002,,Tier 2,Ahmedabad,1597.92
FDL48,Baking Goods,Regular,19.35,0.082731751,49.2034,OUT017,2007,,Tier 2,Ahmedabad,777.6544
FDU31,Fruits and Vegetables,Regular,10.5,0.02502991,218.4508,OUT049,1999,Medium,Tier 1,Ahmedabad,2821.6604
FDT10,Snack Foods,Regular,16.7,0.061992874,60.9562,OUT013,1987,High,Tier 3,Ahmedabad,355.5372
FDY57,Snack Foods,Regular,20.2,0.121940099,95.3752,OUT017,2007,,Tier 2,Ahmedabad,1150.5024
FDY57,Snack Foods,Regular,20.2,0.121153331,97.3752,OUT013,1987,High,Tier 3,Ahmedabad,958.752
FDB23,Starchy Foods,Regular,19.2,0.005583951,226.9062,OUT013,1987,High,Tier 3,Ahmedabad,4514.124
FDK26,Canned,Regular,5.46,0.032177405,185.424,OUT046,1997,Small,Tier 1,Ahmedabad,5219.872
FDI04,Frozen Foods,Regular,13.65,0.073060301,196.2426,OUT045,2002,,Tier 2,Ahmedabad,2570.6538
FDQ48,Baking Goods,Regular,14.3,0.034382602,96.5726,OUT013,1987,High,Tier 3,Ahmedabad,2251.0698
FDH44,Fruits and Vegetables,Regular,19.1,0.025867261,147.6418,OUT035,2004,Small,Tier 2,Ahmedabad,1471.418
FDT23,Breads,Regular,7.72,0.074847665,78.8986,OUT049,1999,Medium,Tier 1,Ahmedabad,623.1888
FDW31,Fruits and Vegetables,Regular,11.35,0.043402224,197.0742,OUT017,2007,,Tier 2,Ahmedabad,2587.9646
FDE35,Starchy Foods,Regular,7.06,0.043863865,59.5904,OUT013,1987,High,Tier 3,Ahmedabad,761.6752
FDX10,Snack Foods,Regular,6.385,0.124410284,34.3874,OUT017,2007,,Tier 2,Ahmedabad,388.1614
FDF57,Fruits and Vegetables,Regular,14.5,0.059160135,170.7448,OUT017,2007,,Tier 2,Ahmedabad,2045.3376
FDF10,Snack Foods,Regular,15.5,0.156797787,148.6418,OUT013,1987,High,Tier 3,Ahmedabad,3972.8286
FDF45,Fruits and Vegetables,Regular,18.2,0.012229464,56.8904,OUT045,2002,,Tier 2,Ahmedabad,1406.1696
FDN51,Meat,Regular,17.85,0.021065311,261.5936,OUT017,2007,,Tier 2,Ahmedabad,6002.8528
FDI08,Fruits and Vegetables,Regular,18.2,0.066431507,250.1092,OUT045,2002,,Tier 2,Ahmedabad,4233.1564
DRC36,Soft Drinks,Regular,13.0,0.044976367,176.2054,OUT035,2004,Small,Tier 2,Ahmedabad,1225.7378
FDZ07,Fruits and Vegetables,Regular,15.1,0.094037291,62.3194,OUT049,1999,Medium,Tier 1,Ahmedabad,495.3552
FDU19,Fruits and Vegetables,Regular,8.77,0.046762633,170.8422,OUT035,2004,Small,Tier 2,Ahmedabad,1724.422
FDP52,Frozen Foods,Regular,18.7,0.070691729,230.201,OUT046,1997,Small,Tier 1,Ahmedabad,5742.525
FDH60,Baking Goods,Regular,19.7,0.08073703,197.011,OUT046,1997,Small,Tier 1,Ahmedabad,3338.987
FDT39,Meat,Regular,6.26,0.009883257,149.8366,OUT049,1999,Medium,Tier 1,Ahmedabad,1964.7758
FDH47,Starchy Foods,Regular,13.5,0.129077455,95.2068,OUT045,2002,,Tier 2,Ahmedabad,583.2408
FDX39,Meat,Regular,14.3,0.049676157,212.4586,OUT046,1997,Small,Tier 1,Ahmedabad,3799.0548
FDC29,Frozen Foods,Regular,8.39,0.024185517,115.7176,OUT013,1987,High,Tier 3,Ahmedabad,1374.2112
FDD32,Fruits and Vegetables,Regular,17.7,0.041163522,80.8276,OUT017,2007,,Tier 2,Ahmedabad,1868.2348
FDW04,Frozen Foods,Regular,8.985,0.057944376,131.531,OUT045,2002,,Tier 2,Ahmedabad,1428.141
FDZ26,Dairy,Regular,11.6,0.143897558,240.6222,OUT013,1987,High,Tier 3,Ahmedabad,2868.2664
FDI34,Snack Foods,Regular,10.65,0.085268317,229.7668,OUT049,1999,Medium,Tier 1,Ahmedabad,3916.2356
FDB58,Snack Foods,Regular,10.5,0.013485235,140.0154,OUT013,1987,High,Tier 3,Ahmedabad,3119.9388
FDR15,Meat,Regular,9.3,0.033489979,156.6314,OUT049,1999,Medium,Tier 1,Ahmedabad,1241.0512
FDS34,Snack Foods,Regular,19.35,0.076744561,113.4518,OUT035,2004,Small,Tier 2,Ahmedabad,1593.9252
FDD47,Starchy Foods,Regular,7.6,0.142699588,171.7448,OUT045,2002,,Tier 2,Ahmedabad,4431.5648
FDU57,Snack Foods,Regular,8.27,0.089554186,150.8708,OUT046,1997,Small,Tier 1,Ahmedabad,2407.5328
FDO49,Breakfast,Regular,10.6,0.033052168,49.7008,OUT046,1997,Small,Tier 1,Ahmedabad,961.4152
FDB57,Fruits and Vegetables,Regular,20.25,0.018911474,220.5772,OUT017,2007,,Tier 2,Ahmedabad,2446.1492
FDA52,Frozen Foods,Regular,16.2,0.128621941,175.537,OUT049,1999,Medium,Tier 1,Ahmedabad,3528.74
FDR44,Fruits and Vegetables,Regular,6.11,0.103129612,129.5968,OUT045,2002,,Tier 2,Ahmedabad,2348.9424
FDU24,Baking Goods,Regular,6.78,0.140163038,94.212,OUT046,1997,Small,Tier 1,Ahmedabad,1025.332
FDT10,Snack Foods,Regular,16.7,0.062395455,57.6562,OUT017,2007,,Tier 2,Ahmedabad,533.3058
FDF53,Frozen Foods,Regular,20.75,0.083606565,178.8318,OUT046,1997,Small,Tier 1,Ahmedabad,3608.636
FDO10,Snack Foods,Regular,13.65,0.012741089,57.6588,OUT013,1987,High,Tier 3,Ahmedabad,343.5528
FDN22,Snack Foods,Regular,18.85,0.138190277,250.8724,OUT013,1987,High,Tier 3,Ahmedabad,3775.086
FDL50,Canned,Regular,12.15,0.042277867,126.5046,OUT013,1987,High,Tier 3,Ahmedabad,373.5138
FDR13,Canned,Regular,9.895,0.028696932,117.0492,OUT013,1987,High,Tier 3,Ahmedabad,810.9444
FDL12,Baking Goods,Regular,15.85,0.121531501,59.222,OUT013,1987,High,Tier 3,Ahmedabad,599.22
DRB48,Soft Drinks,Regular,16.75,0.024832806,38.7822,OUT013,1987,High,Tier 3,Ahmedabad,667.7974
FDH14,Canned,Regular,17.1,0.0467696,141.1838,OUT013,1987,High,Tier 3,Ahmedabad,2247.7408
FDA47,Baking Goods,Regular,10.5,0.116576702,163.121,OUT013,1987,High,Tier 3,Ahmedabad,1794.331
FDQ28,Frozen Foods,Regular,14.0,0.060376776,154.5656,OUT013,1987,High,Tier 3,Ahmedabad,2471.4496
FDM22,Snack Foods,Regular,14.0,0.04192285,54.764,OUT013,1987,High,Tier 3,Ahmedabad,1331.6
FDM15,Meat,Regular,11.8,0.057373797,151.4366,OUT013,1987,High,Tier 3,Ahmedabad,1360.2294
FDU50,Dairy,Regular,5.75,0.075107656,112.8176,OUT013,1987,High,Tier 3,Ahmedabad,1374.2112
FDB35,Starchy Foods,Regular,12.3,0.064565202,92.9804,OUT013,1987,High,Tier 3,Ahmedabad,1929.4884
FDJ34,Snack Foods,Regular,11.8,0.09357779,125.9704,OUT013,1987,High,Tier 3,Ahmedabad,1877.556
FDJ55,Meat,Regular,12.8,0.023511371,225.9404,OUT013,1987,High,Tier 3,Ahmedabad,4950.8888
FDB29,Frozen Foods,Regular,16.7,0.052368061,112.7176,OUT013,1987,High,Tier 3,Ahmedabad,801.6232
FDR24,Baking Goods,Regular,17.35,0.062799379,88.183,OUT013,1987,High,Tier 3,Ahmedabad,539.298
FDT27,Meat,Regular,11.395,0.069529262,233.1616,OUT013,1987,High,Tier 3,Ahmedabad,6093.4016
FDO51,Meat,Regular,6.785,0.041947547,41.2112,OUT013,1987,High,Tier 3,Ahmedabad,809.6128
FDU46,Snack Foods,Regular,10.3,0.011117041,85.854,OUT013,1987,High,Tier 3,Ahmedabad,2683.174
FDQ45,Snack Foods,Regular,9.5,0.010907967,182.3608,OUT013,1987,High,Tier 3,Ahmedabad,2940.1728
FDL48,Baking Goods,Regular,19.35,0.082197959,49.2034,OUT013,1987,High,Tier 3,Ahmedabad,729.051
FDL52,Frozen Foods,Regular,6.635,0.0,39.7506,OUT013,1987,High,Tier 3,Ahmedabad,303.6048
FDN16,Frozen Foods,Regular,12.6,0.062648111,104.899,OUT013,1987,High,Tier 3,Ahmedabad,1960.781
FDR36,Baking Goods,Regular,6.715,0.121485195,40.2454,OUT013,1987,High,Tier 3,Ahmedabad,587.2356
FDX46,Snack Foods,Regular,12.3,0.0,57.3562,OUT013,1987,High,Tier 3,Ahmedabad,177.7686
FDC40,Dairy,Regular,16.0,0.065009745,79.5986,OUT013,1987,High,Tier 3,Ahmedabad,934.7832
FDS58,Snack Foods,Regular,9.285,0.020989132,158.6578,OUT013,1987,High,Tier 3,Ahmedabad,2406.867
FDS45,Snack Foods,Regular,5.175,0.029471408,105.4622,OUT013,1987,High,Tier 3,Ahmedabad,3281.7282
FDG38,Canned,Regular,8.975,0.05268526,83.3224,OUT013,1987,High,Tier 3,Ahmedabad,3579.3408
FDX39,Meat,Regular,14.3,0.049634817,212.5586,OUT013,1987,High,Tier 3,Ahmedabad,3165.879
FDQ51,Meat,Regular,16.0,0.017536671,45.5718,OUT013,1987,High,Tier 3,Ahmedabad,1039.9796
FDA51,Dairy,Regular,8.05,0.164542555,112.2518,OUT013,1987,High,Tier 3,Ahmedabad,1707.777
FDJ03,Dairy,Regular,12.35,0.072334667,49.1692,OUT013,1987,High,Tier 3,Ahmedabad,886.8456
FDT50,Dairy,Regular,6.75,0.108148913,95.6752,OUT013,1987,High,Tier 3,Ahmedabad,958.752
FDX35,Breads,Regular,5.035,0.079844043,226.3036,OUT013,1987,High,Tier 3,Ahmedabad,4098.6648
FDU37,Canned,Regular,9.5,0.104421237,80.196,OUT013,1987,High,Tier 3,Ahmedabad,2157.192
FDM45,Snack Foods,Regular,8.655,0.088121336,119.7756,OUT013,1987,High,Tier 3,Ahmedabad,2059.9852
FDQ49,Breakfast,Regular,20.2,0.039215075,157.663,OUT013,1987,High,Tier 3,Ahmedabad,2190.482
FDS16,Frozen Foods,Regular,15.15,0.066121873,145.676,OUT013,1987,High,Tier 3,Ahmedabad,3661.9
FDL39,Dairy,Regular,16.1,0.063278652,182.1318,OUT013,1987,High,Tier 3,Ahmedabad,2345.6134
FDV22,Snack Foods,Regular,14.85,0.009930514,157.463,OUT013,1987,High,Tier 3,Ahmedabad,2503.408
FDY11,Baking Goods,Regular,6.71,0.029535852,67.5142,OUT013,1987,High,Tier 3,Ahmedabad,593.2278
FDG34,Snack Foods,Regular,11.5,0.037539164,106.9254,OUT013,1987,High,Tier 3,Ahmedabad,3038.7112
FDE05,Frozen Foods,Regular,10.895,0.032427039,147.7102,OUT013,1987,High,Tier 3,Ahmedabad,1166.4816
FDG46,Snack Foods,Regular,8.63,0.032882271,113.5518,OUT013,1987,High,Tier 3,Ahmedabad,2732.4432
FDB37,Baking Goods,Regular,20.25,0.022921735,240.7538,OUT013,1987,High,Tier 3,Ahmedabad,3364.9532
FDZ21,Snack Foods,Regular,17.6,0.039189221,97.341,OUT013,1987,High,Tier 3,Ahmedabad,965.41
FDT12,Baking Goods,Regular,6.215,0.049580407,227.4062,OUT013,1987,High,Tier 3,Ahmedabad,5191.2426
FDL21,Snack Foods,Regular,15.85,0.007140468,40.848,OUT013,1987,High,Tier 3,Ahmedabad,679.116
FDS21,Snack Foods,Regular,19.85,0.020858779,62.8194,OUT013,1987,High,Tier 3,Ahmedabad,928.791
FDZ36,Baking Goods,Regular,6.035,0.065729039,188.324,OUT013,1987,High,Tier 3,Ahmedabad,1491.392
FDH50,Canned,Regular,15.0,0.161301097,185.1266,OUT013,1987,High,Tier 3,Ahmedabad,2213.1192
FDW02,Dairy,Regular,4.805,0.037668051,126.7704,OUT013,1987,High,Tier 3,Ahmedabad,2628.5784
FDB36,Baking Goods,Regular,5.465,0.048486801,131.2626,OUT013,1987,High,Tier 3,Ahmedabad,3410.2276
FDR37,Breakfast,Regular,16.5,0.06619442,184.4292,OUT013,1987,High,Tier 3,Ahmedabad,3101.2964
FDS15,Meat,Regular,9.195,0.077995641,107.1596,OUT013,1987,High,Tier 3,Ahmedabad,2804.3496
FDQ03,Meat,Regular,15.0,0.077949334,238.7248,OUT013,1987,High,Tier 3,Ahmedabad,2133.2232
FDV57,Snack Foods,Regular,15.25,0.065841719,179.866,OUT013,1987,High,Tier 3,Ahmedabad,2696.49
FDY12,Baking Goods,Regular,9.8,0.0,49.2008,OUT013,1987,High,Tier 3,Ahmedabad,657.8104
FDB12,Baking Goods,Regular,11.15,0.105220024,102.7648,OUT013,1987,High,Tier 3,Ahmedabad,1142.5128
DRL01,Soft Drinks,Regular,19.5,0.077108099,232.8958,OUT013,1987,High,Tier 3,Ahmedabad,5608.6992
FDY49,Canned,Regular,17.2,0.012002075,165.3184,OUT013,1987,High,Tier 3,Ahmedabad,990.7104
FDZ59,Baking Goods,Regular,6.63,0.103935018,166.85,OUT013,1987,High,Tier 3,Ahmedabad,5326.4
FDO09,Snack Foods,Regular,13.5,0.125170423,261.491,OUT013,1987,High,Tier 3,Ahmedabad,3418.883
FDN25,Breakfast,Regular,7.895,0.061124626,58.5588,OUT013,1987,High,Tier 3,Ahmedabad,171.7764
FDY28,Frozen Foods,Regular,7.47,0.152024355,211.8218,OUT013,1987,High,Tier 3,Ahmedabad,1496.0526
FDV28,Frozen Foods,Regular,16.1,0.159595473,32.8558,OUT013,1987,High,Tier 3,Ahmedabad,339.558
FDK10,Snack Foods,Regular,5.785,0.040325274,180.466,OUT013,1987,High,Tier 3,Ahmedabad,719.064
FDO22,Snack Foods,Regular,13.5,0.017844609,81.396,OUT013,1987,High,Tier 3,Ahmedabad,1198.44
FDI16,Frozen Foods,Regular,14.0,0.135662712,52.064,OUT013,1987,High,Tier 3,Ahmedabad,852.224
FDR12,Baking Goods,Regular,12.6,0.03150851,170.5764,OUT013,1987,High,Tier 3,Ahmedabad,3779.0808
FDH02,Canned,Regular,7.27,0.02076385,89.0488,OUT013,1987,High,Tier 3,Ahmedabad,181.0976
FDC51,Dairy,Regular,10.895,0.009613854,122.973,OUT013,1987,High,Tier 3,Ahmedabad,1231.73
FDN04,Frozen Foods,Regular,11.8,0.014075334,176.8344,OUT013,1987,High,Tier 3,Ahmedabad,3568.688
FDC03,Dairy,Regular,8.575,0.071786706,193.3794,OUT013,1987,High,Tier 3,Ahmedabad,780.3176
FDL24,Baking Goods,Regular,10.3,0.024875871,173.0422,OUT013,1987,High,Tier 3,Ahmedabad,2069.3064
FDE17,Frozen Foods,Regular,20.1,0.054410179,151.3366,OUT013,1987,High,Tier 3,Ahmedabad,2720.4588
FDE04,Frozen Foods,Regular,19.75,0.018008071,180.466,OUT013,1987,High,Tier 3,Ahmedabad,3415.554
FDC52,Dairy,Regular,11.15,0.00827301,150.4708,OUT013,1987,High,Tier 3,Ahmedabad,1956.1204
FDM36,Baking Goods,Regular,11.65,0.058681957,170.4422,OUT013,1987,High,Tier 3,Ahmedabad,517.3266
FDD10,Snack Foods,Regular,20.6,0.045982389,177.0344,OUT013,1987,High,Tier 3,Ahmedabad,535.3032
FDW26,Dairy,Regular,11.8,0.106968096,221.6772,OUT013,1987,High,Tier 3,Ahmedabad,3113.2808
FDY47,Breads,Regular,8.6,0.05443912,128.831,OUT013,1987,High,Tier 3,Ahmedabad,1038.648
FDW60,Baking Goods,Regular,5.44,0.017047751,174.637,OUT013,1987,High,Tier 3,Ahmedabad,2999.429
FDY24,Baking Goods,Regular,4.88,0.133382115,55.0298,OUT013,1987,High,Tier 3,Ahmedabad,647.1576
FDZ37,Canned,Regular,8.1,0.0,88.5198,OUT013,1987,High,Tier 3,Ahmedabad,261.6594
FDT24,Baking Goods,Regular,12.35,0.185704641,77.1328,OUT013,1987,High,Tier 3,Ahmedabad,2239.7512
FDV16,Frozen Foods,Regular,7.75,0.082861686,32.6558,OUT013,1987,High,Tier 3,Ahmedabad,679.116
FDA40,Frozen Foods,Regular,16.0,0.099188598,88.9856,OUT013,1987,High,Tier 3,Ahmedabad,1669.8264
FDI58,Snack Foods,Regular,7.64,0.070645636,91.212,OUT013,1987,High,Tier 3,Ahmedabad,466.06
FDW52,Frozen Foods,Regular,14.0,0.037491314,164.2526,OUT013,1987,High,Tier 3,Ahmedabad,1808.9786
FDO21,Snack Foods,Regular,11.6,0.009754896,223.0404,OUT013,1987,High,Tier 3,Ahmedabad,2025.3636
FDX57,Snack Foods,Regular,17.25,0.0,95.2068,OUT013,1987,High,Tier 3,Ahmedabad,2721.7904
FDQ40,Frozen Foods,Regular,11.1,0.035997543,176.9712,OUT013,1987,High,Tier 3,Ahmedabad,3691.1952
FDS59,Breads,Regular,14.8,0.043856919,109.057,OUT013,1987,High,Tier 3,Ahmedabad,2746.425
FDY37,Canned,Regular,17.0,0.026546765,142.147,OUT013,1987,High,Tier 3,Ahmedabad,2147.205
FDU15,Meat,Regular,13.65,0.026579951,34.7532,OUT013,1987,High,Tier 3,Ahmedabad,683.1108
FDB02,Canned,Regular,9.695,0.029140008,176.337,OUT013,1987,High,Tier 3,Ahmedabad,3528.74
FDS27,Meat,Regular,10.195,0.012447775,197.611,OUT013,1987,High,Tier 3,Ahmedabad,2553.343
FDR40,Frozen Foods,Regular,9.1,0.008027701,81.1618,OUT013,1987,High,Tier 3,Ahmedabad,2255.7304
FDU51,Meat,Regular,20.2,0.096433359,178.5028,OUT013,1987,High,Tier 3,Ahmedabad,4604.6728
FDD38,Canned,Regular,16.75,0.008184912,101.2674,OUT013,1987,High,Tier 3,Ahmedabad,1528.011
FDX38,Dairy,Regular,10.5,0.0481669,48.8376,OUT013,1987,High,Tier 3,Ahmedabad,671.1264
FDL13,Breakfast,Regular,13.85,0.056271701,232.23,OUT013,1987,High,Tier 3,Ahmedabad,1398.18
FDH40,Frozen Foods,Regular,11.6,0.078863888,83.2276,OUT013,1987,High,Tier 3,Ahmedabad,1543.3244
FDN58,Snack Foods,Regular,13.8,0.056825065,230.9984,OUT013,1987,High,Tier 3,Ahmedabad,4633.968
FDY16,Frozen Foods,Regular,18.35,0.092150005,184.8266,OUT013,1987,High,Tier 3,Ahmedabad,3872.9586
FDZ25,Canned,Regular,15.7,0.027594064,171.179,OUT013,1987,High,Tier 3,Ahmedabad,1867.569
FDX04,Frozen Foods,Regular,19.6,0.041536962,46.0376,OUT013,1987,High,Tier 3,Ahmedabad,527.3136
FDL28,Frozen Foods,Regular,10.0,0.063121982,231.7668,OUT013,1987,High,Tier 3,Ahmedabad,460.7336
FDR11,Breads,Regular,10.5,0.142419608,161.1578,OUT013,1987,High,Tier 3,Ahmedabad,1765.0358
FDM25,Breakfast,Regular,10.695,0.060615254,174.0712,OUT013,1987,High,Tier 3,Ahmedabad,2460.7968
FDV26,Dairy,Regular,20.25,0.076097073,193.5794,OUT013,1987,High,Tier 3,Ahmedabad,1950.794
FDM51,Meat,Regular,11.8,0.025904648,102.4674,OUT013,1987,High,Tier 3,Ahmedabad,2037.348
FDV12,Baking Goods,Regular,16.7,0.06082402,98.7384,OUT013,1987,High,Tier 3,Ahmedabad,1773.6912
FDM38,Canned,Regular,5.885,0.092694107,53.6982,OUT013,1987,High,Tier 3,Ahmedabad,1525.3478
FDY38,Dairy,Regular,13.6,0.119077255,231.23,OUT013,1987,High,Tier 3,Ahmedabad,2330.3
FDS28,Frozen Foods,Regular,8.18,0.082333019,58.1588,OUT013,1987,High,Tier 3,Ahmedabad,343.5528
FDL03,Meat,Regular,19.25,0.027058066,194.811,OUT013,1987,High,Tier 3,Ahmedabad,2749.754
DRA59,Soft Drinks,Regular,8.27,0.127821472,185.9924,OUT013,1987,High,Tier 3,Ahmedabad,555.2772
FDZ01,Canned,Regular,8.975,0.009051307,103.099,OUT013,1987,High,Tier 3,Ahmedabad,309.597
DRB13,Soft Drinks,Regular,6.115,0.007038478,189.253,OUT013,1987,High,Tier 3,Ahmedabad,3605.307
FDI60,Baking Goods,Regular,7.22,0.03828933,64.751,OUT013,1987,High,Tier 3,Ahmedabad,126.502
FDY03,Meat,Regular,17.6,0.076058484,111.8202,OUT013,1987,High,Tier 3,Ahmedabad,2025.3636
FDA26,Dairy,Regular,7.855,0.073858923,218.6482,OUT013,1987,High,Tier 3,Ahmedabad,3723.8194
FDL58,Snack Foods,Regular,5.78,0.074087369,264.9568,OUT013,1987,High,Tier 3,Ahmedabad,6855.0768
FDF53,Frozen Foods,Regular,20.75,0.083536989,180.3318,OUT013,1987,High,Tier 3,Ahmedabad,4149.9314
FDX03,Meat,Regular,15.85,0.061045133,44.7744,OUT013,1987,High,Tier 3,Ahmedabad,181.0976
FDM01,Breakfast,Regular,7.895,0.094488485,100.7332,OUT013,1987,High,Tier 3,Ahmedabad,1230.3984
FDT23,Breads,Regular,7.72,0.074669288,76.3986,OUT013,1987,High,Tier 3,Ahmedabad,1402.1748
FDZ51,Meat,Regular,11.3,0.054507422,96.3094,OUT013,1987,High,Tier 3,Ahmedabad,666.4658
FDH47,Starchy Foods,Regular,13.5,0.128709014,96.1068,OUT013,1987,High,Tier 3,Ahmedabad,1846.9292
FDY01,Canned,Regular,11.8,0.170141787,116.7834,OUT013,1987,High,Tier 3,Ahmedabad,2303.668
FDX49,Canned,Regular,4.615,0.101747034,231.33,OUT013,1987,High,Tier 3,Ahmedabad,4660.6
FDJ10,Snack Foods,Regular,5.095,0.129395895,140.3838,OUT013,1987,High,Tier 3,Ahmedabad,1826.2894
FDU16,Frozen Foods,Regular,19.25,0.058226609,85.2908,OUT013,1987,High,Tier 3,Ahmedabad,671.1264
FDF39,Dairy,Regular,14.85,0.019495051,261.291,OUT013,1987,High,Tier 3,Ahmedabad,10256.649
FDZ57,Snack Foods,Regular,10.0,0.03773288,128.2994,OUT013,1987,High,Tier 3,Ahmedabad,1413.4934
FDD52,Dairy,Regular,18.25,0.183142346,110.357,OUT013,1987,High,Tier 3,Ahmedabad,2087.283
FDN34,Snack Foods,Regular,15.6,0.0,170.6132,OUT013,1987,High,Tier 3,Ahmedabad,6595.4148
FDT14,Dairy,Regular,10.695,0.127620811,119.244,OUT013,1987,High,Tier 3,Ahmedabad,3475.476
FDE14,Canned,Regular,13.65,0.031418984,99.27,OUT013,1987,High,Tier 3,Ahmedabad,2596.62
FDZ49,Canned,Regular,11.0,0.133034816,222.0798,OUT013,1987,High,Tier 3,Ahmedabad,2864.9374
FDS24,Baking Goods,Regular,20.85,0.062172698,90.2514,OUT013,1987,High,Tier 3,Ahmedabad,619.8598
FDN33,Snack Foods,Regular,6.305,0.12301331,93.2436,OUT013,1987,High,Tier 3,Ahmedabad,2079.9592
FDK58,Snack Foods,Regular,11.35,0.044945123,101.0016,OUT013,1987,High,Tier 3,Ahmedabad,2631.2416
FDI21,Snack Foods,Regular,5.59,0.056555715,62.6168,OUT013,1987,High,Tier 3,Ahmedabad,639.168
FDS04,Frozen Foods,Regular,10.195,0.146540889,141.7838,OUT013,1987,High,Tier 3,Ahmedabad,1685.8056
DRC01,Soft Drinks,Regular,5.92,0.019184026,50.3692,OUT013,1987,High,Tier 3,Ahmedabad,591.2304
FDL57,Snack Foods,Regular,15.1,0.067020992,260.3304,OUT013,1987,High,Tier 3,Ahmedabad,5424.9384
FDW12,Baking Goods,Regular,8.315,0.035542581,143.3444,OUT013,1987,High,Tier 3,Ahmedabad,1596.5884
FDX47,Breads,Regular,6.55,0.034575546,156.5288,OUT013,1987,High,Tier 3,Ahmedabad,1571.288
FDD47,Starchy Foods,Regular,7.6,0.142292265,171.3448,OUT013,1987,High,Tier 3,Ahmedabad,3238.4512
FDP28,Frozen Foods,Regular,13.65,0.080573371,260.1936,OUT013,1987,High,Tier 3,Ahmedabad,3914.904
FDS36,Baking Goods,Regular,8.38,0.046848322,110.557,OUT013,1987,High,Tier 3,Ahmedabad,3844.995
FDL09,Snack Foods,Regular,19.6,0.127929521,167.4816,OUT013,1987,High,Tier 3,Ahmedabad,3691.1952
FDI50,Canned,Regular,8.42,0.030816999,230.8352,OUT013,1987,High,Tier 3,Ahmedabad,3435.528
FDL51,Dairy,Regular,20.7,0.04745185,214.6876,OUT013,1987,High,Tier 3,Ahmedabad,3001.4264
FDA04,Frozen Foods,Regular,11.3,0.066674465,259.1962,OUT013,1987,High,Tier 3,Ahmedabad,5179.924
FDW15,Meat,Regular,15.35,0.055067732,146.5734,OUT013,1987,High,Tier 3,Ahmedabad,2375.5744
FDE28,Frozen Foods,Regular,9.5,0.0,231.3668,OUT013,1987,High,Tier 3,Ahmedabad,5759.17
FDV04,Frozen Foods,Regular,7.825,0.149890395,159.0288,OUT013,1987,High,Tier 3,Ahmedabad,1257.0304
FDP36,Baking Goods,Regular,10.395,0.091096531,52.3008,OUT013,1987,High,Tier 3,Ahmedabad,2226.4352
FDC22,Snack Foods,Regular,6.89,0.136314863,195.082,OUT013,1987,High,Tier 3,Ahmedabad,2703.148
DRM49,Soft Drinks,Regular,6.11,0.151827552,43.0086,OUT013,1987,High,Tier 3,Ahmedabad,490.6946
FDX11,Baking Goods,Regular,16.0,0.106663245,179.7634,OUT013,1987,High,Tier 3,Ahmedabad,4180.5582
FDA03,Dairy,Regular,18.5,0.045425939,144.9102,OUT013,1987,High,Tier 3,Ahmedabad,1895.5326
FDN46,Snack Foods,Regular,7.21,0.144511119,100.5332,OUT013,1987,High,Tier 3,Ahmedabad,2460.7968
DRC36,Soft Drinks,Regular,13.0,0.0,173.6054,OUT013,1987,High,Tier 3,Ahmedabad,1751.054
FDJ12,Baking Goods,Regular,8.895,0.039008625,209.0296,OUT013,1987,High,Tier 3,Ahmedabad,2285.0256
FDW21,Snack Foods,Regular,5.34,0.005958918,101.6358,OUT013,1987,High,Tier 3,Ahmedabad,1709.1086
FDU24,Baking Goods,Regular,6.78,0.0,94.012,OUT013,1987,High,Tier 3,Ahmedabad,1211.756
FDM58,Snack Foods,Regular,16.85,0.079624087,111.6544,OUT013,1987,High,Tier 3,Ahmedabad,2125.2336
FDV13,Canned,Regular,17.35,0.02758789,86.1856,OUT013,1987,High,Tier 3,Ahmedabad,703.0848
FDP49,Breakfast,Regular,9.0,0.069031467,55.0614,OUT013,1987,High,Tier 3,Ahmedabad,442.0912
FDI04,Frozen Foods,Regular,13.65,0.072851756,197.1426,OUT013,1987,High,Tier 3,Ahmedabad,3954.852
FDL38,Canned,Regular,13.8,0.014720848,89.9172,OUT013,1987,High,Tier 3,Ahmedabad,1516.6924
FDN23,Breads,Regular,6.575,0.075444922,146.0444,OUT013,1987,High,Tier 3,Ahmedabad,2612.5992
FDO39,Meat,Regular,6.985,0.13725257,183.7608,OUT013,1987,High,Tier 3,Ahmedabad,2940.1728
FDF38,Canned,Regular,11.8,0.02633607,40.6138,OUT013,1987,High,Tier 3,Ahmedabad,406.138
FDY40,Frozen Foods,Regular,15.5,0.085763562,49.0692,OUT013,1987,High,Tier 3,Ahmedabad,295.6152
FDO46,Snack Foods,Regular,9.6,0.014200671,187.1872,OUT013,1987,High,Tier 3,Ahmedabad,3214.4824
FDX33,Snack Foods,Regular,9.195,0.117387066,160.2578,OUT013,1987,High,Tier 3,Ahmedabad,4492.8184
FDA02,Dairy,Regular,14.0,0.029697925,143.0786,OUT013,1987,High,Tier 3,Ahmedabad,3178.5292
FDD40,Dairy,Regular,20.25,0.014781046,193.8162,OUT013,1987,High,Tier 3,Ahmedabad,3463.4916
FDJ58,Snack Foods,Regular,15.6,0.105208448,170.5764,OUT013,1987,High,Tier 3,Ahmedabad,4466.1864
FDC14,Canned,Regular,14.5,0.041214746,42.0454,OUT013,1987,High,Tier 3,Ahmedabad,629.181
FDM60,Baking Goods,Regular,10.8,0.0,39.3138,OUT013,1987,High,Tier 3,Ahmedabad,1015.345
FDT51,Meat,Regular,11.65,0.010909704,110.8544,OUT013,1987,High,Tier 3,Ahmedabad,1677.816
FDU57,Snack Foods,Regular,8.27,0.089479661,148.6708,OUT013,1987,High,Tier 3,Ahmedabad,2106.5912
FDV37,Canned,Regular,13.0,0.083444376,195.8426,OUT013,1987,High,Tier 3,Ahmedabad,4152.5946
FDR01,Canned,Regular,5.405,0.053576661,200.5742,OUT013,1987,High,Tier 3,Ahmedabad,2388.8904
FDQ15,Meat,Regular,20.35,0.150947728,81.0276,OUT013,1987,High,Tier 3,Ahmedabad,1868.2348
FDE51,Dairy,Regular,5.925,0.096387053,45.6086,OUT013,1987,High,Tier 3,Ahmedabad,356.8688
FDX36,Baking Goods,Regular,9.695,0.128176489,224.8404,OUT013,1987,High,Tier 3,Ahmedabad,3600.6464
FDM50,Canned,Regular,13.0,0.030064132,58.022,OUT013,1987,High,Tier 3,Ahmedabad,898.83
FDZ23,Baking Goods,Regular,17.75,0.067446626,184.724,OUT013,1987,High,Tier 3,Ahmedabad,1677.816
DRZ11,Soft Drinks,Regular,8.85,0.112571187,122.0388,OUT013,1987,High,Tier 3,Ahmedabad,1609.9044
FDP03,Meat,Regular,5.15,0.06112617,122.5388,OUT013,1987,High,Tier 3,Ahmedabad,371.5164
FDD41,Frozen Foods,Regular,6.765,0.087187488,105.5306,OUT013,1987,High,Tier 3,Ahmedabad,1567.959
FDM04,Frozen Foods,Regular,9.195,0.047081397999999997,51.1666,OUT013,1987,High,Tier 3,Ahmedabad,1179.1318
FDS22,Snack Foods,Regular,16.85,0.023135131,44.8428,OUT013,1987,High,Tier 3,Ahmedabad,703.0848
FDO48,Baking Goods,Regular,15.0,0.02681843,219.7456,OUT013,1987,High,Tier 3,Ahmedabad,3094.6384
FDB03,Dairy,Regular,17.75,0.156701315,240.7538,OUT013,1987,High,Tier 3,Ahmedabad,4566.7222
FDJ21,Snack Foods,Regular,16.7,0.038496166,147.5102,OUT013,1987,High,Tier 3,Ahmedabad,5540.7876
FDI41,Frozen Foods,Regular,18.5,0.062205112,148.3418,OUT013,1987,High,Tier 3,Ahmedabad,1765.7016
FDM27,Meat,Regular,12.35,0.158337479,157.9946,OUT013,1987,High,Tier 3,Ahmedabad,3313.6866
FDU12,Baking Goods,Regular,15.5,0.075688032,262.9568,OUT013,1987,High,Tier 3,Ahmedabad,1845.5976
FDN38,Canned,Regular,6.615,0.091895319,248.6408,OUT013,1987,High,Tier 3,Ahmedabad,3504.7712
FDQ59,Breads,Regular,9.8,0.056339618,84.2908,OUT013,1987,High,Tier 3,Ahmedabad,755.0172
FDW16,Frozen Foods,Regular,17.35,0.041439718,93.7804,OUT013,1987,High,Tier 3,Ahmedabad,2848.2924
FDG33,Seafood,Regular,5.365,0.140123575,172.0764,OUT013,1987,High,Tier 3,Ahmedabad,2748.4224
FDX27,Dairy,Regular,20.7,0.114022125,92.9436,OUT013,1987,High,Tier 3,Ahmedabad,2174.5028
FDR27,Meat,Regular,15.1,0.096020459,133.7942,OUT013,1987,High,Tier 3,Ahmedabad,2384.8956
FDU27,Meat,Regular,18.6,0.17133418,48.8376,OUT013,1987,High,Tier 3,Ahmedabad,287.6256
FDV60,Baking Goods,Regular,20.2,0.0,197.211,OUT013,1987,High,Tier 3,Ahmedabad,3535.398
FDV34,Snack Foods,Regular,10.695,0.01141595,74.0038,OUT013,1987,High,Tier 3,Ahmedabad,1034.6532
FDS33,Snack Foods,Regular,6.67,0.12332588,90.2514,OUT013,1987,High,Tier 3,Ahmedabad,974.0654
FDH26,Canned,Regular,19.25,0.03467086,141.8496,OUT013,1987,High,Tier 3,Ahmedabad,2399.5432
FDB04,Dairy,Regular,11.35,0.063173691,86.1856,OUT013,1987,High,Tier 3,Ahmedabad,1494.0552
FDW46,Snack Foods,Regular,13.0,0.070243155,65.7484,OUT013,1987,High,Tier 3,Ahmedabad,391.4904
FDV48,Baking Goods,Regular,9.195,0.051573903,79.8644,OUT013,1987,High,Tier 3,Ahmedabad,785.644
FDJ14,Canned,Regular,10.3,0.050028809,80.096,OUT013,1987,High,Tier 3,Ahmedabad,239.688
FDI48,Baking Goods,Regular,11.85,0.055672032,50.5666,OUT013,1987,High,Tier 3,Ahmedabad,922.7988
FDH17,Frozen Foods,Regular,16.2,0.016639482,95.8726,OUT013,1987,High,Tier 3,Ahmedabad,1076.5986
FDH53,Frozen Foods,Regular,20.5,0.019183756,83.7592,OUT013,1987,High,Tier 3,Ahmedabad,1403.5064
FDW03,Meat,Regular,5.63,0.024520854,102.8306,OUT013,1987,High,Tier 3,Ahmedabad,1986.0814
FDE11,Starchy Foods,Regular,17.7,0.13498355,184.4924,OUT013,1987,High,Tier 3,Ahmedabad,3146.5708
FDP40,Frozen Foods,Regular,4.555,0.034328578,110.1544,OUT013,1987,High,Tier 3,Ahmedabad,1230.3984
FDH46,Snack Foods,Regular,6.935,0.041247932,101.8332,OUT013,1987,High,Tier 3,Ahmedabad,2255.7304
FDF29,Frozen Foods,Regular,15.1,0.019917598,129.431,OUT013,1987,High,Tier 3,Ahmedabad,3505.437
FDC34,Snack Foods,Regular,16.0,0.172615327,154.5972,OUT013,1987,High,Tier 3,Ahmedabad,1869.5664
FDJ38,Canned,Regular,8.6,0.040172077,188.553,OUT013,1987,High,Tier 3,Ahmedabad,3795.06
FDL02,Canned,Regular,20.0,0.10399676,107.4622,OUT013,1987,High,Tier 3,Ahmedabad,1587.933
FDR59,Breads,Regular,14.5,0.063810405,263.2594,OUT013,1987,High,Tier 3,Ahmedabad,2878.2534
FDR52,Frozen Foods,Regular,12.65,0.075981306,192.3846,OUT013,1987,High,Tier 3,Ahmedabad,1910.846
FDZ16,Frozen Foods,Regular,16.85,0.159722816,194.1478,OUT013,1987,High,Tier 3,Ahmedabad,5812.434
FDJ60,Baking Goods,Regular,19.35,0.062476391,164.5184,OUT013,1987,High,Tier 3,Ahmedabad,1651.184
DRA24,Soft Drinks,Regular,19.35,0.039895009,162.4868,OUT013,1987,High,Tier 3,Ahmedabad,4422.2436
FDA52,Frozen Foods,Regular,16.2,0.128315409,178.137,OUT013,1987,High,Tier 3,Ahmedabad,3881.614
FDN39,Meat,Regular,19.35,0.0,169.0816,OUT013,1987,High,Tier 3,Ahmedabad,3523.4136
FDO52,Frozen Foods,Regular,11.6,0.077100381,172.4106,OUT013,1987,High,Tier 3,Ahmedabad,1539.9954
FDU10,Snack Foods,Regular,10.1,0.045653999,35.6848,OUT013,1987,High,Tier 3,Ahmedabad,633.8416
FDJ40,Frozen Foods,Regular,13.6,0.049547993,108.6912,OUT013,1987,High,Tier 3,Ahmedabad,2402.2064
FDS31,Fruits and Vegetables,Regular,13.1,0.044155597,178.8318,OUT013,1987,High,Tier 3,Ahmedabad,3969.4996
FDF45,Fruits and Vegetables,Regular,18.2,0.012194556,57.7904,OUT013,1987,High,Tier 3,Ahmedabad,1464.76
FDS19,Fruits and Vegetables,Regular,13.8,0.064153845,76.9012,OUT013,1987,High,Tier 3,Ahmedabad,607.2096
FDV56,Fruits and Vegetables,Regular,16.1,0.013584408,107.7596,OUT013,1987,High,Tier 3,Ahmedabad,323.5788
FDH20,Fruits and Vegetables,Regular,16.1,0.024928351,95.141,OUT013,1987,High,Tier 3,Ahmedabad,3089.312
FDR19,Fruits and Vegetables,Regular,13.5,0.159587755,145.3102,OUT013,1987,High,Tier 3,Ahmedabad,729.051
FDN56,Fruits and Vegetables,Regular,5.46,0.106968096,142.6786,OUT013,1987,High,Tier 3,Ahmedabad,2311.6576
FDD32,Fruits and Vegetables,Regular,17.7,0.040897932,82.6276,OUT013,1987,High,Tier 3,Ahmedabad,731.0484
FDJ44,Fruits and Vegetables,Regular,12.3,0.106238768,176.1396,OUT013,1987,High,Tier 3,Ahmedabad,3663.2316
FDM08,Fruits and Vegetables,Regular,10.1,0.0,225.1088,OUT013,1987,High,Tier 3,Ahmedabad,3579.3408
FDF56,Fruits and Vegetables,Regular,16.7,0.119362812,180.3976,OUT013,1987,High,Tier 3,Ahmedabad,3078.6592
FDD21,Fruits and Vegetables,Regular,10.3,0.0,115.0176,OUT013,1987,High,Tier 3,Ahmedabad,4122.6336
FDT19,Fruits and Vegetables,Regular,7.59,0.14492016,174.708,OUT013,1987,High,Tier 3,Ahmedabad,2942.836
FDT07,Fruits and Vegetables,Regular,5.82,0.077254736,257.633,OUT013,1987,High,Tier 3,Ahmedabad,1537.998
FDR32,Fruits and Vegetables,Regular,6.78,0.08573655,229.5694,OUT013,1987,High,Tier 3,Ahmedabad,3425.541
FDX56,Fruits and Vegetables,Regular,17.1,0.073997843,207.0638,OUT013,1987,High,Tier 3,Ahmedabad,4969.5312
FDW44,Fruits and Vegetables,Regular,9.5,0.035121963,168.6448,OUT013,1987,High,Tier 3,Ahmedabad,1022.6688
FDQ19,Fruits and Vegetables,Regular,7.35,0.014353174,242.6512,OUT013,1987,High,Tier 3,Ahmedabad,969.4048
FDC08,Fruits and Vegetables,Regular,19.0,0.103363904,226.172,OUT013,1987,High,Tier 3,Ahmedabad,3169.208
FDP44,Fruits and Vegetables,Regular,16.5,0.07964724,101.4332,OUT013,1987,High,Tier 3,Ahmedabad,1948.1308
FDG56,Fruits and Vegetables,Regular,13.3,0.0713931,61.0536,OUT013,1987,High,Tier 3,Ahmedabad,1592.5936
FDW43,Fruits and Vegetables,Regular,20.1,0.022406575,225.9036,OUT013,1987,High,Tier 3,Ahmedabad,3643.2576
FDC09,Fruits and Vegetables,Regular,15.5,0.026280116,102.3332,OUT013,1987,High,Tier 3,Ahmedabad,922.7988
FDW31,Fruits and Vegetables,Regular,11.35,0.043122189,197.9742,OUT013,1987,High,Tier 3,Ahmedabad,995.371
FDT55,Fruits and Vegetables,Regular,13.6,0.043618827,156.7946,OUT013,1987,High,Tier 3,Ahmedabad,2840.3028
FDV44,Fruits and Vegetables,Regular,8.365,0.039811272,191.3188,OUT013,1987,High,Tier 3,Ahmedabad,2285.0256
FDR55,Fruits and Vegetables,Regular,12.15,0.131973625,187.9872,OUT013,1987,High,Tier 3,Ahmedabad,2458.1336
FDS56,Fruits and Vegetables,Regular,5.785,0.038724612,263.9252,OUT013,1987,High,Tier 3,Ahmedabad,6033.4796
FDO19,Fruits and Vegetables,Regular,17.7,0.016582833,50.5034,OUT013,1987,High,Tier 3,Ahmedabad,1458.102
FDP08,Fruits and Vegetables,Regular,20.5,0.112316501,193.9478,OUT013,1987,High,Tier 3,Ahmedabad,4456.1994
FDK08,Fruits and Vegetables,Regular,9.195,0.122202946,100.1016,OUT013,1987,High,Tier 3,Ahmedabad,1619.2256
FDL32,Fruits and Vegetables,Regular,15.7,0.0,112.4544,OUT013,1987,High,Tier 3,Ahmedabad,1230.3984
FDZ43,Fruits and Vegetables,Regular,11.0,0.057011062,241.9512,OUT013,1987,High,Tier 3,Ahmedabad,2908.2144
FDW07,Fruits and Vegetables,Regular,18.0,0.142570104,88.2514,OUT013,1987,High,Tier 3,Ahmedabad,1505.3738
FDE33,Fruits and Vegetables,Regular,19.35,0.049594299,77.0644,OUT013,1987,High,Tier 3,Ahmedabad,2278.3676
FDD44,Fruits and Vegetables,Regular,8.05,0.0,257.5646,OUT013,1987,High,Tier 3,Ahmedabad,5153.292
FDV19,Fruits and Vegetables,Regular,14.85,0.035227697,159.5578,OUT013,1987,High,Tier 3,Ahmedabad,2085.9514
FDR31,Fruits and Vegetables,Regular,6.46,0.049121972,144.6102,OUT013,1987,High,Tier 3,Ahmedabad,2916.204
FDJ20,Fruits and Vegetables,Regular,20.7,0.100091576,125.5388,OUT013,1987,High,Tier 3,Ahmedabad,2105.2596
FDF21,Fruits and Vegetables,Regular,10.3,0.058778429,187.853,OUT013,1987,High,Tier 3,Ahmedabad,2656.542
FDU20,Fruits and Vegetables,Regular,19.35,0.021439694,119.7098,OUT013,1987,High,Tier 3,Ahmedabad,1325.6078
FDW32,Fruits and Vegetables,Regular,18.35,0.094218363,83.9882,OUT013,1987,High,Tier 3,Ahmedabad,1202.4348
FDE20,Fruits and Vegetables,Regular,11.35,0.005525913,168.279,OUT013,1987,High,Tier 3,Ahmedabad,2376.906
FDC57,Fruits and Vegetables,Regular,20.1,0.054549098,193.782,OUT013,1987,High,Tier 3,Ahmedabad,1158.492
FDY56,Fruits and Vegetables,Regular,16.35,0.062359467,224.0062,OUT013,1987,High,Tier 3,Ahmedabad,4288.4178
FDH56,Fruits and Vegetables,Regular,9.8,0.063764099,113.8492,OUT013,1987,High,Tier 3,Ahmedabad,1737.738
FDB57,Fruits and Vegetables,Regular,20.25,0.018789455,222.0772,OUT013,1987,High,Tier 3,Ahmedabad,3113.2808
FDA55,Fruits and Vegetables,Regular,17.2,0.056941603,222.5088,OUT013,1987,High,Tier 3,Ahmedabad,5369.0112
FDC33,Fruits and Vegetables,Regular,8.96,0.068880971,195.3768,OUT013,1987,High,Tier 3,Ahmedabad,2759.0752
FDV20,Fruits and Vegetables,Regular,20.2,0.059751638,129.1678,OUT013,1987,High,Tier 3,Ahmedabad,1017.3424
FDO20,Fruits and Vegetables,Regular,12.85,0.152001201,252.3382,OUT013,1987,High,Tier 3,Ahmedabad,6056.1168
FDW55,Fruits and Vegetables,Regular,12.6,0.021951613,250.9092,OUT013,1987,High,Tier 3,Ahmedabad,4731.1748
FDG09,Fruits and Vegetables,Regular,20.6,0.047896393,185.8556,OUT013,1987,High,Tier 3,Ahmedabad,1689.8004
FDC21,Fruits and Vegetables,Regular,14.6,0.042923071,109.8254,OUT013,1987,High,Tier 3,Ahmedabad,1627.881
FDF08,Fruits and Vegetables,Regular,14.3,0.065153295,88.4856,OUT013,1987,High,Tier 3,Ahmedabad,1406.1696
FDX31,Fruits and Vegetables,Regular,20.35,0.014813268,234.9958,OUT013,1987,High,Tier 3,Ahmedabad,5842.395
FDU19,Fruits and Vegetables,Regular,8.77,0.0,173.6422,OUT013,1987,High,Tier 3,Ahmedabad,517.3266
FDG08,Fruits and Vegetables,Regular,13.15,0.165221717,172.0764,OUT013,1987,High,Tier 3,Ahmedabad,4466.1864
FDU43,Fruits and Vegetables,Regular,19.35,0.0,238.6564,OUT013,1987,High,Tier 3,Ahmedabad,3575.346
FDY20,Fruits and Vegetables,Regular,12.5,0.081684728,92.3488,OUT013,1987,High,Tier 3,Ahmedabad,1177.1344
FDB56,Fruits and Vegetables,Regular,8.75,0.074565098,186.8556,OUT013,1987,High,Tier 3,Ahmedabad,7322.4684
FDK20,Fruits and Vegetables,Regular,12.6,0.04152307,124.3072,OUT013,1987,High,Tier 3,Ahmedabad,5022.7952
FDO08,Fruits and Vegetables,Regular,11.1,0.05373063,165.1526,OUT013,1987,High,Tier 3,Ahmedabad,1480.0734
FDA08,Fruits and Vegetables,Regular,11.85,0.050043472,164.6526,OUT013,1987,High,Tier 3,Ahmedabad,2137.8838
FDZ08,Fruits and Vegetables,Regular,12.5,0.109900843,83.0592,OUT013,1987,High,Tier 3,Ahmedabad,743.0328
FDA07,Fruits and Vegetables,Regular,7.55,0.030918873,123.9072,OUT013,1987,High,Tier 3,Ahmedabad,1102.5648
FDZ32,Fruits and Vegetables,Regular,7.785,0.0,106.4964,OUT013,1987,High,Tier 3,Ahmedabad,1577.946
FDQ31,Fruits and Vegetables,Regular,5.785,0.053802405,85.9856,OUT013,1987,High,Tier 3,Ahmedabad,1494.0552
FDX32,Fruits and Vegetables,Regular,15.1,0.1000135,145.4786,OUT049,1999,Medium,Tier 1,Ahmedabad,1589.2646
FDP49,Breakfast,Regular,9.0,0.069196376,54.3614,OUT049,1999,Medium,Tier 1,Ahmedabad,718.3982
FDW57,Snack Foods,Regular,8.31,0.115857223,179.1028,OUT049,1999,Medium,Tier 1,Ahmedabad,3896.2616
FDL58,Snack Foods,Regular,5.78,0.074264356,264.7568,OUT049,1999,Medium,Tier 1,Ahmedabad,4745.8224
FDY24,Baking Goods,Regular,4.88,0.133700752,52.9298,OUT049,1999,Medium,Tier 1,Ahmedabad,1995.4026
FDX36,Baking Goods,Regular,9.695,0.12848269,223.9404,OUT049,1999,Medium,Tier 1,Ahmedabad,4950.8888
FDU09,Snack Foods,Regular,7.71,0.06670068,55.2956,OUT049,1999,Medium,Tier 1,Ahmedabad,1255.6988
FDW43,Fruits and Vegetables,Regular,20.1,0.022460102,226.8036,OUT049,1999,Medium,Tier 1,Ahmedabad,3415.554
FDY56,Fruits and Vegetables,Regular,16.35,0.062508438,227.1062,OUT049,1999,Medium,Tier 1,Ahmedabad,5642.655
FDF10,Snack Foods,Regular,15.5,0.15717236,149.1418,OUT049,1999,Medium,Tier 1,Ahmedabad,588.5672
FDL51,Dairy,Regular,20.7,0.047565208,213.4876,OUT049,1999,Medium,Tier 1,Ahmedabad,1929.4884
FDT09,Snack Foods,Regular,15.15,0.012282366,132.5284,OUT049,1999,Medium,Tier 1,Ahmedabad,1713.7692
FDV57,Snack Foods,Regular,15.25,0.065999008,177.966,OUT049,1999,Medium,Tier 1,Ahmedabad,2336.958
FDI27,Dairy,Regular,8.71,0.04605781,43.8744,OUT049,1999,Medium,Tier 1,Ahmedabad,633.8416
FDW44,Fruits and Vegetables,Regular,9.5,0.035205866,171.3448,OUT049,1999,Medium,Tier 1,Ahmedabad,2386.2272
FDJ20,Fruits and Vegetables,Regular,20.7,0.100330684,123.4388,OUT049,1999,Medium,Tier 1,Ahmedabad,1238.388
FDL25,Breakfast,Regular,6.92,0.131128467,93.1804,OUT049,1999,Medium,Tier 1,Ahmedabad,1561.9668
FDD40,Dairy,Regular,20.25,0.014816356,194.1162,OUT049,1999,Medium,Tier 1,Ahmedabad,3848.324
FDW03,Meat,Regular,5.63,0.024579432,105.3306,OUT049,1999,Medium,Tier 1,Ahmedabad,1045.306
FDP13,Canned,Regular,8.1,0.134532392,39.448,OUT049,1999,Medium,Tier 1,Ahmedabad,878.856
FDK20,Fruits and Vegetables,Regular,12.6,0.041622264,124.0072,OUT049,1999,Medium,Tier 1,Ahmedabad,4042.7376
FDW22,Snack Foods,Regular,9.695,0.03033748,222.9114,OUT049,1999,Medium,Tier 1,Ahmedabad,5764.4964
FDL02,Canned,Regular,20.0,0.104245198,105.3622,OUT049,1999,Medium,Tier 1,Ahmedabad,1270.3464
FDJ55,Meat,Regular,12.8,0.023567538,226.8404,OUT049,1999,Medium,Tier 1,Ahmedabad,4500.808
FDO15,Meat,Regular,16.75,0.008579863,72.3038,OUT049,1999,Medium,Tier 1,Ahmedabad,960.7494
FDU44,Fruits and Vegetables,Regular,12.15,0.058516562,164.1552,OUT049,1999,Medium,Tier 1,Ahmedabad,5198.5664
FDU16,Frozen Foods,Regular,19.25,0.058365706,82.1908,OUT049,1999,Medium,Tier 1,Ahmedabad,2432.8332
FDS44,Fruits and Vegetables,Regular,12.65,0.156286566,238.9538,OUT049,1999,Medium,Tier 1,Ahmedabad,4086.0146
FDL32,Fruits and Vegetables,Regular,15.7,0.122657336,110.1544,OUT049,1999,Medium,Tier 1,Ahmedabad,1565.9616
FDX39,Meat,Regular,14.3,0.04975339,210.3586,OUT049,1999,Medium,Tier 1,Ahmedabad,6331.758
FDU15,Meat,Regular,13.65,0.026643448,37.9532,OUT049,1999,Medium,Tier 1,Ahmedabad,862.8768
FDD44,Fruits and Vegetables,Regular,8.05,0.078522357,257.1646,OUT049,1999,Medium,Tier 1,Ahmedabad,6183.9504
FDU46,Snack Foods,Regular,10.3,0.011143599,88.254,OUT049,1999,Medium,Tier 1,Ahmedabad,1125.202
FDF53,Frozen Foods,Regular,20.75,0.083736551,178.7318,OUT049,1999,Medium,Tier 1,Ahmedabad,3428.2042
FDM51,Meat,Regular,11.8,0.025966531,102.2674,OUT049,1999,Medium,Tier 1,Ahmedabad,2444.8176
FDV44,Fruits and Vegetables,Regular,8.365,0.039906377,191.3188,OUT049,1999,Medium,Tier 1,Ahmedabad,1713.7692
FDZ47,Baking Goods,Regular,20.7,0.079419755,99.8042,OUT049,1999,Medium,Tier 1,Ahmedabad,1488.063
FDO19,Fruits and Vegetables,Regular,17.7,0.016622448,50.2034,OUT049,1999,Medium,Tier 1,Ahmedabad,1166.4816
FDJ02,Canned,Regular,17.2,0.025205909,149.1418,OUT049,1999,Medium,Tier 1,Ahmedabad,1177.1344
FDN50,Canned,Regular,16.85,0.026561057,93.712,OUT049,1999,Medium,Tier 1,Ahmedabad,466.06
FDZ35,Breads,Regular,9.6,0.0,101.699,OUT049,1999,Medium,Tier 1,Ahmedabad,2373.577
FDD21,Fruits and Vegetables,Regular,10.3,0.030616757,112.7176,OUT049,1999,Medium,Tier 1,Ahmedabad,343.5528
FDN46,Snack Foods,Regular,7.21,0.144856342,100.5332,OUT049,1999,Medium,Tier 1,Ahmedabad,1127.8652
FDS15,Meat,Regular,9.195,0.078181964,106.7596,OUT049,1999,Medium,Tier 1,Ahmedabad,4098.6648
FDG17,Frozen Foods,Regular,6.865,0.035895934,244.4486,OUT049,1999,Medium,Tier 1,Ahmedabad,6353.0636
FDC51,Dairy,Regular,10.895,0.009636821,121.873,OUT049,1999,Medium,Tier 1,Ahmedabad,2463.46
FDZ31,Fruits and Vegetables,Regular,15.35,0.0,193.0504,OUT049,1999,Medium,Tier 1,Ahmedabad,2492.7552
FDI50,Canned,Regular,8.42,0.030890618,228.7352,OUT049,1999,Medium,Tier 1,Ahmedabad,5954.9152
FDS19,Fruits and Vegetables,Regular,13.8,0.064307102,77.3012,OUT049,1999,Medium,Tier 1,Ahmedabad,1593.9252
FDC05,Frozen Foods,Regular,13.1,0.098938169,195.7768,OUT049,1999,Medium,Tier 1,Ahmedabad,4138.6128
FDX56,Fruits and Vegetables,Regular,17.1,0.0,208.5638,OUT049,1999,Medium,Tier 1,Ahmedabad,5383.6588
FDI53,Frozen Foods,Regular,8.895,0.137858955,162.1236,OUT049,1999,Medium,Tier 1,Ahmedabad,2577.9776
FDJ36,Baking Goods,Regular,14.5,0.128459481,102.0332,OUT049,1999,Medium,Tier 1,Ahmedabad,2050.664
FDP45,Snack Foods,Regular,15.7,0.030672457,253.1724,OUT049,1999,Medium,Tier 1,Ahmedabad,5285.1204
FDX47,Breads,Regular,6.55,0.034658144,155.8288,OUT049,1999,Medium,Tier 1,Ahmedabad,1099.9016
FDO09,Snack Foods,Regular,13.5,0.125469442,264.491,OUT049,1999,Medium,Tier 1,Ahmedabad,6574.775
FDV34,Snack Foods,Regular,10.695,0.011443222,73.5038,OUT049,1999,Medium,Tier 1,Ahmedabad,1478.076
FDR32,Fruits and Vegetables,Regular,6.78,0.0,227.5694,OUT049,1999,Medium,Tier 1,Ahmedabad,3653.9104
FDP22,Snack Foods,Regular,14.65,0.099286298,49.8666,OUT049,1999,Medium,Tier 1,Ahmedabad,563.9326
FDM36,Baking Goods,Regular,11.65,0.058822142,173.5422,OUT049,1999,Medium,Tier 1,Ahmedabad,3448.844
FDC29,Frozen Foods,Regular,8.39,0.024243294,116.0176,OUT049,1999,Medium,Tier 1,Ahmedabad,1603.2464
FDG41,Frozen Foods,Regular,8.84,0.076681143,110.7228,OUT049,1999,Medium,Tier 1,Ahmedabad,1657.842
FDS33,Snack Foods,Regular,6.67,0.123620492,90.0514,OUT049,1999,Medium,Tier 1,Ahmedabad,1505.3738
DRL01,Soft Drinks,Regular,19.5,0.077292302,235.3958,OUT049,1999,Medium,Tier 1,Ahmedabad,6309.7866
FDU10,Snack Foods,Regular,10.1,0.045763062,38.4848,OUT049,1999,Medium,Tier 1,Ahmedabad,633.8416
FDR40,Frozen Foods,Regular,9.1,0.008046878,78.7618,OUT049,1999,Medium,Tier 1,Ahmedabad,402.809
FDB56,Fruits and Vegetables,Regular,8.75,0.074743226,187.6556,OUT049,1999,Medium,Tier 1,Ahmedabad,5257.1568
FDP12,Baking Goods,Regular,9.8,0.045337184,36.8874,OUT049,1999,Medium,Tier 1,Ahmedabad,564.5984
FDN16,Frozen Foods,Regular,12.6,0.062797771,103.999,OUT049,1999,Medium,Tier 1,Ahmedabad,825.592
FDP28,Frozen Foods,Regular,13.65,0.080765853,262.8936,OUT049,1999,Medium,Tier 1,Ahmedabad,4958.8784
FDE17,Frozen Foods,Regular,20.1,0.054540159,152.1366,OUT049,1999,Medium,Tier 1,Ahmedabad,755.683
FDH20,Fruits and Vegetables,Regular,16.1,0.024987903,97.341,OUT049,1999,Medium,Tier 1,Ahmedabad,1255.033
FDR20,Fruits and Vegetables,Regular,20.0,0.028167478,45.5744,OUT049,1999,Medium,Tier 1,Ahmedabad,452.744
FDV60,Baking Goods,Regular,20.2,0.117543713,197.311,OUT049,1999,Medium,Tier 1,Ahmedabad,3338.987
FDS11,Breads,Regular,7.05,0.055644887,224.9088,OUT049,1999,Medium,Tier 1,Ahmedabad,2684.5056
FDE04,Frozen Foods,Regular,19.75,0.018051091,179.866,OUT049,1999,Medium,Tier 1,Ahmedabad,2696.49
FDL39,Dairy,Regular,16.1,0.063429818,179.4318,OUT049,1999,Medium,Tier 1,Ahmedabad,2345.6134
FDS34,Snack Foods,Regular,19.35,0.076878416,113.9518,OUT049,1999,Medium,Tier 1,Ahmedabad,1138.518
FDJ34,Snack Foods,Regular,11.8,0.093801337,126.0704,OUT049,1999,Medium,Tier 1,Ahmedabad,1251.704
FDH14,Canned,Regular,17.1,0.046881328,141.3838,OUT049,1999,Medium,Tier 1,Ahmedabad,1685.8056
FDN23,Breads,Regular,6.575,0.075625152,145.7444,OUT049,1999,Medium,Tier 1,Ahmedabad,3193.1768
FDF29,Frozen Foods,Regular,15.1,0.019965179,130.531,OUT049,1999,Medium,Tier 1,Ahmedabad,908.817
FDV37,Canned,Regular,13.0,0.083643716,196.0426,OUT049,1999,Medium,Tier 1,Ahmedabad,2570.6538
FDO39,Meat,Regular,6.985,0.137580452,182.8608,OUT049,1999,Medium,Tier 1,Ahmedabad,4042.7376
FDB49,Baking Goods,Regular,8.3,0.030198228,98.2384,OUT049,1999,Medium,Tier 1,Ahmedabad,2167.8448
FDY44,Fruits and Vegetables,Regular,14.15,0.024442501,196.411,OUT049,1999,Medium,Tier 1,Ahmedabad,2749.754
FDI48,Baking Goods,Regular,11.85,0.055805027,53.0666,OUT049,1999,Medium,Tier 1,Ahmedabad,512.666
FDT32,Fruits and Vegetables,Regular,19.0,0.065735977,189.6214,OUT049,1999,Medium,Tier 1,Ahmedabad,2826.321
FDS21,Snack Foods,Regular,19.85,0.020908608,63.5194,OUT049,1999,Medium,Tier 1,Ahmedabad,557.2746
FDR27,Meat,Regular,15.1,0.096249842,134.4942,OUT049,1999,Medium,Tier 1,Ahmedabad,2119.9072
FDM60,Baking Goods,Regular,10.8,0.048218142,42.2138,OUT049,1999,Medium,Tier 1,Ahmedabad,690.4346
FDT33,Snack Foods,Regular,7.81,0.034043503,168.7158,OUT049,1999,Medium,Tier 1,Ahmedabad,2673.8528
FDN34,Snack Foods,Regular,15.6,0.045835395,168.2132,OUT049,1999,Medium,Tier 1,Ahmedabad,2367.5848
FDR56,Fruits and Vegetables,Regular,15.5,0.100922503,199.0768,OUT049,1999,Medium,Tier 1,Ahmedabad,2759.0752
FDH44,Fruits and Vegetables,Regular,19.1,0.025912378,146.8418,OUT049,1999,Medium,Tier 1,Ahmedabad,1765.7016
FDC08,Fruits and Vegetables,Regular,19.0,0.10361083,228.372,OUT049,1999,Medium,Tier 1,Ahmedabad,905.488
FDV16,Frozen Foods,Regular,7.75,0.083059634,35.7558,OUT049,1999,Medium,Tier 1,Ahmedabad,611.2044
FDI60,Baking Goods,Regular,7.22,0.0383808,62.351,OUT049,1999,Medium,Tier 1,Ahmedabad,885.514
FDU21,Snack Foods,Regular,11.8,0.076839735,34.9558,OUT049,1999,Medium,Tier 1,Ahmedabad,373.5138
FDZ59,Baking Goods,Regular,6.63,0.104183308,166.15,OUT049,1999,Medium,Tier 1,Ahmedabad,3828.35
FDP03,Meat,Regular,5.15,0.061272194,125.6388,OUT049,1999,Medium,Tier 1,Ahmedabad,1733.7432
FDO20,Fruits and Vegetables,Regular,12.85,0.152364317,254.0382,OUT049,1999,Medium,Tier 1,Ahmedabad,1261.691
FDV04,Frozen Foods,Regular,7.825,0.150248468,155.2288,OUT049,1999,Medium,Tier 1,Ahmedabad,1257.0304
FDL48,Baking Goods,Regular,19.35,0.082394321,48.5034,OUT049,1999,Medium,Tier 1,Ahmedabad,243.017
FDX46,Snack Foods,Regular,12.3,0.058207114,59.1562,OUT049,1999,Medium,Tier 1,Ahmedabad,1185.124
FDK03,Dairy,Regular,12.6,0.074035365,256.1356,OUT049,1999,Medium,Tier 1,Ahmedabad,4578.0408
FDP48,Baking Goods,Regular,7.52,0.044091657,182.995,OUT049,1999,Medium,Tier 1,Ahmedabad,3844.995
FDJ10,Snack Foods,Regular,5.095,0.129705008,141.8838,OUT049,1999,Medium,Tier 1,Ahmedabad,1966.7732
FDY15,Dairy,Regular,18.25,0.171093639,155.663,OUT049,1999,Medium,Tier 1,Ahmedabad,2034.019
FDX51,Meat,Regular,9.5,0.022093019,195.9452,OUT049,1999,Medium,Tier 1,Ahmedabad,2348.9424
FDQ27,Meat,Regular,5.19,0.044321422,103.899,OUT049,1999,Medium,Tier 1,Ahmedabad,2889.572
FDU33,Snack Foods,Regular,7.63,0.134919202,46.9402,OUT049,1999,Medium,Tier 1,Ahmedabad,780.9834
FDR19,Fruits and Vegetables,Regular,13.5,0.159968994,147.6102,OUT049,1999,Medium,Tier 1,Ahmedabad,1603.9122
FDK08,Fruits and Vegetables,Regular,9.195,0.122494876,100.1016,OUT049,1999,Medium,Tier 1,Ahmedabad,1416.8224
FDV20,Fruits and Vegetables,Regular,20.2,0.059894378,125.9678,OUT049,1999,Medium,Tier 1,Ahmedabad,2797.6916
FDZ51,Meat,Regular,11.3,0.054637635,93.3094,OUT049,1999,Medium,Tier 1,Ahmedabad,3046.7008
FDQ32,Fruits and Vegetables,Regular,17.85,0.046680961,121.9388,OUT049,1999,Medium,Tier 1,Ahmedabad,3962.8416
FDC10,Snack Foods,Regular,9.8,0.072990979,121.6098,OUT049,1999,Medium,Tier 1,Ahmedabad,1566.6274
FDL09,Snack Foods,Regular,19.6,0.128235131,169.2816,OUT049,1999,Medium,Tier 1,Ahmedabad,1174.4712
FDX04,Frozen Foods,Regular,19.6,0.04163619,47.3376,OUT049,1999,Medium,Tier 1,Ahmedabad,1150.5024
FDO11,Breads,Regular,8.0,0.030311951,247.4092,OUT049,1999,Medium,Tier 1,Ahmedabad,6972.2576
FDV33,Snack Foods,Regular,9.6,0.027386122,259.2304,OUT049,1999,Medium,Tier 1,Ahmedabad,4649.9472
DRZ11,Soft Drinks,Regular,8.85,0.112840108,122.0388,OUT049,1999,Medium,Tier 1,Ahmedabad,1238.388
FDN56,Fruits and Vegetables,Regular,5.46,0.107223632,144.8786,OUT049,1999,Medium,Tier 1,Ahmedabad,3323.0078
FDC22,Snack Foods,Regular,6.89,0.0,193.482,OUT049,1999,Medium,Tier 1,Ahmedabad,2510.066
FDA27,Dairy,Regular,20.35,0.030975716,253.9672,OUT049,1999,Medium,Tier 1,Ahmedabad,3068.0064
FDJ12,Baking Goods,Regular,8.895,0.039101813,208.8296,OUT049,1999,Medium,Tier 1,Ahmedabad,5400.9696
FDA07,Fruits and Vegetables,Regular,7.55,0.030992735,124.3072,OUT049,1999,Medium,Tier 1,Ahmedabad,2695.1584
FDH46,Snack Foods,Regular,6.935,0.041346469,103.1332,OUT049,1999,Medium,Tier 1,Ahmedabad,820.2656
FDC16,Dairy,Regular,11.5,0.020601791,86.054,OUT049,1999,Medium,Tier 1,Ahmedabad,1038.648
FDQ03,Meat,Regular,15.0,0.0,235.6248,OUT049,1999,Medium,Tier 1,Ahmedabad,1896.1984
FDQ40,Frozen Foods,Regular,11.1,0.036083537,175.4712,OUT049,1999,Medium,Tier 1,Ahmedabad,2988.1104
FDE20,Fruits and Vegetables,Regular,11.35,0.005539114,167.879,OUT049,1999,Medium,Tier 1,Ahmedabad,4074.696
FDB40,Dairy,Regular,17.5,0.007551607,145.8102,OUT049,1999,Medium,Tier 1,Ahmedabad,1895.5326
FDT52,Frozen Foods,Regular,9.695,0.047503318,244.6144,OUT049,1999,Medium,Tier 1,Ahmedabad,3185.1872
FDS16,Frozen Foods,Regular,15.15,0.066279832,147.876,OUT049,1999,Medium,Tier 1,Ahmedabad,4540.756
FDO22,Snack Foods,Regular,13.5,0.017887238,79.496,OUT049,1999,Medium,Tier 1,Ahmedabad,1438.128
FDE35,Starchy Foods,Regular,7.06,0.043968652,57.6904,OUT049,1999,Medium,Tier 1,Ahmedabad,585.904
DRA59,Soft Drinks,Regular,8.27,0.128126825,183.6924,OUT049,1999,Medium,Tier 1,Ahmedabad,1295.6468
FDX11,Baking Goods,Regular,16.0,0.106918052,183.5634,OUT049,1999,Medium,Tier 1,Ahmedabad,4725.8484
FDS27,Meat,Regular,10.195,0.012477512,197.111,OUT049,1999,Medium,Tier 1,Ahmedabad,785.644
FDJ21,Snack Foods,Regular,16.7,0.03858813,144.6102,OUT049,1999,Medium,Tier 1,Ahmedabad,3353.6346
FDV11,Breads,Regular,9.1,0.081794766,173.6054,OUT049,1999,Medium,Tier 1,Ahmedabad,700.4216
FDG05,Frozen Foods,Regular,11.0,0.0,155.263,OUT049,1999,Medium,Tier 1,Ahmedabad,625.852
FDY04,Frozen Foods,Regular,17.7,0.042542484,161.921,OUT049,1999,Medium,Tier 1,Ahmedabad,2120.573
FDE28,Frozen Foods,Regular,9.5,0.0,228.4668,OUT049,1999,Medium,Tier 1,Ahmedabad,3916.2356
FDC40,Dairy,Regular,16.0,0.065165046,79.3986,OUT049,1999,Medium,Tier 1,Ahmedabad,856.8846
FDK32,Fruits and Vegetables,Regular,16.25,0.049051717,152.4682,OUT049,1999,Medium,Tier 1,Ahmedabad,2439.4912
FDD23,Starchy Foods,Regular,9.5,0.048761223,186.5898,OUT049,1999,Medium,Tier 1,Ahmedabad,5238.5144
FDH26,Canned,Regular,19.25,0.034753686,141.5496,OUT049,1999,Medium,Tier 1,Ahmedabad,1976.0944
FDF57,Fruits and Vegetables,Regular,14.5,0.058918844,169.7448,OUT049,1999,Medium,Tier 1,Ahmedabad,3238.4512
FDI09,Seafood,Regular,20.75,0.12953868,240.288,OUT049,1999,Medium,Tier 1,Ahmedabad,2396.88
FDZ23,Baking Goods,Regular,17.75,0.067607749,188.024,OUT049,1999,Medium,Tier 1,Ahmedabad,2796.36
FDR22,Snack Foods,Regular,19.35,0.018591464,112.9544,OUT049,1999,Medium,Tier 1,Ahmedabad,1342.2528
FDH60,Baking Goods,Regular,19.7,0.0,194.411,OUT049,1999,Medium,Tier 1,Ahmedabad,5106.686
FDU20,Fruits and Vegetables,Regular,19.35,0.021490911,122.1098,OUT049,1999,Medium,Tier 1,Ahmedabad,2892.2352
FDJ15,Dairy,Regular,11.35,0.023358738,184.4608,OUT049,1999,Medium,Tier 1,Ahmedabad,4042.7376
FDW16,Frozen Foods,Regular,17.35,0.041538713,93.1804,OUT049,1999,Medium,Tier 1,Ahmedabad,1378.206
FDP40,Frozen Foods,Regular,4.555,0.034410585,111.3544,OUT049,1999,Medium,Tier 1,Ahmedabad,1342.2528
FDO01,Breakfast,Regular,21.1,0.020750867,128.7994,OUT049,1999,Medium,Tier 1,Ahmedabad,1927.491
FDQ31,Fruits and Vegetables,Regular,5.785,0.053930934,87.3856,OUT049,1999,Medium,Tier 1,Ahmedabad,878.856
FDW07,Fruits and Vegetables,Regular,18.0,0.142910689,89.6514,OUT049,1999,Medium,Tier 1,Ahmedabad,1859.5794
FDX33,Snack Foods,Regular,9.195,0.117667492,159.5578,OUT049,1999,Medium,Tier 1,Ahmedabad,1283.6624
FDJ44,Fruits and Vegetables,Regular,12.3,0.106492562,176.3396,OUT049,1999,Medium,Tier 1,Ahmedabad,1395.5168
FDN49,Breakfast,Regular,17.25,0.125419157,40.048,OUT049,1999,Medium,Tier 1,Ahmedabad,399.48
FDO46,Snack Foods,Regular,9.6,0.014234595,190.2872,OUT049,1999,Medium,Tier 1,Ahmedabad,4727.18
FDI10,Snack Foods,Regular,8.51,0.078526225,173.5422,OUT049,1999,Medium,Tier 1,Ahmedabad,5000.8238
FDG12,Baking Goods,Regular,6.635,0.006335942,121.8098,OUT049,1999,Medium,Tier 1,Ahmedabad,2048.6666
FDD38,Canned,Regular,16.75,0.008204465,99.8674,OUT049,1999,Medium,Tier 1,Ahmedabad,2342.9502
FDV22,Snack Foods,Regular,14.85,0.009954237,158.263,OUT049,1999,Medium,Tier 1,Ahmedabad,2659.871
FDB37,Baking Goods,Regular,20.25,0.022976493,240.3538,OUT049,1999,Medium,Tier 1,Ahmedabad,4086.0146
FDG33,Seafood,Regular,5.365,0.140458316,169.7764,OUT049,1999,Medium,Tier 1,Ahmedabad,3263.7516
FDF21,Fruits and Vegetables,Regular,10.3,0.058918844,191.653,OUT049,1999,Medium,Tier 1,Ahmedabad,5313.084
FDI08,Fruits and Vegetables,Regular,18.2,0.066400129,250.1092,OUT049,1999,Medium,Tier 1,Ahmedabad,5727.2116
FDE11,Starchy Foods,Regular,17.7,0.135306012,183.7924,OUT049,1999,Medium,Tier 1,Ahmedabad,2221.1088
FDT50,Dairy,Regular,6.75,0.0,96.7752,OUT049,1999,Medium,Tier 1,Ahmedabad,1342.2528
FDC59,Starchy Foods,Regular,16.7,0.0,63.6168,OUT049,1999,Medium,Tier 1,Ahmedabad,1342.2528
FDJ27,Meat,Regular,17.7,0.122065518,103.3674,OUT049,1999,Medium,Tier 1,Ahmedabad,2546.685
FDH28,Frozen Foods,Regular,15.85,0.110202066,39.7506,OUT049,1999,Medium,Tier 1,Ahmedabad,721.0614
FDS56,Fruits and Vegetables,Regular,5.785,0.038817121,262.6252,OUT049,1999,Medium,Tier 1,Ahmedabad,524.6504
FDG09,Fruits and Vegetables,Regular,20.6,0.048010812,187.7556,OUT049,1999,Medium,Tier 1,Ahmedabad,3004.0896
DRY23,Soft Drinks,Regular,9.395,0.109265987,42.3112,OUT049,1999,Medium,Tier 1,Ahmedabad,980.0576
FDF11,Starchy Foods,Regular,10.195,0.017658634,240.1538,OUT049,1999,Medium,Tier 1,Ahmedabad,1442.1228
FDB03,Dairy,Regular,17.75,0.157075658,240.5538,OUT049,1999,Medium,Tier 1,Ahmedabad,3845.6608
FDU12,Baking Goods,Regular,15.5,0.075868843,261.7568,OUT049,1999,Medium,Tier 1,Ahmedabad,1845.5976
FDB29,Frozen Foods,Regular,16.7,0.052493162,113.9176,OUT049,1999,Medium,Tier 1,Ahmedabad,2519.3872
FDG35,Starchy Foods,Regular,21.2,0.0,173.6738,OUT049,1999,Medium,Tier 1,Ahmedabad,2954.1546
FDY20,Fruits and Vegetables,Regular,12.5,0.081879864,91.7488,OUT049,1999,Medium,Tier 1,Ahmedabad,1358.232
FDZ21,Snack Foods,Regular,17.6,0.03928284,94.641,OUT049,1999,Medium,Tier 1,Ahmedabad,2799.689
FDO45,Snack Foods,Regular,13.15,0.038011783,89.6856,OUT049,1999,Medium,Tier 1,Ahmedabad,703.0848
FDQ07,Fruits and Vegetables,Regular,15.1,0.087542757,219.8456,OUT049,1999,Medium,Tier 1,Ahmedabad,6189.2768
FDY33,Snack Foods,Regular,14.5,0.09735225,160.7262,OUT049,1999,Medium,Tier 1,Ahmedabad,1750.3882
FDI38,Canned,Regular,13.35,0.014649641,207.3638,OUT049,1999,Medium,Tier 1,Ahmedabad,5797.7864
FDQ26,Dairy,Regular,13.5,0.0,57.8562,OUT049,1999,Medium,Tier 1,Ahmedabad,711.0744
FDA02,Dairy,Regular,14.0,0.02976887,145.4786,OUT049,1999,Medium,Tier 1,Ahmedabad,1300.3074
FDA04,Frozen Foods,Regular,11.3,0.066833743,257.2962,OUT049,1999,Medium,Tier 1,Ahmedabad,2330.9658
FDE36,Baking Goods,Regular,5.26,0.041837331,161.8868,OUT049,1999,Medium,Tier 1,Ahmedabad,5077.3908
FDH56,Fruits and Vegetables,Regular,9.8,0.063916425,117.1492,OUT049,1999,Medium,Tier 1,Ahmedabad,2780.3808
DRB48,Soft Drinks,Regular,16.75,0.024892129,37.8822,OUT049,1999,Medium,Tier 1,Ahmedabad,589.233
FDR13,Canned,Regular,9.895,0.028765486,115.3492,OUT049,1999,Medium,Tier 1,Ahmedabad,1274.3412
FDF24,Baking Goods,Regular,15.5,0.025409912,83.2934,OUT049,1999,Medium,Tier 1,Ahmedabad,1883.5482
FDR34,Snack Foods,Regular,17.0,0.01599013,228.8352,OUT049,1999,Medium,Tier 1,Ahmedabad,4351.6688
FDW26,Dairy,Regular,11.8,0.107223632,223.5772,OUT049,1999,Medium,Tier 1,Ahmedabad,2668.5264
FDZ26,Dairy,Regular,11.6,0.144241314,239.4222,OUT049,1999,Medium,Tier 1,Ahmedabad,3346.3108
FDU19,Fruits and Vegetables,Regular,8.77,0.046844194,174.2422,OUT049,1999,Medium,Tier 1,Ahmedabad,1379.5376
FDT55,Fruits and Vegetables,Regular,13.6,0.0,156.4946,OUT049,1999,Medium,Tier 1,Ahmedabad,2998.0974
FDY38,Dairy,Regular,13.6,0.119361718,231.63,OUT049,1999,Medium,Tier 1,Ahmedabad,2563.33
FDN33,Snack Foods,Regular,6.305,0.123307177,93.5436,OUT049,1999,Medium,Tier 1,Ahmedabad,283.6308
FDM27,Meat,Regular,12.35,0.158715731,157.2946,OUT049,1999,Medium,Tier 1,Ahmedabad,1577.946
FDH31,Meat,Regular,12.0,0.020442889,98.0042,OUT049,1999,Medium,Tier 1,Ahmedabad,1587.2672
FDI12,Baking Goods,Regular,9.395,0.100555034,88.8856,OUT049,1999,Medium,Tier 1,Ahmedabad,439.428
FDK26,Canned,Regular,5.46,0.032227432,186.824,OUT049,1999,Medium,Tier 1,Ahmedabad,1864.24
FDX07,Fruits and Vegetables,Regular,19.2,0.022954444,184.495,OUT049,1999,Medium,Tier 1,Ahmedabad,4028.09
FDR11,Breads,Regular,10.5,0.142759833,159.3578,OUT049,1999,Medium,Tier 1,Ahmedabad,3048.6982
FDK58,Snack Foods,Regular,11.35,0.045052492,102.6016,OUT049,1999,Medium,Tier 1,Ahmedabad,3137.2496
FDY11,Baking Goods,Regular,6.71,0.02960641,65.4142,OUT049,1999,Medium,Tier 1,Ahmedabad,1516.0266
FDR37,Breakfast,Regular,16.5,0.066352552,181.2292,OUT049,1999,Medium,Tier 1,Ahmedabad,4195.8716
FDZ08,Fruits and Vegetables,Regular,12.5,0.110163385,83.6592,OUT049,1999,Medium,Tier 1,Ahmedabad,1320.9472
FDE14,Canned,Regular,13.65,0.031494041,98.87,OUT049,1999,Medium,Tier 1,Ahmedabad,2197.14
DRM49,Soft Drinks,Regular,6.11,0.0,43.0086,OUT049,1999,Medium,Tier 1,Ahmedabad,713.7376
FDB46,Snack Foods,Regular,10.5,0.093909644,213.7244,OUT049,1999,Medium,Tier 1,Ahmedabad,4022.7636
FDI05,Frozen Foods,Regular,8.35,0.127066966,76.5354,OUT049,1999,Medium,Tier 1,Ahmedabad,1655.1788
FDN25,Breakfast,Regular,7.895,0.061270647,56.7588,OUT049,1999,Medium,Tier 1,Ahmedabad,343.5528
FDH17,Frozen Foods,Regular,16.2,0.016679232,96.3726,OUT049,1999,Medium,Tier 1,Ahmedabad,2740.4328
FDM58,Snack Foods,Regular,16.85,0.0,110.0544,OUT049,1999,Medium,Tier 1,Ahmedabad,2572.6512
FDA40,Frozen Foods,Regular,16.0,0.09942555,87.0856,OUT049,1999,Medium,Tier 1,Ahmedabad,527.3136
FDJ38,Canned,Regular,8.6,0.040268044,191.453,OUT049,1999,Medium,Tier 1,Ahmedabad,1707.777
FDT15,Meat,Regular,12.15,0.04274788,183.695,OUT049,1999,Medium,Tier 1,Ahmedabad,2929.52
FDG21,Seafood,Regular,17.35,0.146527359,147.905,OUT049,1999,Medium,Tier 1,Ahmedabad,2247.075
FDW09,Snack Foods,Regular,13.65,0.025961116,80.4302,OUT049,1999,Medium,Tier 1,Ahmedabad,316.9208
FDS36,Baking Goods,Regular,8.38,0.046960237,111.857,OUT049,1999,Medium,Tier 1,Ahmedabad,2966.139
FDW19,Fruits and Vegetables,Regular,12.35,0.038560279,109.857,OUT049,1999,Medium,Tier 1,Ahmedabad,1208.427
FDH47,Starchy Foods,Regular,13.5,0.129016487,98.4068,OUT049,1999,Medium,Tier 1,Ahmedabad,1846.9292
FDO27,Meat,Regular,6.175,0.179355893,94.1752,OUT049,1999,Medium,Tier 1,Ahmedabad,575.2512
FDL14,Canned,Regular,8.115,0.032208865,154.9972,OUT049,1999,Medium,Tier 1,Ahmedabad,3739.1328
FDR31,Fruits and Vegetables,Regular,6.46,0.04923932,144.4102,OUT049,1999,Medium,Tier 1,Ahmedabad,4374.306
FDU45,Snack Foods,Regular,15.6,0.035561344,112.1518,OUT049,1999,Medium,Tier 1,Ahmedabad,1821.6288
FDF56,Fruits and Vegetables,Regular,16.7,0.119647957,180.9976,OUT049,1999,Medium,Tier 1,Ahmedabad,4165.2448
FDA09,Snack Foods,Regular,13.35,0.149598628,179.466,OUT049,1999,Medium,Tier 1,Ahmedabad,3775.086
FDW52,Frozen Foods,Regular,14.0,0.037580877,162.6526,OUT049,1999,Medium,Tier 1,Ahmedabad,4275.7676
FDG46,Snack Foods,Regular,8.63,0.032960823,115.0518,OUT049,1999,Medium,Tier 1,Ahmedabad,1366.2216
DRB13,Soft Drinks,Regular,6.115,0.007055292,188.653,OUT049,1999,Medium,Tier 1,Ahmedabad,3605.307
FDB12,Baking Goods,Regular,11.15,0.105471384,105.8648,OUT049,1999,Medium,Tier 1,Ahmedabad,1973.4312
FDT01,Canned,Regular,13.65,0.184454044,211.4902,OUT049,1999,Medium,Tier 1,Ahmedabad,4035.4138
FDV19,Fruits and Vegetables,Regular,14.85,0.035311852,160.9578,OUT049,1999,Medium,Tier 1,Ahmedabad,4813.734
FDR44,Fruits and Vegetables,Regular,6.11,0.103080901,131.2968,OUT049,1999,Medium,Tier 1,Ahmedabad,1957.452
FDF34,Snack Foods,Regular,9.3,0.01404119,199.1084,OUT049,1999,Medium,Tier 1,Ahmedabad,396.8168
FDQ15,Meat,Regular,20.35,0.151308326,81.7276,OUT049,1999,Medium,Tier 1,Ahmedabad,2030.69
FDV13,Canned,Regular,17.35,0.027653795,88.0856,OUT049,1999,Medium,Tier 1,Ahmedabad,1318.284
FDY49,Canned,Regular,17.2,0.012030747,166.6184,OUT049,1999,Medium,Tier 1,Ahmedabad,1155.8288
FDZ03,Dairy,Regular,13.65,0.078909166,186.724,OUT049,1999,Medium,Tier 1,Ahmedabad,4474.176
FDU49,Canned,Regular,19.5,0.030742083,85.554,OUT049,1999,Medium,Tier 1,Ahmedabad,1211.756
FDX03,Meat,Regular,15.85,0.061190964,47.1744,OUT049,1999,Medium,Tier 1,Ahmedabad,996.0368
FDQ25,Canned,Regular,8.63,0.028320655,172.5422,OUT049,1999,Medium,Tier 1,Ahmedabad,2241.7486
DRA24,Soft Drinks,Regular,19.35,0.039990314,165.0868,OUT049,1999,Medium,Tier 1,Ahmedabad,982.7208
FDR59,Breads,Regular,14.5,0.063962842,263.1594,OUT049,1999,Medium,Tier 1,Ahmedabad,2616.594
FDT19,Fruits and Vegetables,Regular,7.59,0.14526636,172.908,OUT049,1999,Medium,Tier 1,Ahmedabad,6231.888
FDL57,Snack Foods,Regular,15.1,0.067181098,258.8304,OUT049,1999,Medium,Tier 1,Ahmedabad,5424.9384
FDT16,Frozen Foods,Regular,9.895,0.048738014,262.1278,OUT049,1999,Medium,Tier 1,Ahmedabad,3904.917
FDY47,Breads,Regular,8.6,0.0,131.531,OUT049,1999,Medium,Tier 1,Ahmedabad,2466.789
FDC14,Canned,Regular,14.5,0.041313203,42.0454,OUT049,1999,Medium,Tier 1,Ahmedabad,377.5086
FDS32,Fruits and Vegetables,Regular,17.75,0.029700018,140.3838,OUT049,1999,Medium,Tier 1,Ahmedabad,1404.838
FDL24,Baking Goods,Regular,10.3,0.024935297,172.0422,OUT049,1999,Medium,Tier 1,Ahmedabad,3966.1706
FDC34,Snack Foods,Regular,16.0,0.173027688,155.2972,OUT049,1999,Medium,Tier 1,Ahmedabad,3583.3356
FDZ49,Canned,Regular,11.0,0.133352623,219.7798,OUT049,1999,Medium,Tier 1,Ahmedabad,2644.5576
FDW51,Meat,Regular,6.155,0.094807042,213.356,OUT049,1999,Medium,Tier 1,Ahmedabad,3835.008
FDG08,Fruits and Vegetables,Regular,13.15,0.165616415,172.6764,OUT049,1999,Medium,Tier 1,Ahmedabad,2061.3168
FDT47,Breads,Regular,5.26,0.02454694,95.7068,OUT049,1999,Medium,Tier 1,Ahmedabad,1166.4816
FDF44,Fruits and Vegetables,Regular,7.17,0.059820884,130.3968,OUT049,1999,Medium,Tier 1,Ahmedabad,3523.4136
FDQ36,Baking Goods,Regular,7.855,0.161798604,37.2848,OUT049,1999,Medium,Tier 1,Ahmedabad,745.696
FDE10,Snack Foods,Regular,6.67,0.0,133.0626,OUT049,1999,Medium,Tier 1,Ahmedabad,1573.9512
FDU24,Baking Goods,Regular,6.78,0.0,95.012,OUT049,1999,Medium,Tier 1,Ahmedabad,2050.664
FDE41,Frozen Foods,Regular,9.195,0.064113698,86.5566,OUT049,1999,Medium,Tier 1,Ahmedabad,1183.7924
FDJ60,Baking Goods,Regular,19.35,0.062625641,165.3184,OUT049,1999,Medium,Tier 1,Ahmedabad,1651.184
FDP08,Fruits and Vegetables,Regular,20.5,0.112584813,192.0478,OUT049,1999,Medium,Tier 1,Ahmedabad,1549.9824
FDU27,Meat,Regular,18.6,0.17174348,48.8376,OUT049,1999,Medium,Tier 1,Ahmedabad,1294.3152
FDF45,Fruits and Vegetables,Regular,18.2,0.012223687,57.1904,OUT049,1999,Medium,Tier 1,Ahmedabad,1640.5312
FDS02,Dairy,Regular,10.195,0.146094132,196.1794,OUT049,1999,Medium,Tier 1,Ahmedabad,2926.191
FDU50,Dairy,Regular,5.75,0.075287081,115.3176,OUT049,1999,Medium,Tier 1,Ahmedabad,572.588
FDM08,Fruits and Vegetables,Regular,10.1,0.053667516,223.0088,OUT049,1999,Medium,Tier 1,Ahmedabad,671.1264
FDY01,Canned,Regular,11.8,0.170548238,113.8834,OUT049,1999,Medium,Tier 1,Ahmedabad,1382.2008
FDR28,Frozen Foods,Regular,13.85,0.025936747,164.921,OUT049,1999,Medium,Tier 1,Ahmedabad,2609.936
FDO52,Frozen Foods,Regular,11.6,0.077284566,172.4106,OUT049,1999,Medium,Tier 1,Ahmedabad,4277.765
FDV26,Dairy,Regular,20.25,0.0,194.2794,OUT049,1999,Medium,Tier 1,Ahmedabad,4291.7468
FDA35,Baking Goods,Regular,14.85,0.053921263999999997,123.0072,OUT049,1999,Medium,Tier 1,Ahmedabad,1960.1152
FDN28,Frozen Foods,Regular,5.88,0.030294931,104.099,OUT049,1999,Medium,Tier 1,Ahmedabad,412.796
FDD52,Dairy,Regular,18.25,0.183579854,110.857,OUT049,1999,Medium,Tier 1,Ahmedabad,1977.426
FDU26,Dairy,Regular,16.7,0.042685217,120.7782,OUT049,1999,Medium,Tier 1,Ahmedabad,1072.6038
FDR16,Frozen Foods,Regular,5.845,0.105181277,214.4218,OUT049,1999,Medium,Tier 1,Ahmedabad,5343.045
FDT26,Dairy,Regular,18.85,0.068059156,120.344,OUT049,1999,Medium,Tier 1,Ahmedabad,1797.66
FDP44,Fruits and Vegetables,Regular,16.5,0.079837509,102.1332,OUT049,1999,Medium,Tier 1,Ahmedabad,1743.0644
FDA03,Dairy,Regular,18.5,0.045534457,146.3102,OUT049,1999,Medium,Tier 1,Ahmedabad,3645.255
FDI07,Meat,Regular,12.35,0.033813351,198.1426,OUT049,1999,Medium,Tier 1,Ahmedabad,3757.1094
FDV52,Frozen Foods,Regular,20.7,0.121709653,119.7466,OUT049,1999,Medium,Tier 1,Ahmedabad,2003.3922
DRD01,Soft Drinks,Regular,12.1,0.061270647,53.2614,OUT049,1999,Medium,Tier 1,Ahmedabad,386.8298
FDG38,Canned,Regular,8.975,0.05281112,86.6224,OUT049,1999,Medium,Tier 1,Ahmedabad,1704.448
FDY57,Snack Foods,Regular,20.2,0.121442754,94.9752,OUT049,1999,Medium,Tier 1,Ahmedabad,1342.2528
FDK25,Breakfast,Regular,11.6,0.157075658,166.6474,OUT049,1999,Medium,Tier 1,Ahmedabad,4211.185
FDM04,Frozen Foods,Regular,9.195,0.04719387,52.8666,OUT049,1999,Medium,Tier 1,Ahmedabad,1384.1982
FDH45,Fruits and Vegetables,Regular,15.1,0.105831117,41.6796,OUT049,1999,Medium,Tier 1,Ahmedabad,784.3124
FDQ01,Canned,Regular,19.7,0.160951491,256.1014,OUT049,1999,Medium,Tier 1,Ahmedabad,3060.0168
FDY39,Meat,Regular,5.305,0.04710181,181.8608,OUT049,1999,Medium,Tier 1,Ahmedabad,4594.02
FDV48,Baking Goods,Regular,9.195,0.051697108,79.2644,OUT049,1999,Medium,Tier 1,Ahmedabad,864.2084
FDY35,Breads,Regular,17.6,0.0160526,43.9402,OUT049,1999,Medium,Tier 1,Ahmedabad,1286.3256
FDC09,Fruits and Vegetables,Regular,15.5,0.026342897,104.1332,OUT049,1999,Medium,Tier 1,Ahmedabad,1230.3984
FDS46,Snack Foods,Regular,17.6,0.047330801,120.8782,OUT049,1999,Medium,Tier 1,Ahmedabad,2621.9204
FDL13,Breakfast,Regular,13.85,0.056406129,231.43,OUT049,1999,Medium,Tier 1,Ahmedabad,3029.39
FDV01,Canned,Regular,19.2,0.085082648,153.5314,OUT049,1999,Medium,Tier 1,Ahmedabad,2171.8396
FDY34,Snack Foods,Regular,10.5,0.010998932,164.3842,OUT049,1999,Medium,Tier 1,Ahmedabad,1823.6262
FDS58,Snack Foods,Regular,9.285,0.021039273,160.0578,OUT049,1999,Medium,Tier 1,Ahmedabad,2567.3248
FDO49,Breakfast,Regular,10.6,0.033103556,48.9008,OUT049,1999,Medium,Tier 1,Ahmedabad,708.4112
FDD41,Frozen Foods,Regular,6.765,0.08739577,105.3306,OUT049,1999,Medium,Tier 1,Ahmedabad,836.2448
FDD47,Starchy Foods,Regular,7.6,0.142632186,172.3448,OUT049,1999,Medium,Tier 1,Ahmedabad,4431.5648
FDL50,Canned,Regular,12.15,0.042378864,125.4046,OUT049,1999,Medium,Tier 1,Ahmedabad,1867.569
FDK60,Baking Goods,Regular,16.5,0.094010215,95.2068,OUT049,1999,Medium,Tier 1,Ahmedabad,777.6544
FDW27,Meat,Regular,5.86,0.151087845,155.1314,OUT049,1999,Medium,Tier 1,Ahmedabad,1551.314
FDA03,Dairy,Regular,18.5,0.045463773,144.1102,OUT046,1997,Small,Tier 1,Ahmedabad,2187.153
FDS46,Snack Foods,Regular,17.6,0.047257328,119.6782,OUT046,1997,Small,Tier 1,Ahmedabad,2145.2076
FDP49,Breakfast,Regular,9.0,0.069088961,56.3614,OUT046,1997,Small,Tier 1,Ahmedabad,1547.3192
FDR28,Frozen Foods,Regular,13.85,0.025896485,165.021,OUT046,1997,Small,Tier 1,Ahmedabad,4078.025
FDL12,Baking Goods,Regular,15.85,0.121632721,60.622,OUT046,1997,Small,Tier 1,Ahmedabad,2576.646
FDJ58,Snack Foods,Regular,15.6,0.105296072,170.1764,OUT046,1997,Small,Tier 1,Ahmedabad,3435.528
FDC29,Frozen Foods,Regular,8.39,0.024205661,114.0176,OUT046,1997,Small,Tier 1,Ahmedabad,2290.352
FDN33,Snack Foods,Regular,6.305,0.123115764,95.6436,OUT046,1997,Small,Tier 1,Ahmedabad,661.8052
FDB56,Fruits and Vegetables,Regular,8.75,0.074627201,187.8556,OUT046,1997,Small,Tier 1,Ahmedabad,1314.2892
FDW51,Meat,Regular,6.155,0.094659871,214.556,OUT046,1997,Small,Tier 1,Ahmedabad,2769.728
FDB41,Frozen Foods,Regular,19.0,0.097313129,48.0718,OUT046,1997,Small,Tier 1,Ahmedabad,992.7078
FDH28,Frozen Foods,Regular,15.85,0.110030997,37.2506,OUT046,1997,Small,Tier 1,Ahmedabad,265.6542
FDW04,Frozen Foods,Regular,8.985,0.057827101,128.831,OUT046,1997,Small,Tier 1,Ahmedabad,1428.141
FDA01,Canned,Regular,15.0,0.054378253,59.1904,OUT046,1997,Small,Tier 1,Ahmedabad,527.3136
FDS33,Snack Foods,Regular,6.67,0.123428594,89.1514,OUT046,1997,Small,Tier 1,Ahmedabad,2390.8878
FDH26,Canned,Regular,19.25,0.034699737,141.7496,OUT046,1997,Small,Tier 1,Ahmedabad,4093.3384
FDH40,Frozen Foods,Regular,11.6,0.078929571,79.9276,OUT046,1997,Small,Tier 1,Ahmedabad,1137.1864
FDR44,Fruits and Vegetables,Regular,6.11,0.102920886,130.4968,OUT046,1997,Small,Tier 1,Ahmedabad,3523.4136
FDW07,Fruits and Vegetables,Regular,18.0,0.142688846,88.5514,OUT046,1997,Small,Tier 1,Ahmedabad,796.9626
FDG35,Starchy Foods,Regular,21.2,0.00704098,173.5738,OUT046,1997,Small,Tier 1,Ahmedabad,2954.1546
FDM60,Baking Goods,Regular,10.8,0.048143292,40.2138,OUT046,1997,Small,Tier 1,Ahmedabad,690.4346
FDU01,Canned,Regular,20.25,0.011995271,184.5924,OUT046,1997,Small,Tier 1,Ahmedabad,4997.4948
FDH53,Frozen Foods,Regular,20.5,0.019199733,84.3592,OUT046,1997,Small,Tier 1,Ahmedabad,1816.3024
FDB14,Canned,Regular,20.25,0.102723919,93.212,OUT046,1997,Small,Tier 1,Ahmedabad,1957.452
FDY56,Fruits and Vegetables,Regular,16.35,0.062411404,225.9062,OUT046,1997,Small,Tier 1,Ahmedabad,5416.9488
FDN39,Meat,Regular,19.35,0.065520388,168.3816,OUT046,1997,Small,Tier 1,Ahmedabad,1342.2528
DRB48,Soft Drinks,Regular,16.75,0.0,39.3822,OUT046,1997,Small,Tier 1,Ahmedabad,353.5398
FDM08,Fruits and Vegetables,Regular,10.1,0.053584207,224.4088,OUT046,1997,Small,Tier 1,Ahmedabad,4697.8848
FDZ26,Dairy,Regular,11.6,0.144017405,238.3222,OUT046,1997,Small,Tier 1,Ahmedabad,5736.5328
FDZ28,Frozen Foods,Regular,20.0,0.0,127.3678,OUT046,1997,Small,Tier 1,Ahmedabad,1780.3492
FDB38,Canned,Regular,19.5,0.0273467,158.992,OUT046,1997,Small,Tier 1,Ahmedabad,1757.712
FDE51,Dairy,Regular,5.925,0.09646733,42.8086,OUT046,1997,Small,Tier 1,Ahmedabad,669.129
FDY03,Meat,Regular,17.6,0.076121831,111.7202,OUT046,1997,Small,Tier 1,Ahmedabad,1125.202
FDF08,Fruits and Vegetables,Regular,14.3,0.065207559,89.8856,OUT046,1997,Small,Tier 1,Ahmedabad,966.7416
FDT10,Snack Foods,Regular,16.7,0.062044506,57.4562,OUT046,1997,Small,Tier 1,Ahmedabad,948.0992
FDP51,Meat,Regular,13.85,0.085274988,119.6124,OUT046,1997,Small,Tier 1,Ahmedabad,2014.7108
FDZ35,Breads,Regular,9.6,0.022278477,102.499,OUT046,1997,Small,Tier 1,Ahmedabad,1547.985
FDX27,Dairy,Regular,20.7,0.11411709,92.7436,OUT046,1997,Small,Tier 1,Ahmedabad,1323.6104
FDN16,Frozen Foods,Regular,12.6,0.062700289,102.199,OUT046,1997,Small,Tier 1,Ahmedabad,1960.781
FDK60,Baking Goods,Regular,16.5,0.0,96.2068,OUT046,1997,Small,Tier 1,Ahmedabad,3013.4108
FDY12,Baking Goods,Regular,9.8,0.14061104,49.8008,OUT046,1997,Small,Tier 1,Ahmedabad,809.6128
FDP12,Baking Goods,Regular,9.8,0.045266806,36.9874,OUT046,1997,Small,Tier 1,Ahmedabad,705.748
FDA28,Frozen Foods,Regular,16.1,0.047801883,127.4362,OUT046,1997,Small,Tier 1,Ahmedabad,2265.0516
FDF57,Fruits and Vegetables,Regular,14.5,0.058827383,172.2448,OUT046,1997,Small,Tier 1,Ahmedabad,2897.5616
FDQ45,Snack Foods,Regular,9.5,0.010917052,185.3608,OUT046,1997,Small,Tier 1,Ahmedabad,2021.3688
FDK20,Fruits and Vegetables,Regular,12.6,0.041557653,124.5072,OUT046,1997,Small,Tier 1,Ahmedabad,2450.144
FDI16,Frozen Foods,Regular,14.0,0.135775701,54.564,OUT046,1997,Small,Tier 1,Ahmedabad,1597.92
FDD40,Dairy,Regular,20.25,0.014793357,191.5162,OUT046,1997,Small,Tier 1,Ahmedabad,3078.6592
FDM57,Snack Foods,Regular,11.65,0.075849167,85.1908,OUT046,1997,Small,Tier 1,Ahmedabad,2181.1608
FDJ26,Canned,Regular,15.3,0.084765192,215.0218,OUT046,1997,Small,Tier 1,Ahmedabad,1923.4962
FDZ25,Canned,Regular,15.7,0.027617046,168.279,OUT046,1997,Small,Tier 1,Ahmedabad,4074.696
FDD47,Starchy Foods,Regular,7.6,0.142410775,171.9448,OUT046,1997,Small,Tier 1,Ahmedabad,3749.7856
FDE20,Fruits and Vegetables,Regular,11.35,0.005530516,171.179,OUT046,1997,Small,Tier 1,Ahmedabad,4923.591
FDA25,Canned,Regular,16.5,0.068125756,101.199,OUT046,1997,Small,Tier 1,Ahmedabad,1031.99
FDV33,Snack Foods,Regular,9.6,0.02734361,257.8304,OUT046,1997,Small,Tier 1,Ahmedabad,1808.3128
FDR34,Snack Foods,Regular,17.0,0.015965308,229.4352,OUT046,1997,Small,Tier 1,Ahmedabad,4809.7392
FDD52,Dairy,Regular,18.25,0.18329488,111.657,OUT046,1997,Small,Tier 1,Ahmedabad,1537.998
FDE11,Starchy Foods,Regular,17.7,0.0,184.3924,OUT046,1997,Small,Tier 1,Ahmedabad,4257.1252
FDZ49,Canned,Regular,11.0,0.133145617,218.4798,OUT046,1997,Small,Tier 1,Ahmedabad,2203.798
FDQ11,Breads,Regular,5.695,0.067700925,256.5988,OUT046,1997,Small,Tier 1,Ahmedabad,2055.9904
FDT26,Dairy,Regular,18.85,0.067953506,119.044,OUT046,1997,Small,Tier 1,Ahmedabad,2396.88
FDO27,Meat,Regular,6.175,0.179077475,94.3752,OUT046,1997,Small,Tier 1,Ahmedabad,1342.2528
FDS11,Breads,Regular,7.05,0.055558509,224.7088,OUT046,1997,Small,Tier 1,Ahmedabad,3131.9232
FDR59,Breads,Regular,14.5,0.063863551,262.3594,OUT046,1997,Small,Tier 1,Ahmedabad,4448.2098
FDM09,Snack Foods,Regular,11.15,0.085931544,169.679,OUT046,1997,Small,Tier 1,Ahmedabad,1018.674
FDP28,Frozen Foods,Regular,13.65,0.080640478,262.6936,OUT046,1997,Small,Tier 1,Ahmedabad,4175.8976
DRA59,Soft Drinks,Regular,8.27,0.127927931,184.8924,OUT046,1997,Small,Tier 1,Ahmedabad,4442.2176
FDS56,Fruits and Vegetables,Regular,5.785,0.038756864,260.7252,OUT046,1997,Small,Tier 1,Ahmedabad,6033.4796
FDI09,Seafood,Regular,20.75,0.129337594,238.188,OUT046,1997,Small,Tier 1,Ahmedabad,5033.448
FDT07,Fruits and Vegetables,Regular,5.82,0.077319079,255.433,OUT046,1997,Small,Tier 1,Ahmedabad,4357.661
FDZ21,Snack Foods,Regular,17.6,0.03922186,97.241,OUT046,1997,Small,Tier 1,Ahmedabad,193.082
FDT27,Meat,Regular,11.395,0.069587171,234.6616,OUT046,1997,Small,Tier 1,Ahmedabad,4687.232
FDZ57,Snack Foods,Regular,10.0,0.037764307,127.2994,OUT046,1997,Small,Tier 1,Ahmedabad,642.497
FDV16,Frozen Foods,Regular,7.75,0.082930699,35.2558,OUT046,1997,Small,Tier 1,Ahmedabad,780.9834
FDB37,Baking Goods,Regular,20.25,0.022940826,241.8538,OUT046,1997,Small,Tier 1,Ahmedabad,5768.4912
FDS04,Frozen Foods,Regular,10.195,0.146662938,138.6838,OUT046,1997,Small,Tier 1,Ahmedabad,2388.2246
FDG22,Snack Foods,Regular,17.6,0.041381156,35.019,OUT046,1997,Small,Tier 1,Ahmedabad,659.142
FDZ01,Canned,Regular,8.975,0.009058845,103.399,OUT046,1997,Small,Tier 1,Ahmedabad,2579.975
FDJ44,Fruits and Vegetables,Regular,12.3,0.106327251,172.8396,OUT046,1997,Small,Tier 1,Ahmedabad,2616.594
FDY11,Baking Goods,Regular,6.71,0.029560451,65.8142,OUT046,1997,Small,Tier 1,Ahmedabad,856.8846
FDM01,Breakfast,Regular,7.895,0.094567181,104.5332,OUT046,1997,Small,Tier 1,Ahmedabad,1845.5976
FDI41,Frozen Foods,Regular,18.5,0.062256921,148.0418,OUT046,1997,Small,Tier 1,Ahmedabad,2059.9852
FDQ28,Frozen Foods,Regular,14.0,0.060427062,153.5656,OUT046,1997,Small,Tier 1,Ahmedabad,3089.312
FDH14,Canned,Regular,17.1,0.046808553,141.4838,OUT046,1997,Small,Tier 1,Ahmedabad,1404.838
FDI07,Meat,Regular,12.35,0.033760862,196.9426,OUT046,1997,Small,Tier 1,Ahmedabad,5141.3076
FDS44,Fruits and Vegetables,Regular,12.65,0.15604396,239.6538,OUT046,1997,Small,Tier 1,Ahmedabad,3845.6608
FDY33,Snack Foods,Regular,14.5,0.097201128,159.4262,OUT046,1997,Small,Tier 1,Ahmedabad,2705.1454
FDK03,Dairy,Regular,12.6,0.073920438,255.6356,OUT046,1997,Small,Tier 1,Ahmedabad,2797.6916
FDS24,Baking Goods,Regular,20.85,0.062224479,88.1514,OUT046,1997,Small,Tier 1,Ahmedabad,1682.4766
FDJ55,Meat,Regular,12.8,0.023530953,223.5404,OUT046,1997,Small,Tier 1,Ahmedabad,1800.3232
FDQ07,Fruits and Vegetables,Regular,15.1,0.087406863,221.8456,OUT046,1997,Small,Tier 1,Ahmedabad,663.1368
FDV44,Fruits and Vegetables,Regular,8.365,0.039844429,190.1188,OUT046,1997,Small,Tier 1,Ahmedabad,1904.188
FDJ38,Canned,Regular,8.6,0.040205535,188.753,OUT046,1997,Small,Tier 1,Ahmedabad,7590.12
FDD41,Frozen Foods,Regular,6.765,0.087260103,105.0306,OUT046,1997,Small,Tier 1,Ahmedabad,2090.612
FDU46,Snack Foods,Regular,10.3,0.0111263,87.254,OUT046,1997,Small,Tier 1,Ahmedabad,1211.756
FDT55,Fruits and Vegetables,Regular,13.6,0.043655155,156.7946,OUT046,1997,Small,Tier 1,Ahmedabad,3629.2758
FDD38,Canned,Regular,16.75,0.008191729,103.5674,OUT046,1997,Small,Tier 1,Ahmedabad,1629.8784
FDQ40,Frozen Foods,Regular,11.1,0.036027524,177.2712,OUT046,1997,Small,Tier 1,Ahmedabad,3339.6528
FDV57,Snack Foods,Regular,15.25,0.065896556,179.266,OUT046,1997,Small,Tier 1,Ahmedabad,1438.128
FDB36,Baking Goods,Regular,5.465,0.0,129.1626,OUT046,1997,Small,Tier 1,Ahmedabad,3672.5528
FDP45,Snack Foods,Regular,15.7,0.030624844,252.2724,OUT046,1997,Small,Tier 1,Ahmedabad,1258.362
FDY44,Fruits and Vegetables,Regular,14.15,0.024404558,198.311,OUT046,1997,Small,Tier 1,Ahmedabad,2553.343
FDF38,Canned,Regular,11.8,0.026358005,39.6138,OUT046,1997,Small,Tier 1,Ahmedabad,365.5242
DRY23,Soft Drinks,Regular,9.395,0.109096371,44.6112,OUT046,1997,Small,Tier 1,Ahmedabad,511.3344
FDY16,Frozen Foods,Regular,18.35,0.092226754,184.4266,OUT046,1997,Small,Tier 1,Ahmedabad,3504.1054
FDB04,Dairy,Regular,11.35,0.063226306,87.9856,OUT046,1997,Small,Tier 1,Ahmedabad,1494.0552
FDJ60,Baking Goods,Regular,19.35,0.062528426,166.9184,OUT046,1997,Small,Tier 1,Ahmedabad,3302.368
FDQ59,Breads,Regular,9.8,0.056386541,84.6908,OUT046,1997,Small,Tier 1,Ahmedabad,503.3448
FDQ49,Breakfast,Regular,20.2,0.039247736,157.663,OUT046,1997,Small,Tier 1,Ahmedabad,1095.241
FDO48,Baking Goods,Regular,15.0,0.026840766,219.8456,OUT046,1997,Small,Tier 1,Ahmedabad,4863.0032
FDW21,Snack Foods,Regular,5.34,0.005963881,99.5358,OUT046,1997,Small,Tier 1,Ahmedabad,1407.5012
FDP44,Fruits and Vegetables,Regular,16.5,0.079713576,101.3332,OUT046,1997,Small,Tier 1,Ahmedabad,1537.998
FDN28,Frozen Foods,Regular,5.88,0.030247903,101.399,OUT046,1997,Small,Tier 1,Ahmedabad,2063.98
FDA04,Frozen Foods,Regular,11.3,0.066729996,257.2962,OUT046,1997,Small,Tier 1,Ahmedabad,4920.9278
FDX46,Snack Foods,Regular,12.3,0.058116758,57.5562,OUT046,1997,Small,Tier 1,Ahmedabad,651.8182
FDM16,Frozen Foods,Regular,8.155,0.033555399,74.7354,OUT046,1997,Small,Tier 1,Ahmedabad,1655.1788
FDE41,Frozen Foods,Regular,9.195,0.064014173,83.3566,OUT046,1997,Small,Tier 1,Ahmedabad,1437.4622
FDO39,Meat,Regular,6.985,0.137366883,184.9608,OUT046,1997,Small,Tier 1,Ahmedabad,3858.9768
FDU12,Baking Goods,Regular,15.5,0.07575107,262.8568,OUT046,1997,Small,Tier 1,Ahmedabad,5800.4496
FDM36,Baking Goods,Regular,11.65,0.058730831,171.9422,OUT046,1997,Small,Tier 1,Ahmedabad,3448.844
FDS02,Dairy,Regular,10.195,0.145867347,194.0794,OUT046,1997,Small,Tier 1,Ahmedabad,3901.588
FDV04,Frozen Foods,Regular,7.825,0.150015234,157.5288,OUT046,1997,Small,Tier 1,Ahmedabad,942.7728
FDP03,Meat,Regular,5.15,0.06117708,121.8388,OUT046,1997,Small,Tier 1,Ahmedabad,3219.8088
FDG20,Fruits and Vegetables,Regular,15.5,0.125687917,178.2028,OUT046,1997,Small,Tier 1,Ahmedabad,1416.8224
FDT14,Dairy,Regular,10.695,0.127727102,121.144,OUT046,1997,Small,Tier 1,Ahmedabad,1917.504
FDA08,Fruits and Vegetables,Regular,11.85,0.050085152,164.7526,OUT046,1997,Small,Tier 1,Ahmedabad,1315.6208
FDL52,Frozen Foods,Regular,6.635,0.046090204,37.1506,OUT046,1997,Small,Tier 1,Ahmedabad,834.9132
FDR55,Fruits and Vegetables,Regular,12.15,0.132083542,189.5872,OUT046,1997,Small,Tier 1,Ahmedabad,3403.5696
FDN03,Meat,Regular,9.8,0.015089965,249.6408,OUT046,1997,Small,Tier 1,Ahmedabad,1001.3632
FDT23,Breads,Regular,7.72,0.074731477,77.5986,OUT046,1997,Small,Tier 1,Ahmedabad,1947.465
FDC33,Fruits and Vegetables,Regular,8.96,0.06893834,196.4768,OUT046,1997,Small,Tier 1,Ahmedabad,2561.9984
FDG21,Seafood,Regular,17.35,0.146299902,150.405,OUT046,1997,Small,Tier 1,Ahmedabad,3894.93
FDQ36,Baking Goods,Regular,7.855,0.0,38.3848,OUT046,1997,Small,Tier 1,Ahmedabad,932.12
DRC36,Soft Drinks,Regular,13.0,0.044984874,175.0054,OUT046,1997,Small,Tier 1,Ahmedabad,1926.1594
FDH47,Starchy Foods,Regular,13.5,0.128816212,96.4068,OUT046,1997,Small,Tier 1,Ahmedabad,2527.3768
FDW03,Meat,Regular,5.63,0.024541277,105.1306,OUT046,1997,Small,Tier 1,Ahmedabad,3135.918
FDV52,Frozen Foods,Regular,20.7,0.12152072,118.0466,OUT046,1997,Small,Tier 1,Ahmedabad,1060.6194
FDT15,Meat,Regular,12.15,0.042681522,184.295,OUT046,1997,Small,Tier 1,Ahmedabad,2014.045
FDW44,Fruits and Vegetables,Regular,9.5,0.035151215,171.8448,OUT046,1997,Small,Tier 1,Ahmedabad,2556.672
FDJ15,Dairy,Regular,11.35,0.023322478,182.5608,OUT046,1997,Small,Tier 1,Ahmedabad,3307.6944
FDU31,Fruits and Vegetables,Regular,10.5,0.024991056,217.9508,OUT046,1997,Small,Tier 1,Ahmedabad,2821.6604
FDO20,Fruits and Vegetables,Regular,12.85,0.0,252.3382,OUT046,1997,Small,Tier 1,Ahmedabad,4794.4258
FDO01,Breakfast,Regular,21.1,0.020718655,130.4994,OUT046,1997,Small,Tier 1,Ahmedabad,2184.4898
FDL02,Canned,Regular,20.0,0.104083376,107.4622,OUT046,1997,Small,Tier 1,Ahmedabad,3705.177
FDR31,Fruits and Vegetables,Regular,6.46,0.049162885,146.9102,OUT046,1997,Small,Tier 1,Ahmedabad,1895.5326
FDB03,Dairy,Regular,17.75,0.156831826,241.0538,OUT046,1997,Small,Tier 1,Ahmedabad,1201.769
FDJ21,Snack Foods,Regular,16.7,0.038528228,143.9102,OUT046,1997,Small,Tier 1,Ahmedabad,1749.7224
FDY49,Canned,Regular,17.2,0.012012071,163.1184,OUT046,1997,Small,Tier 1,Ahmedabad,4623.3152
FDM24,Baking Goods,Regular,6.135,0.079327367,152.8366,OUT046,1997,Small,Tier 1,Ahmedabad,2871.5954
FDZ47,Baking Goods,Regular,20.7,0.07929647,97.2042,OUT046,1997,Small,Tier 1,Ahmedabad,1686.4714
FDS15,Meat,Regular,9.195,0.078060601,106.3596,OUT046,1997,Small,Tier 1,Ahmedabad,2912.2092
FDI21,Snack Foods,Regular,5.59,0.056602818,63.2168,OUT046,1997,Small,Tier 1,Ahmedabad,1725.7536
FDQ26,Dairy,Regular,13.5,0.067872402,57.8562,OUT046,1997,Small,Tier 1,Ahmedabad,355.5372
FDQ08,Fruits and Vegetables,Regular,15.7,0.018930352,59.4536,OUT046,1997,Small,Tier 1,Ahmedabad,857.5504
FDW27,Meat,Regular,5.86,0.150853308,156.0314,OUT046,1997,Small,Tier 1,Ahmedabad,2016.7082
FDZ39,Meat,Regular,19.7,0.018024769,104.499,OUT046,1997,Small,Tier 1,Ahmedabad,1031.99
FDY20,Fruits and Vegetables,Regular,12.5,0.08175276,89.0488,OUT046,1997,Small,Tier 1,Ahmedabad,1267.6832
FDN23,Breads,Regular,6.575,0.075507758,146.4444,OUT046,1997,Small,Tier 1,Ahmedabad,1596.5884
FDG38,Canned,Regular,8.975,0.05272914,86.4224,OUT046,1997,Small,Tier 1,Ahmedabad,1022.6688
FDA40,Frozen Foods,Regular,16.0,0.099271209,88.5856,OUT046,1997,Small,Tier 1,Ahmedabad,878.856
FDB12,Baking Goods,Regular,11.15,0.105307659,102.0648,OUT046,1997,Small,Tier 1,Ahmedabad,1038.648
FDW19,Fruits and Vegetables,Regular,12.35,0.038500421,110.757,OUT046,1997,Small,Tier 1,Ahmedabad,1208.427
FDX57,Snack Foods,Regular,17.25,0.047266211,97.0068,OUT046,1997,Small,Tier 1,Ahmedabad,1846.9292
FDB49,Baking Goods,Regular,8.3,0.030151351,98.7384,OUT046,1997,Small,Tier 1,Ahmedabad,492.692
FDP40,Frozen Foods,Regular,4.555,0.034357169,112.6544,OUT046,1997,Small,Tier 1,Ahmedabad,2684.5056
FDB35,Starchy Foods,Regular,12.3,0.064618976,89.8804,OUT046,1997,Small,Tier 1,Ahmedabad,1286.3256
FDQ48,Baking Goods,Regular,14.3,0.034411238,98.6726,OUT046,1997,Small,Tier 1,Ahmedabad,782.9808
FDL48,Baking Goods,Regular,19.35,0.082266419,48.8034,OUT046,1997,Small,Tier 1,Ahmedabad,340.2238
FDL58,Snack Foods,Regular,5.78,0.074149074,262.2568,OUT046,1997,Small,Tier 1,Ahmedabad,5273.136
FDQ15,Meat,Regular,20.35,0.0,81.6276,OUT046,1997,Small,Tier 1,Ahmedabad,1787.0072
FDX33,Snack Foods,Regular,9.195,0.117484834,158.5578,OUT046,1997,Small,Tier 1,Ahmedabad,2406.867
FDI34,Snack Foods,Regular,10.65,0.085135953,232.3668,OUT046,1997,Small,Tier 1,Ahmedabad,3685.8688
FDY60,Baking Goods,Regular,10.5,0.0,143.3128,OUT046,1997,Small,Tier 1,Ahmedabad,1438.128
FDZ03,Dairy,Regular,13.65,0.078786674,184.824,OUT046,1997,Small,Tier 1,Ahmedabad,3355.632
FDZ31,Fruits and Vegetables,Regular,15.35,0.113217223,191.1504,OUT046,1997,Small,Tier 1,Ahmedabad,1725.7536
FDL14,Canned,Regular,8.115,0.032158866,154.8972,OUT046,1997,Small,Tier 1,Ahmedabad,1713.7692
FDX31,Fruits and Vegetables,Regular,20.35,0.014825605,233.2958,OUT046,1997,Small,Tier 1,Ahmedabad,4206.5244
FDX36,Baking Goods,Regular,9.695,0.128283243,226.1404,OUT046,1997,Small,Tier 1,Ahmedabad,3375.606
FDX51,Meat,Regular,9.5,0.022058724,196.8452,OUT046,1997,Small,Tier 1,Ahmedabad,3523.4136
FDD26,Canned,Regular,8.71,0.072155462,183.3924,OUT046,1997,Small,Tier 1,Ahmedabad,3146.5708
FDD44,Fruits and Vegetables,Regular,8.05,0.078400465,259.0646,OUT046,1997,Small,Tier 1,Ahmedabad,4380.2982
FDW09,Snack Foods,Regular,13.65,0.025920816,81.2302,OUT046,1997,Small,Tier 1,Ahmedabad,2059.9852
FDR57,Snack Foods,Regular,5.675,0.023496967,156.1288,OUT046,1997,Small,Tier 1,Ahmedabad,2828.3184
FDC34,Snack Foods,Regular,16.0,0.172759093,157.0972,OUT046,1997,Small,Tier 1,Ahmedabad,4673.916
FDP59,Breads,Regular,20.85,0.056465714,103.6648,OUT046,1997,Small,Tier 1,Ahmedabad,2285.0256
FDW14,Dairy,Regular,8.3,0.038211537,87.7198,OUT046,1997,Small,Tier 1,Ahmedabad,1569.9564
FDZ37,Canned,Regular,8.1,0.019768503,88.6198,OUT046,1997,Small,Tier 1,Ahmedabad,1569.9564
FDF56,Fruits and Vegetables,Regular,16.7,0.119462225,182.7976,OUT046,1997,Small,Tier 1,Ahmedabad,1810.976
FDD59,Starchy Foods,Regular,10.5,0.0,78.296,OUT046,1997,Small,Tier 1,Ahmedabad,1438.128
FDQ32,Fruits and Vegetables,Regular,17.85,0.046608497,122.9388,OUT046,1997,Small,Tier 1,Ahmedabad,3095.97
FDA02,Dairy,Regular,14.0,0.029722659,143.4786,OUT046,1997,Small,Tier 1,Ahmedabad,1589.2646
FDI58,Snack Foods,Regular,7.64,0.070704474,93.412,OUT046,1997,Small,Tier 1,Ahmedabad,1491.392
FDI36,Baking Goods,Regular,12.5,0.062343432,199.7426,OUT046,1997,Small,Tier 1,Ahmedabad,593.2278
DRC01,Soft Drinks,Regular,5.92,0.019200003,47.7692,OUT046,1997,Small,Tier 1,Ahmedabad,492.692
FDV10,Snack Foods,Regular,7.645,0.0,41.8112,OUT046,1997,Small,Tier 1,Ahmedabad,894.8352
FDH46,Snack Foods,Regular,6.935,0.041282286,103.5332,OUT046,1997,Small,Tier 1,Ahmedabad,1230.3984
FDS22,Snack Foods,Regular,16.85,0.023154399,43.9428,OUT046,1997,Small,Tier 1,Ahmedabad,351.5424
FDI02,Canned,Regular,15.7,0.114565093,112.0202,OUT046,1997,Small,Tier 1,Ahmedabad,337.5606
FDO21,Snack Foods,Regular,11.6,0.009763021,226.2404,OUT046,1997,Small,Tier 1,Ahmedabad,1800.3232
FDG33,Seafood,Regular,5.365,0.14024028,171.0764,OUT046,1997,Small,Tier 1,Ahmedabad,3263.7516
FDC16,Dairy,Regular,11.5,0.0,88.254,OUT046,1997,Small,Tier 1,Ahmedabad,1298.31
FDH17,Frozen Foods,Regular,16.2,0.01665334,97.3726,OUT046,1997,Small,Tier 1,Ahmedabad,2055.3246
FDX47,Breads,Regular,6.55,0.034604343,157.8288,OUT046,1997,Small,Tier 1,Ahmedabad,2514.0608
FDM04,Frozen Foods,Regular,9.195,0.04712061,53.1666,OUT046,1997,Small,Tier 1,Ahmedabad,768.999
FDO11,Breads,Regular,8.0,0.030264897,250.3092,OUT046,1997,Small,Tier 1,Ahmedabad,6723.2484
FDX56,Fruits and Vegetables,Regular,17.1,0.074059474,209.0638,OUT046,1997,Small,Tier 1,Ahmedabad,3520.0846
FDE05,Frozen Foods,Regular,10.895,0.032454046,144.8102,OUT046,1997,Small,Tier 1,Ahmedabad,3062.0142
FDT16,Frozen Foods,Regular,9.895,0.048662357,261.7278,OUT046,1997,Small,Tier 1,Ahmedabad,4685.9004
FDY57,Snack Foods,Regular,20.2,0.121254236,94.5752,OUT046,1997,Small,Tier 1,Ahmedabad,1821.6288
FDU37,Canned,Regular,9.5,0.0,79.596,OUT046,1997,Small,Tier 1,Ahmedabad,1038.648
FDX11,Baking Goods,Regular,16.0,0.106752081,181.4634,OUT046,1997,Small,Tier 1,Ahmedabad,1090.5804
FDW02,Dairy,Regular,4.805,0.037699423,125.5704,OUT046,1997,Small,Tier 1,Ahmedabad,3880.2824
FDU45,Snack Foods,Regular,15.6,0.035506142,112.4518,OUT046,1997,Small,Tier 1,Ahmedabad,3301.7022
FDY47,Breads,Regular,8.6,0.054484461,130.131,OUT046,1997,Small,Tier 1,Ahmedabad,1557.972
FDV26,Dairy,Regular,20.25,0.076160451,196.2794,OUT046,1997,Small,Tier 1,Ahmedabad,2731.1116
FDM02,Canned,Regular,12.5,0.073735058,87.1198,OUT046,1997,Small,Tier 1,Ahmedabad,1657.1762
FDO52,Frozen Foods,Regular,11.6,0.077164595,172.5106,OUT046,1997,Small,Tier 1,Ahmedabad,2566.659
FDI38,Canned,Regular,13.35,0.014626901,207.7638,OUT046,1997,Small,Tier 1,Ahmedabad,3520.0846
FDR22,Snack Foods,Regular,19.35,0.018562604,110.5544,OUT046,1997,Small,Tier 1,Ahmedabad,1565.9616
FDG09,Fruits and Vegetables,Regular,20.6,0.047936284,185.7556,OUT046,1997,Small,Tier 1,Ahmedabad,3942.8676
FDS36,Baking Goods,Regular,8.38,0.04688734,107.957,OUT046,1997,Small,Tier 1,Ahmedabad,2966.139
FDH05,Frozen Foods,Regular,14.35,0.090913642,231.2984,OUT046,1997,Small,Tier 1,Ahmedabad,3243.7776
FDI05,Frozen Foods,Regular,8.35,0.126869718,74.4354,OUT046,1997,Small,Tier 1,Ahmedabad,1128.531
FDG28,Frozen Foods,Regular,9.285,0.049280292,245.6144,OUT046,1997,Small,Tier 1,Ahmedabad,3920.2304
FDI08,Fruits and Vegetables,Regular,18.2,0.066297055,247.1092,OUT046,1997,Small,Tier 1,Ahmedabad,2241.0828
FDA47,Baking Goods,Regular,10.5,0.116673795,161.721,OUT046,1997,Small,Tier 1,Ahmedabad,3588.662
FDY22,Snack Foods,Regular,16.5,0.159720671,144.5128,OUT046,1997,Small,Tier 1,Ahmedabad,3595.32
FDS19,Fruits and Vegetables,Regular,13.8,0.064207277,76.0012,OUT046,1997,Small,Tier 1,Ahmedabad,1214.4192
FDR25,Canned,Regular,17.0,0.139521931,266.8884,OUT046,1997,Small,Tier 1,Ahmedabad,5034.7796
FDR19,Fruits and Vegetables,Regular,13.5,0.159720671,147.6102,OUT046,1997,Small,Tier 1,Ahmedabad,4082.6856
FDA51,Dairy,Regular,8.05,0.164679597,112.1518,OUT046,1997,Small,Tier 1,Ahmedabad,1252.3698
FDO31,Fruits and Vegetables,Regular,6.76,0.028982682,79.596,OUT046,1997,Small,Tier 1,Ahmedabad,1438.128
FDZ13,Canned,Regular,7.84,0.153494979,48.935,OUT046,1997,Small,Tier 1,Ahmedabad,798.96
FDH04,Frozen Foods,Regular,6.115,0.011372972,89.6488,OUT046,1997,Small,Tier 1,Ahmedabad,1267.6832
FDR15,Meat,Regular,9.3,0.033437991,153.2314,OUT046,1997,Small,Tier 1,Ahmedabad,2326.971
FDA35,Baking Goods,Regular,14.85,0.053837561,120.8072,OUT046,1997,Small,Tier 1,Ahmedabad,4287.752
FDZ43,Fruits and Vegetables,Regular,11.0,0.057058545,241.7512,OUT046,1997,Small,Tier 1,Ahmedabad,3635.268
FDP08,Fruits and Vegetables,Regular,20.5,0.112410046,192.2478,OUT046,1997,Small,Tier 1,Ahmedabad,3874.956
FDF39,Dairy,Regular,14.85,0.019511288,262.591,OUT046,1997,Small,Tier 1,Ahmedabad,4996.829
FDN49,Breakfast,Regular,17.25,0.125224466,41.248,OUT046,1997,Small,Tier 1,Ahmedabad,679.116
FDW40,Frozen Foods,Regular,14.0,0.105145451,144.2812,OUT046,1997,Small,Tier 1,Ahmedabad,4844.3608
FDN56,Fruits and Vegetables,Regular,5.46,0.107057186,144.9786,OUT046,1997,Small,Tier 1,Ahmedabad,2022.7004
FDH31,Meat,Regular,12.0,0.020411155,98.6042,OUT046,1997,Small,Tier 1,Ahmedabad,1091.2462
FDW12,Baking Goods,Regular,8.315,0.035572183,144.4444,OUT046,1997,Small,Tier 1,Ahmedabad,2902.888
FDX04,Frozen Foods,Regular,19.6,0.041571557,49.9376,OUT046,1997,Small,Tier 1,Ahmedabad,623.1888
FDA27,Dairy,Regular,20.35,0.030927632,256.8672,OUT046,1997,Small,Tier 1,Ahmedabad,3579.3408
FDC22,Snack Foods,Regular,6.89,0.136428395,193.982,OUT046,1997,Small,Tier 1,Ahmedabad,1737.738
FDQ27,Meat,Regular,5.19,0.044252621,102.599,OUT046,1997,Small,Tier 1,Ahmedabad,1651.184
FDS32,Fruits and Vegetables,Regular,17.75,0.029653914,140.5838,OUT046,1997,Small,Tier 1,Ahmedabad,2669.1922
FDE17,Frozen Foods,Regular,20.1,0.054455495,149.5366,OUT046,1997,Small,Tier 1,Ahmedabad,2871.5954
FDH50,Canned,Regular,15.0,0.16143544,185.1266,OUT046,1997,Small,Tier 1,Ahmedabad,2766.399
FDC14,Canned,Regular,14.5,0.041249072,40.5454,OUT046,1997,Small,Tier 1,Ahmedabad,1216.4166
FDW26,Dairy,Regular,11.8,0.107057186,224.1772,OUT046,1997,Small,Tier 1,Ahmedabad,3558.0352
FDS58,Snack Foods,Regular,9.285,0.0,161.5578,OUT046,1997,Small,Tier 1,Ahmedabad,4653.2762
FDD21,Fruits and Vegetables,Regular,10.3,0.030569229,113.1176,OUT046,1997,Small,Tier 1,Ahmedabad,4695.2216
FDX22,Snack Foods,Regular,6.785,0.022974812,208.7928,OUT046,1997,Small,Tier 1,Ahmedabad,5890.9984
FDA37,Canned,Regular,7.81,0.055226755,123.1046,OUT046,1997,Small,Tier 1,Ahmedabad,871.5322
FDH44,Fruits and Vegetables,Regular,19.1,0.025872153,145.7418,OUT046,1997,Small,Tier 1,Ahmedabad,882.8508
FDT11,Breads,Regular,5.94,0.029372367,186.7556,OUT046,1997,Small,Tier 1,Ahmedabad,3942.8676
FDW38,Dairy,Regular,5.325,0.138679995,53.7298,OUT046,1997,Small,Tier 1,Ahmedabad,862.8768
FDY37,Canned,Regular,17.0,0.026568875,142.047,OUT046,1997,Small,Tier 1,Ahmedabad,3149.234
FDW32,Fruits and Vegetables,Regular,18.35,0.094296835,84.3882,OUT046,1997,Small,Tier 1,Ahmedabad,1116.5466
FDW43,Fruits and Vegetables,Regular,20.1,0.022425236,226.3036,OUT046,1997,Small,Tier 1,Ahmedabad,910.8144
FDX10,Snack Foods,Regular,6.385,0.123710526,37.1874,OUT046,1997,Small,Tier 1,Ahmedabad,247.0118
FDM58,Snack Foods,Regular,16.85,0.079690403,113.4544,OUT046,1997,Small,Tier 1,Ahmedabad,2908.2144
FDZ36,Baking Goods,Regular,6.035,0.065783783,188.224,OUT046,1997,Small,Tier 1,Ahmedabad,5779.144
FDI12,Baking Goods,Regular,9.395,0.10039894,89.6856,OUT046,1997,Small,Tier 1,Ahmedabad,878.856
FDX35,Breads,Regular,5.035,0.0,228.2036,OUT046,1997,Small,Tier 1,Ahmedabad,4781.7756
FDM15,Meat,Regular,11.8,0.057421582,149.9366,OUT046,1997,Small,Tier 1,Ahmedabad,1662.5026
FDJ34,Snack Foods,Regular,11.8,0.093655728,127.1704,OUT046,1997,Small,Tier 1,Ahmedabad,3004.0896
FDT01,Canned,Regular,13.65,0.184167712,213.7902,OUT046,1997,Small,Tier 1,Ahmedabad,1274.3412
FDS27,Meat,Regular,10.195,0.012458143,196.311,OUT046,1997,Small,Tier 1,Ahmedabad,589.233
FDI04,Frozen Foods,Regular,13.65,0.072912432,198.4426,OUT046,1997,Small,Tier 1,Ahmedabad,5536.7928
FDP48,Baking Goods,Regular,7.52,0.044023213,183.095,OUT046,1997,Small,Tier 1,Ahmedabad,5492.85
FDO45,Snack Foods,Regular,13.15,0.037952777,89.5856,OUT046,1997,Small,Tier 1,Ahmedabad,1494.0552
FDV28,Frozen Foods,Regular,16.1,0.159728395,34.3558,OUT046,1997,Small,Tier 1,Ahmedabad,271.6464
FDJ57,Seafood,Regular,7.42,0.021573645,184.6582,OUT046,1997,Small,Tier 1,Ahmedabad,5015.4714
FDW57,Snack Foods,Regular,8.31,0.0,177.4028,OUT046,1997,Small,Tier 1,Ahmedabad,3896.2616
FDO19,Fruits and Vegetables,Regular,17.7,0.016596645,48.3034,OUT046,1997,Small,Tier 1,Ahmedabad,777.6544
FDD56,Fruits and Vegetables,Regular,15.2,0.10377827,175.6054,OUT046,1997,Small,Tier 1,Ahmedabad,2451.4756
FDX12,Baking Goods,Regular,18.2,0.026064486,241.8196,OUT046,1997,Small,Tier 1,Ahmedabad,4097.3332
FDN58,Snack Foods,Regular,13.8,0.056872392,231.1984,OUT046,1997,Small,Tier 1,Ahmedabad,5097.3648
FDZ14,Dairy,Regular,7.71,0.047588696,122.4756,OUT046,1997,Small,Tier 1,Ahmedabad,605.878
FDF28,Frozen Foods,Regular,15.7,0.037864721,124.1046,OUT046,1997,Small,Tier 1,Ahmedabad,1120.5414
FDH45,Fruits and Vegetables,Regular,15.1,0.105666833,41.6796,OUT046,1997,Small,Tier 1,Ahmedabad,495.3552
FDU15,Meat,Regular,13.65,0.026602089,35.1532,OUT046,1997,Small,Tier 1,Ahmedabad,790.9704
FDY40,Frozen Foods,Regular,15.5,0.085834992,49.6692,OUT046,1997,Small,Tier 1,Ahmedabad,788.3072
FDJ14,Canned,Regular,10.3,0.050070476,77.896,OUT046,1997,Small,Tier 1,Ahmedabad,1278.336
FDX38,Dairy,Regular,10.5,0.048207017,45.9376,OUT046,1997,Small,Tier 1,Ahmedabad,575.2512
FDL51,Dairy,Regular,20.7,0.047491371,213.9876,OUT046,1997,Small,Tier 1,Ahmedabad,2143.876
FDW16,Frozen Foods,Regular,17.35,0.041474232,93.0804,OUT046,1997,Small,Tier 1,Ahmedabad,826.9236
FDG05,Frozen Foods,Regular,11.0,0.087847141,156.863,OUT046,1997,Small,Tier 1,Ahmedabad,2972.797
FDG58,Snack Foods,Regular,10.695,0.0,156.1972,OUT046,1997,Small,Tier 1,Ahmedabad,1869.5664
FDS31,Fruits and Vegetables,Regular,13.1,0.044192372,180.3318,OUT046,1997,Small,Tier 1,Ahmedabad,2345.6134
FDR32,Fruits and Vegetables,Regular,6.78,0.0,227.4694,OUT046,1997,Small,Tier 1,Ahmedabad,3197.1716
FDS25,Canned,Regular,6.885,0.140008554,108.7228,OUT046,1997,Small,Tier 1,Ahmedabad,2542.0244
FDC08,Fruits and Vegetables,Regular,19.0,0.103449993,225.472,OUT046,1997,Small,Tier 1,Ahmedabad,3169.208
FDT24,Baking Goods,Regular,12.35,0.0,76.2328,OUT046,1997,Small,Tier 1,Ahmedabad,1544.656
FDW55,Fruits and Vegetables,Regular,12.6,0.021969896,248.6092,OUT046,1997,Small,Tier 1,Ahmedabad,3237.1196
FDP31,Fruits and Vegetables,Regular,21.1,0.161504957,65.0168,OUT046,1997,Small,Tier 1,Ahmedabad,639.168
FDU19,Fruits and Vegetables,Regular,8.77,0.046771477,173.9422,OUT046,1997,Small,Tier 1,Ahmedabad,3103.9596
FDL21,Snack Foods,Regular,15.85,0.007146415,41.048,OUT046,1997,Small,Tier 1,Ahmedabad,798.96
FDC60,Baking Goods,Regular,5.425,0.114472403,88.3514,OUT046,1997,Small,Tier 1,Ahmedabad,2833.6448
FDE23,Starchy Foods,Regular,17.6,0.0,46.006,OUT046,1997,Small,Tier 1,Ahmedabad,326.242
FDV19,Fruits and Vegetables,Regular,14.85,0.035257037,161.2578,OUT046,1997,Small,Tier 1,Ahmedabad,4171.9028
FDT32,Fruits and Vegetables,Regular,19.0,0.065633934,186.5214,OUT046,1997,Small,Tier 1,Ahmedabad,2261.0568
FDN38,Canned,Regular,6.615,0.091971856,251.6408,OUT046,1997,Small,Tier 1,Ahmedabad,6008.1792
FDI40,Frozen Foods,Regular,11.5,0.125602951,100.8358,OUT046,1997,Small,Tier 1,Ahmedabad,2111.2518
FDR37,Breakfast,Regular,16.5,0.066249551,183.3292,OUT046,1997,Small,Tier 1,Ahmedabad,2006.7212
FDK58,Snack Foods,Regular,11.35,0.0,101.5016,OUT046,1997,Small,Tier 1,Ahmedabad,202.4032
FDK08,Fruits and Vegetables,Regular,9.195,0.122304725,99.2016,OUT046,1997,Small,Tier 1,Ahmedabad,809.6128
FDM45,Snack Foods,Regular,8.655,0.08819473,119.6756,OUT046,1997,Small,Tier 1,Ahmedabad,2423.512
FDT52,Frozen Foods,Regular,9.695,0.047429578,245.8144,OUT046,1997,Small,Tier 1,Ahmedabad,3430.2016
FDO09,Snack Foods,Regular,13.5,0.125274674,262.191,OUT046,1997,Small,Tier 1,Ahmedabad,2366.919
FDW39,Meat,Regular,6.69,0.036910398,175.037,OUT046,1997,Small,Tier 1,Ahmedabad,2117.244
FDB57,Fruits and Vegetables,Regular,20.25,0.018805105,220.6772,OUT046,1997,Small,Tier 1,Ahmedabad,2223.772
FDI60,Baking Goods,Regular,7.22,0.03832122,61.851,OUT046,1997,Small,Tier 1,Ahmedabad,822.263
FDT12,Baking Goods,Regular,6.215,0.049621701,226.1062,OUT046,1997,Small,Tier 1,Ahmedabad,4739.8302
FDM38,Canned,Regular,5.885,0.092771309,54.1982,OUT046,1997,Small,Tier 1,Ahmedabad,999.3658
FDU28,Frozen Foods,Regular,19.2,0.09391835,189.8214,OUT046,1997,Small,Tier 1,Ahmedabad,942.107
FDU28,Frozen Foods,Regular,19.2,0.09444959,187.8214,OUT017,2007,,Tier 2,Ahmedabad,4710.535
FDG20,Fruits and Vegetables,Regular,15.5,0.12639886,177.0028,OUT017,2007,,Tier 2,Ahmedabad,2479.4392
FDZ16,Frozen Foods,Regular,16.85,0.160760054,192.4478,OUT017,2007,,Tier 2,Ahmedabad,4843.695
DRL01,Soft Drinks,Regular,19.5,0.077608838,233.4958,OUT017,2007,,Tier 2,Ahmedabad,5375.0034
FDL58,Snack Foods,Regular,5.78,0.0,263.7568,OUT017,2007,,Tier 2,Ahmedabad,2636.568
FDC60,Baking Goods,Regular,5.425,0.115119905,88.3514,OUT017,2007,,Tier 2,Ahmedabad,1416.8224
FDY56,Fruits and Vegetables,Regular,16.35,0.062764429,227.6062,OUT017,2007,,Tier 2,Ahmedabad,7222.5984
FDG28,Frozen Foods,Regular,9.285,0.049559042,246.4144,OUT017,2007,,Tier 2,Ahmedabad,1225.072
FDY03,Meat,Regular,17.6,0.076552407,110.5202,OUT017,2007,,Tier 2,Ahmedabad,450.0808
FDE33,Fruits and Vegetables,Regular,19.35,0.049916364,80.2644,OUT017,2007,,Tier 2,Ahmedabad,942.7728
FDC52,Dairy,Regular,11.15,0.008326735,149.9708,OUT017,2007,,Tier 2,Ahmedabad,1956.1204
FDF28,Frozen Foods,Regular,15.7,0.038078899,122.9046,OUT017,2007,,Tier 2,Ahmedabad,1992.0736
FDS15,Meat,Regular,9.195,0.078502143,108.7596,OUT017,2007,,Tier 2,Ahmedabad,2588.6304
FDL32,Fruits and Vegetables,Regular,15.7,0.123159656,110.1544,OUT017,2007,,Tier 2,Ahmedabad,1230.3984
FDL52,Frozen Foods,Regular,6.635,0.046350909,37.4506,OUT017,2007,,Tier 2,Ahmedabad,1176.4686
FDC40,Dairy,Regular,16.0,0.065431917,76.1986,OUT017,2007,,Tier 2,Ahmedabad,1869.5664
FDC08,Fruits and Vegetables,Regular,19.0,0.104035148,227.772,OUT017,2007,,Tier 2,Ahmedabad,5206.556
FDJ14,Canned,Regular,10.3,0.050353695,78.696,OUT017,2007,,Tier 2,Ahmedabad,1757.712
FDO22,Snack Foods,Regular,13.5,0.017960492,81.596,OUT017,2007,,Tier 2,Ahmedabad,639.168
FDL25,Breakfast,Regular,6.92,0.131665479,91.8804,OUT017,2007,,Tier 2,Ahmedabad,275.6412
FDG14,Canned,Regular,9.0,0.050786366,152.2024,OUT017,2007,,Tier 2,Ahmedabad,3643.2576
FDX33,Snack Foods,Regular,9.195,0.118149377,160.5578,OUT017,2007,,Tier 2,Ahmedabad,1283.6624
FDR20,Fruits and Vegetables,Regular,20.0,0.028282832,46.2744,OUT017,2007,,Tier 2,Ahmedabad,1086.5856
FDU50,Dairy,Regular,5.75,0.075595405,114.7176,OUT017,2007,,Tier 2,Ahmedabad,1259.6936
FDT01,Canned,Regular,13.65,0.18520944,212.9902,OUT017,2007,,Tier 2,Ahmedabad,3185.853
FDU10,Snack Foods,Regular,10.1,0.045950475,38.2848,OUT017,2007,,Tier 2,Ahmedabad,1230.3984
FDF40,Dairy,Regular,20.25,0.022639471,248.4092,OUT017,2007,,Tier 2,Ahmedabad,2241.0828
FDY02,Dairy,Regular,8.945,0.0,264.791,OUT017,2007,,Tier 2,Ahmedabad,4733.838
FDY22,Snack Foods,Regular,16.5,0.160624116,143.8128,OUT017,2007,,Tier 2,Ahmedabad,2588.6304
FDW46,Snack Foods,Regular,13.0,0.070699313,65.7484,OUT017,2007,,Tier 2,Ahmedabad,1174.4712
FDJ33,Snack Foods,Regular,8.895,0.088821765,125.173,OUT017,2007,,Tier 2,Ahmedabad,2956.152
FDR27,Meat,Regular,15.1,0.096644015,131.9942,OUT017,2007,,Tier 2,Ahmedabad,3047.3666
FDZ39,Meat,Regular,19.7,0.018126724,101.799,OUT017,2007,,Tier 2,Ahmedabad,1135.189
FDJ55,Meat,Regular,12.8,0.023664054,226.0404,OUT017,2007,,Tier 2,Ahmedabad,5400.9696
FDP28,Frozen Foods,Regular,13.65,0.081096613,261.2936,OUT017,2007,,Tier 2,Ahmedabad,3131.9232
FDE41,Frozen Foods,Regular,9.195,0.064376263,83.1566,OUT017,2007,,Tier 2,Ahmedabad,1099.2358
FDY60,Baking Goods,Regular,10.5,0.026520107,144.8128,OUT017,2007,,Tier 2,Ahmedabad,2157.192
FDY08,Fruits and Vegetables,Regular,9.395,0.172042892,139.9838,OUT017,2007,,Tier 2,Ahmedabad,1966.7732
DRA24,Soft Drinks,Regular,19.35,0.040154087,164.6868,OUT017,2007,,Tier 2,Ahmedabad,1146.5076
FDV01,Canned,Regular,19.2,0.0,153.3314,OUT017,2007,,Tier 2,Ahmedabad,3257.7594
FDT52,Frozen Foods,Regular,9.695,0.047697859,244.6144,OUT017,2007,,Tier 2,Ahmedabad,2695.1584
FDX36,Baking Goods,Regular,9.695,0.129008866,226.9404,OUT017,2007,,Tier 2,Ahmedabad,2700.4848
FDL39,Dairy,Regular,16.1,0.063689583,181.9318,OUT017,2007,,Tier 2,Ahmedabad,5954.2494
FDW19,Fruits and Vegetables,Regular,12.35,0.038718195,110.657,OUT017,2007,,Tier 2,Ahmedabad,2087.283
FDP45,Snack Foods,Regular,15.7,0.03079807,252.9724,OUT017,2007,,Tier 2,Ahmedabad,3020.0688
FDB04,Dairy,Regular,11.35,0.06358394,89.4856,OUT017,2007,,Tier 2,Ahmedabad,1142.5128
FDR03,Meat,Regular,15.7,0.00878535,204.998,OUT017,2007,,Tier 2,Ahmedabad,5366.348
FDC59,Starchy Foods,Regular,16.7,0.054937907,64.2168,OUT017,2007,,Tier 2,Ahmedabad,1661.8368
DRB13,Soft Drinks,Regular,6.115,0.007084185,191.153,OUT017,2007,,Tier 2,Ahmedabad,3415.554
FDT32,Fruits and Vegetables,Regular,19.0,0.066005186,188.4214,OUT017,2007,,Tier 2,Ahmedabad,2826.321
FDP52,Frozen Foods,Regular,18.7,0.071091591,228.601,OUT017,2007,,Tier 2,Ahmedabad,4823.721
FDG38,Canned,Regular,8.975,0.053027398,86.0224,OUT017,2007,,Tier 2,Ahmedabad,1278.336
FDV52,Frozen Foods,Regular,20.7,0.122208091,119.7466,OUT017,2007,,Tier 2,Ahmedabad,4006.7844
FDV22,Snack Foods,Regular,14.85,0.009995002,154.463,OUT017,2007,,Tier 2,Ahmedabad,3755.112
FDR24,Baking Goods,Regular,17.35,0.063207198,89.383,OUT017,2007,,Tier 2,Ahmedabad,1258.362
FDG17,Frozen Foods,Regular,6.865,0.036042939,244.4486,OUT017,2007,,Tier 2,Ahmedabad,4153.9262
FDS44,Fruits and Vegetables,Regular,12.65,0.156926608,238.3538,OUT017,2007,,Tier 2,Ahmedabad,5528.1374
FDE56,Fruits and Vegetables,Regular,17.25,0.160095901,61.5194,OUT017,2007,,Tier 2,Ahmedabad,1052.6298
FDA40,Frozen Foods,Regular,16.0,0.099832728,87.4856,OUT017,2007,,Tier 2,Ahmedabad,263.6568
FDY38,Dairy,Regular,13.6,0.119850541,234.53,OUT017,2007,,Tier 2,Ahmedabad,6524.84
FDL03,Meat,Regular,19.25,0.027233781,197.511,OUT017,2007,,Tier 2,Ahmedabad,982.055
FDY28,Frozen Foods,Regular,7.47,0.153011599,215.2218,OUT017,2007,,Tier 2,Ahmedabad,3419.5488
FDI48,Baking Goods,Regular,11.85,0.056033565,51.4666,OUT017,2007,,Tier 2,Ahmedabad,974.0654
FDC29,Frozen Foods,Regular,8.39,0.024342578,113.6176,OUT017,2007,,Tier 2,Ahmedabad,2862.94
FDB23,Starchy Foods,Regular,19.2,0.005620213,226.6062,OUT017,2007,,Tier 2,Ahmedabad,5191.2426
FDV20,Fruits and Vegetables,Regular,20.2,0.0,129.0678,OUT017,2007,,Tier 2,Ahmedabad,3560.6984
FDS25,Canned,Regular,6.885,0.1408005,111.4228,OUT017,2007,,Tier 2,Ahmedabad,2984.1156
FDA04,Frozen Foods,Regular,11.3,0.067107448,258.1962,OUT017,2007,,Tier 2,Ahmedabad,4402.9354
FDP36,Baking Goods,Regular,10.395,0.091688111,49.0008,OUT017,2007,,Tier 2,Ahmedabad,860.2136
FDH17,Frozen Foods,Regular,16.2,0.016747538,98.6726,OUT017,2007,,Tier 2,Ahmedabad,1272.3438
FDD59,Starchy Foods,Regular,10.5,0.066555152,80.896,OUT017,2007,,Tier 2,Ahmedabad,958.752
FDM08,Fruits and Vegetables,Regular,10.1,0.053887301,225.6088,OUT017,2007,,Tier 2,Ahmedabad,4250.4672
FDK25,Breakfast,Regular,11.6,0.157718931,168.3474,OUT017,2007,,Tier 2,Ahmedabad,4548.0798
FDF11,Starchy Foods,Regular,10.195,0.017730951,239.8538,OUT017,2007,,Tier 2,Ahmedabad,4086.0146
FDG56,Fruits and Vegetables,Regular,13.3,0.071856726,63.2536,OUT017,2007,,Tier 2,Ahmedabad,1347.5792
FDN16,Frozen Foods,Regular,12.6,0.063054947,102.399,OUT017,2007,,Tier 2,Ahmedabad,2270.378
FDE36,Baking Goods,Regular,5.26,0.042008667,162.6868,OUT017,2007,,Tier 2,Ahmedabad,3767.0964
FDI02,Canned,Regular,15.7,0.11521312,112.0202,OUT017,2007,,Tier 2,Ahmedabad,3150.5656
FDV48,Baking Goods,Regular,9.195,0.051908824,78.1644,OUT017,2007,,Tier 2,Ahmedabad,1414.1592
FDM15,Meat,Regular,11.8,0.057746382,152.4366,OUT017,2007,,Tier 2,Ahmedabad,3929.5516
FDD41,Frozen Foods,Regular,6.765,0.087753682,105.3306,OUT017,2007,,Tier 2,Ahmedabad,2090.612
FDW51,Meat,Regular,6.155,0.095195306,213.956,OUT017,2007,,Tier 2,Ahmedabad,2343.616
FDH40,Frozen Foods,Regular,11.6,0.079376029,81.7276,OUT017,2007,,Tier 2,Ahmedabad,1949.4624
FDQ49,Breakfast,Regular,20.2,0.039469737,155.163,OUT017,2007,,Tier 2,Ahmedabad,782.315
DRC01,Soft Drinks,Regular,5.92,0.019308607,49.0692,OUT017,2007,,Tier 2,Ahmedabad,1478.076
FDV10,Snack Foods,Regular,7.645,0.067083367,44.0112,OUT017,2007,,Tier 2,Ahmedabad,596.5568
FDK26,Canned,Regular,5.46,0.032359413,187.424,OUT017,2007,,Tier 2,Ahmedabad,3169.208
FDY11,Baking Goods,Regular,6.71,0.029727657,66.6142,OUT017,2007,,Tier 2,Ahmedabad,1120.5414
FDJ27,Meat,Regular,17.7,0.122565413,103.8674,OUT017,2007,,Tier 2,Ahmedabad,1528.011
FDC21,Fruits and Vegetables,Regular,14.6,0.043201813,110.1254,OUT017,2007,,Tier 2,Ahmedabad,1844.9318
FDA28,Frozen Foods,Regular,16.1,0.04807227,126.5362,OUT017,2007,,Tier 2,Ahmedabad,1761.7068
FDQ40,Frozen Foods,Regular,11.1,0.03623131,175.0712,OUT017,2007,,Tier 2,Ahmedabad,3339.6528
FDX49,Canned,Regular,4.615,0.102407778,234.33,OUT017,2007,,Tier 2,Ahmedabad,3961.51
FDU24,Baking Goods,Regular,6.78,0.140955857,92.212,OUT017,2007,,Tier 2,Ahmedabad,4101.328
FDZ47,Baking Goods,Regular,20.7,0.0,98.7042,OUT017,2007,,Tier 2,Ahmedabad,1884.8798
FDF56,Fruits and Vegetables,Regular,16.7,0.120137953,181.2976,OUT017,2007,,Tier 2,Ahmedabad,3078.6592
FDZ35,Breads,Regular,9.6,0.022404493,102.499,OUT017,2007,,Tier 2,Ahmedabad,2579.975
FDS28,Frozen Foods,Regular,8.18,0.082867689,58.5588,OUT017,2007,,Tier 2,Ahmedabad,171.7764
FDA27,Dairy,Regular,20.35,0.031102571,257.2672,OUT017,2007,,Tier 2,Ahmedabad,2045.3376
FDP31,Fruits and Vegetables,Regular,21.1,0.162418495,64.9168,OUT017,2007,,Tier 2,Ahmedabad,639.168
FDQ08,Fruits and Vegetables,Regular,15.7,0.01903743,60.5536,OUT017,2007,,Tier 2,Ahmedabad,490.0288
FDW39,Meat,Regular,6.69,0.0,176.937,OUT017,2007,,Tier 2,Ahmedabad,4234.488
FDZ13,Canned,Regular,7.84,0.154363209,50.835,OUT017,2007,,Tier 2,Ahmedabad,599.22
FDS16,Frozen Foods,Regular,15.15,0.066551268,144.676,OUT017,2007,,Tier 2,Ahmedabad,3954.852
FDD44,Fruits and Vegetables,Regular,8.05,0.07884393,257.0646,OUT017,2007,,Tier 2,Ahmedabad,8760.5964
FDO45,Snack Foods,Regular,13.15,0.038167453,89.4856,OUT017,2007,,Tier 2,Ahmedabad,1230.3984
FDU20,Fruits and Vegetables,Regular,19.35,0.021578923,120.5098,OUT017,2007,,Tier 2,Ahmedabad,1807.647
FDT07,Fruits and Vegetables,Regular,5.82,0.077756427,254.533,OUT017,2007,,Tier 2,Ahmedabad,1281.665
FDZ26,Dairy,Regular,11.6,0.144832027,239.8222,OUT017,2007,,Tier 2,Ahmedabad,4063.3774
FDU44,Fruits and Vegetables,Regular,12.15,0.058756205,161.0552,OUT017,2007,,Tier 2,Ahmedabad,3411.5592
FDA35,Baking Goods,Regular,14.85,0.054142088,124.1072,OUT017,2007,,Tier 2,Ahmedabad,1837.608
FDF45,Fruits and Vegetables,Regular,18.2,0.012273747,60.0904,OUT017,2007,,Tier 2,Ahmedabad,1113.2176
FDL13,Breakfast,Regular,13.85,0.056637129,233.83,OUT017,2007,,Tier 2,Ahmedabad,2796.36
DRC13,Soft Drinks,Regular,8.26,0.032625074,124.673,OUT017,2007,,Tier 2,Ahmedabad,1847.595
FDB35,Starchy Foods,Regular,12.3,0.064984487,92.5804,OUT017,2007,,Tier 2,Ahmedabad,2297.01
FDN34,Snack Foods,Regular,15.6,0.046023105,169.2132,OUT017,2007,,Tier 2,Ahmedabad,2536.698
FDI12,Baking Goods,Regular,9.395,0.100966837,86.8856,OUT017,2007,,Tier 2,Ahmedabad,2548.6824
FDO52,Frozen Foods,Regular,11.6,0.07760107,171.0106,OUT017,2007,,Tier 2,Ahmedabad,3079.9908
FDG12,Baking Goods,Regular,6.635,0.00636189,121.1098,OUT017,2007,,Tier 2,Ahmedabad,2651.2156
FDZ57,Snack Foods,Regular,10.0,0.037977917,128.6994,OUT017,2007,,Tier 2,Ahmedabad,642.497
FDI38,Canned,Regular,13.35,0.0,206.9638,OUT017,2007,,Tier 2,Ahmedabad,7247.233
FDR19,Fruits and Vegetables,Regular,13.5,0.160624116,147.0102,OUT017,2007,,Tier 2,Ahmedabad,2770.3938
FDR28,Frozen Foods,Regular,13.85,0.026042966,161.221,OUT017,2007,,Tier 2,Ahmedabad,1794.331
FDZ08,Fruits and Vegetables,Regular,12.5,0.110614538,80.6592,OUT017,2007,,Tier 2,Ahmedabad,1651.184
FDN46,Snack Foods,Regular,7.21,0.0,103.1332,OUT017,2007,,Tier 2,Ahmedabad,3281.0624
FDX04,Frozen Foods,Regular,19.6,0.041806702,48.8376,OUT017,2007,,Tier 2,Ahmedabad,527.3136
FDI53,Frozen Foods,Regular,8.895,0.13842353,163.0236,OUT017,2007,,Tier 2,Ahmedabad,1127.8652
FDV16,Frozen Foods,Regular,7.75,0.083399788,34.5558,OUT017,2007,,Tier 2,Ahmedabad,441.4254
FDT39,Meat,Regular,6.26,0.009923732,152.8366,OUT017,2007,,Tier 2,Ahmedabad,3778.415
FDS46,Snack Foods,Regular,17.6,0.047524635,118.2782,OUT017,2007,,Tier 2,Ahmedabad,715.0692
FDM24,Baking Goods,Regular,6.135,0.079776075,152.8366,OUT017,2007,,Tier 2,Ahmedabad,1964.7758
FDY12,Baking Goods,Regular,9.8,0.141406394,50.0008,OUT017,2007,,Tier 2,Ahmedabad,506.008
FDT11,Breads,Regular,5.94,0.029538509,189.4556,OUT017,2007,,Tier 2,Ahmedabad,1877.556
FDQ36,Baking Goods,Regular,7.855,0.162461219,39.2848,OUT017,2007,,Tier 2,Ahmedabad,857.5504
FDT55,Fruits and Vegetables,Regular,13.6,0.043902087,157.0946,OUT017,2007,,Tier 2,Ahmedabad,5522.811
FDY33,Snack Foods,Regular,14.5,0.097750937,159.7262,OUT017,2007,,Tier 2,Ahmedabad,5728.5432
FDR56,Fruits and Vegetables,Regular,15.5,0.101335811,196.5768,OUT017,2007,,Tier 2,Ahmedabad,3350.3056
FDF21,Fruits and Vegetables,Regular,10.3,0.059160135,191.553,OUT017,2007,,Tier 2,Ahmedabad,6641.355
FDC14,Canned,Regular,14.5,0.041482394,40.0454,OUT017,2007,,Tier 2,Ahmedabad,209.727
FDV44,Fruits and Vegetables,Regular,8.365,0.040069806,190.7188,OUT017,2007,,Tier 2,Ahmedabad,1904.188
FDA08,Fruits and Vegetables,Regular,11.85,0.050368454,163.8526,OUT017,2007,,Tier 2,Ahmedabad,1808.9786
FDP03,Meat,Regular,5.15,0.0,122.9388,OUT017,2007,,Tier 2,Ahmedabad,2105.2596
FDN04,Frozen Foods,Regular,11.8,0.014166739,178.2344,OUT017,2007,,Tier 2,Ahmedabad,2854.9504
FDJ38,Canned,Regular,8.6,0.040432954,191.653,OUT017,2007,,Tier 2,Ahmedabad,3795.06
FDW52,Frozen Foods,Regular,14.0,0.037734782,166.4526,OUT017,2007,,Tier 2,Ahmedabad,4769.1254
FDN56,Fruits and Vegetables,Regular,5.46,0.107662745,143.8786,OUT017,2007,,Tier 2,Ahmedabad,4334.358
FDI08,Fruits and Vegetables,Regular,18.2,0.066672058,248.1092,OUT017,2007,,Tier 2,Ahmedabad,4233.1564
FDO46,Snack Foods,Regular,9.6,0.0,191.0872,OUT017,2007,,Tier 2,Ahmedabad,4349.0056
FDJ44,Fruits and Vegetables,Regular,12.3,0.106928681,173.7396,OUT017,2007,,Tier 2,Ahmedabad,3663.2316
FDC10,Snack Foods,Regular,9.8,0.073289899,120.8098,OUT017,2007,,Tier 2,Ahmedabad,1325.6078
FDR25,Canned,Regular,17.0,0.140311123,265.6884,OUT017,2007,,Tier 2,Ahmedabad,2649.884
DRD01,Soft Drinks,Regular,12.1,0.061521569,55.8614,OUT017,2007,,Tier 2,Ahmedabad,1436.7964
FDB58,Snack Foods,Regular,10.5,0.013572808,143.2154,OUT017,2007,,Tier 2,Ahmedabad,1559.9694
FDI40,Frozen Foods,Regular,11.5,0.126313413,100.6358,OUT017,2007,,Tier 2,Ahmedabad,2010.716
FDH28,Frozen Foods,Regular,15.85,0.110653377,36.9506,OUT017,2007,,Tier 2,Ahmedabad,759.012
FDT12,Baking Goods,Regular,6.215,0.049902382,225.8062,OUT017,2007,,Tier 2,Ahmedabad,3159.8868
FDY04,Frozen Foods,Regular,17.7,0.042716709,163.221,OUT017,2007,,Tier 2,Ahmedabad,1794.331
FDX52,Frozen Foods,Regular,11.5,0.04224015,194.982,OUT017,2007,,Tier 2,Ahmedabad,3089.312
FDT35,Breads,Regular,19.85,0.081916124,167.6816,OUT017,2007,,Tier 2,Ahmedabad,1845.5976
FDR59,Breads,Regular,14.5,0.064224789,262.7594,OUT017,2007,,Tier 2,Ahmedabad,7064.8038
FDC51,Dairy,Regular,10.895,0.009676286,122.873,OUT017,2007,,Tier 2,Ahmedabad,3448.844
FDI34,Snack Foods,Regular,10.65,0.085617517,229.3668,OUT017,2007,,Tier 2,Ahmedabad,2303.668
FDX47,Breads,Regular,6.55,0.034800079,157.5288,OUT017,2007,,Tier 2,Ahmedabad,1571.288
FDH04,Frozen Foods,Regular,6.115,0.011437302,92.4488,OUT017,2007,,Tier 2,Ahmedabad,1358.232
FDS33,Snack Foods,Regular,6.67,0.124126756,88.9514,OUT017,2007,,Tier 2,Ahmedabad,2125.2336
DRZ11,Soft Drinks,Regular,8.85,0.113302223,125.1388,OUT017,2007,,Tier 2,Ahmedabad,1114.5492
FDH44,Fruits and Vegetables,Regular,19.1,0.026018497,148.2418,OUT017,2007,,Tier 2,Ahmedabad,3089.9778
FDZ02,Dairy,Regular,6.905,0.038363204,98.1726,OUT017,2007,,Tier 2,Ahmedabad,587.2356
FDU15,Meat,Regular,13.65,0.0,36.6532,OUT017,2007,,Tier 2,Ahmedabad,755.0172
FDE05,Frozen Foods,Regular,10.895,0.03263762,147.7102,OUT017,2007,,Tier 2,Ahmedabad,1895.5326
FDS19,Fruits and Vegetables,Regular,13.8,0.06457046,76.2012,OUT017,2007,,Tier 2,Ahmedabad,1669.8264
FDG09,Fruits and Vegetables,Regular,20.6,0.048207431,188.0556,OUT017,2007,,Tier 2,Ahmedabad,2065.3116
FDX35,Breads,Regular,5.035,0.080362549,229.0036,OUT017,2007,,Tier 2,Ahmedabad,4326.3684
FDA09,Snack Foods,Regular,13.35,0.15021128,179.066,OUT017,2007,,Tier 2,Ahmedabad,2696.49
FDW26,Dairy,Regular,11.8,0.107662745,224.1772,OUT017,2007,,Tier 2,Ahmedabad,2890.9036
FDW43,Fruits and Vegetables,Regular,20.1,0.022552083,226.6036,OUT017,2007,,Tier 2,Ahmedabad,6831.108
FDU19,Fruits and Vegetables,Regular,8.77,0.047036036,170.5422,OUT017,2007,,Tier 2,Ahmedabad,2759.0752
FDQ48,Baking Goods,Regular,14.3,0.034605882,95.9726,OUT017,2007,,Tier 2,Ahmedabad,2153.1972
FDQ51,Meat,Regular,16.0,0.0,48.1718,OUT017,2007,,Tier 2,Ahmedabad,756.3488
FDV60,Baking Goods,Regular,20.2,0.118025091,195.811,OUT017,2007,,Tier 2,Ahmedabad,2553.343
FDT09,Snack Foods,Regular,15.15,0.012332667,130.0284,OUT017,2007,,Tier 2,Ahmedabad,3559.3668
FDH02,Canned,Regular,7.27,0.020898691,92.2488,OUT017,2007,,Tier 2,Ahmedabad,814.9392
FDE10,Snack Foods,Regular,6.67,0.090456903,131.2626,OUT017,2007,,Tier 2,Ahmedabad,2098.6016
FDS56,Fruits and Vegetables,Regular,5.785,0.038976089,264.2252,OUT017,2007,,Tier 2,Ahmedabad,3934.878
FDC03,Dairy,Regular,8.575,0.072252888,196.5794,OUT017,2007,,Tier 2,Ahmedabad,5267.1438
FDP08,Fruits and Vegetables,Regular,20.5,0.113045883,194.1478,OUT017,2007,,Tier 2,Ahmedabad,2906.217
FDK03,Dairy,Regular,12.6,0.074338562,255.5356,OUT017,2007,,Tier 2,Ahmedabad,9664.7528
FDS02,Dairy,Regular,10.195,0.146692433,194.5794,OUT017,2007,,Tier 2,Ahmedabad,4096.6674
FDJ21,Snack Foods,Regular,16.7,0.03874616,143.8102,OUT017,2007,,Tier 2,Ahmedabad,4811.7366
FDW44,Fruits and Vegetables,Regular,9.5,0.035350045,169.7448,OUT017,2007,,Tier 2,Ahmedabad,3579.3408
FDV27,Meat,Regular,7.97,0.04021623,90.4514,OUT017,2007,,Tier 2,Ahmedabad,1328.271
FDI05,Frozen Foods,Regular,8.35,0.127587344,76.5354,OUT017,2007,,Tier 2,Ahmedabad,1805.6496
FDJ12,Baking Goods,Regular,8.895,0.039261947,207.4296,OUT017,2007,,Tier 2,Ahmedabad,2492.7552
FDX32,Fruits and Vegetables,Regular,15.1,0.100423086,144.7786,OUT017,2007,,Tier 2,Ahmedabad,2600.6148
FDI58,Snack Foods,Regular,7.64,0.071104408,95.012,OUT017,2007,,Tier 2,Ahmedabad,1864.24
FDN39,Meat,Regular,19.35,0.065890998,167.0816,OUT017,2007,,Tier 2,Ahmedabad,1510.0344
FDS34,Snack Foods,Regular,19.35,0.077193256,112.7518,OUT017,2007,,Tier 2,Ahmedabad,683.1108
FDU51,Meat,Regular,20.2,0.097059596,178.6028,OUT017,2007,,Tier 2,Ahmedabad,2302.3364
FDJ02,Canned,Regular,17.2,0.025309134,147.0418,OUT017,2007,,Tier 2,Ahmedabad,2354.2688
FDE17,Frozen Foods,Regular,20.1,0.054763518,150.9366,OUT017,2007,,Tier 2,Ahmedabad,3476.1418
FDH52,Frozen Foods,Regular,9.42,0.044151435,61.5194,OUT017,2007,,Tier 2,Ahmedabad,866.8716
FDV28,Frozen Foods,Regular,16.1,0.0,35.1558,OUT017,2007,,Tier 2,Ahmedabad,339.558
FDF34,Snack Foods,Regular,9.3,0.014098693,197.7084,OUT017,2007,,Tier 2,Ahmedabad,3372.9428
FDU27,Meat,Regular,18.6,0.172446822,47.1376,OUT017,2007,,Tier 2,Ahmedabad,767.0016
FDA01,Canned,Regular,15.0,0.054685839,60.2904,OUT017,2007,,Tier 2,Ahmedabad,1581.9408
FDM45,Snack Foods,Regular,8.655,0.088693595,122.5756,OUT017,2007,,Tier 2,Ahmedabad,2181.1608
DRC36,Soft Drinks,Regular,13.0,0.045239326,174.1054,OUT017,2007,,Tier 2,Ahmedabad,4377.635
FDS45,Snack Foods,Regular,5.175,0.029662795,105.2622,OUT017,2007,,Tier 2,Ahmedabad,2328.9684
FDE51,Dairy,Regular,5.925,0.097012989,42.9086,OUT017,2007,,Tier 2,Ahmedabad,758.3462
FDK20,Fruits and Vegetables,Regular,12.6,0.04179272,122.0072,OUT017,2007,,Tier 2,Ahmedabad,1347.5792
FDE40,Dairy,Regular,15.6,0.099704558,63.1194,OUT017,2007,,Tier 2,Ahmedabad,1300.3074
FDS32,Fruits and Vegetables,Regular,17.75,0.029821648,139.9838,OUT017,2007,,Tier 2,Ahmedabad,1123.8704
DRA59,Soft Drinks,Regular,8.27,0.0,183.2924,OUT017,2007,,Tier 2,Ahmedabad,2406.2012
FDM36,Baking Goods,Regular,11.65,0.059063036,172.0422,OUT017,2007,,Tier 2,Ahmedabad,1379.5376
FDY40,Frozen Foods,Regular,15.5,0.086320509,48.1692,OUT017,2007,,Tier 2,Ahmedabad,985.384
FDG58,Snack Foods,Regular,10.695,0.087272074,153.7972,OUT017,2007,,Tier 2,Ahmedabad,2025.3636
FDZ36,Baking Goods,Regular,6.035,0.066155883,184.424,OUT017,2007,,Tier 2,Ahmedabad,4660.6
FDR01,Canned,Regular,5.405,0.053924587,198.2742,OUT017,2007,,Tier 2,Ahmedabad,4379.6324
FDR51,Meat,Regular,9.035,0.174450933,151.0708,OUT017,2007,,Tier 2,Ahmedabad,2708.4744
FDZ14,Dairy,Regular,7.71,0.047857877,119.7756,OUT017,2007,,Tier 2,Ahmedabad,3029.39
FDQ28,Frozen Foods,Regular,14.0,0.060768862,154.8656,OUT017,2007,,Tier 2,Ahmedabad,1390.1904
FDP01,Breakfast,Regular,20.75,0.063684145,151.7682,OUT017,2007,,Tier 2,Ahmedabad,1372.2138
FDR15,Meat,Regular,9.3,0.03362713,156.1314,OUT017,2007,,Tier 2,Ahmedabad,620.5256
FDZ21,Snack Foods,Regular,17.6,0.039443715,95.841,OUT017,2007,,Tier 2,Ahmedabad,1641.197
FDG08,Fruits and Vegetables,Regular,13.15,0.0,171.9764,OUT017,2007,,Tier 2,Ahmedabad,2404.8696
FDR52,Frozen Foods,Regular,12.65,0.076474728,191.8846,OUT017,2007,,Tier 2,Ahmedabad,1146.5076
FDU26,Dairy,Regular,16.7,0.042860026,120.3782,OUT017,2007,,Tier 2,Ahmedabad,1668.4948
FDG33,Seafood,Regular,5.365,0.141033536,173.6764,OUT017,2007,,Tier 2,Ahmedabad,858.882
FDW07,Fruits and Vegetables,Regular,18.0,0.143495952,88.7514,OUT017,2007,,Tier 2,Ahmedabad,1062.6168
FDE20,Fruits and Vegetables,Regular,11.35,0.005561798,168.379,OUT017,2007,,Tier 2,Ahmedabad,3225.801
FDH60,Baking Goods,Regular,19.7,0.081193712,198.411,OUT017,2007,,Tier 2,Ahmedabad,2553.343
FDB29,Frozen Foods,Regular,16.7,0.052708138,114.7176,OUT017,2007,,Tier 2,Ahmedabad,2404.8696
FDF26,Canned,Regular,6.825,0.046898544,153.7998,OUT017,2007,,Tier 2,Ahmedabad,922.7988
FDZ50,Dairy,Regular,12.8,0.079523619,181.7608,OUT017,2007,,Tier 2,Ahmedabad,4961.5416
FDS04,Frozen Foods,Regular,10.195,0.147492524,141.5838,OUT017,2007,,Tier 2,Ahmedabad,1685.8056
FDL50,Canned,Regular,12.15,0.042552418,123.5046,OUT017,2007,,Tier 2,Ahmedabad,1743.0644
FDO21,Snack Foods,Regular,11.6,0.009818244,223.1404,OUT017,2007,,Tier 2,Ahmedabad,5175.9292
FDZ28,Frozen Foods,Regular,20.0,0.051783761,125.8678,OUT017,2007,,Tier 2,Ahmedabad,3433.5306
FDN08,Fruits and Vegetables,Regular,7.72,0.088864488,119.3466,OUT017,2007,,Tier 2,Ahmedabad,3064.0116
FDW57,Snack Foods,Regular,8.31,0.116331694,176.9028,OUT017,2007,,Tier 2,Ahmedabad,3010.7476
FDO08,Fruits and Vegetables,Regular,11.1,0.054079556,165.9526,OUT017,2007,,Tier 2,Ahmedabad,2631.2416
FDM58,Snack Foods,Regular,16.85,0.080141165,111.4544,OUT017,2007,,Tier 2,Ahmedabad,2013.3792
FDN28,Frozen Foods,Regular,5.88,0.030418998,103.099,OUT017,2007,,Tier 2,Ahmedabad,1341.587
FDK10,Snack Foods,Regular,5.785,0.040587146,180.366,OUT017,2007,,Tier 2,Ahmedabad,1258.362
FDY15,Dairy,Regular,18.25,0.17179432,154.663,OUT017,2007,,Tier 2,Ahmedabad,2659.871
DRM49,Soft Drinks,Regular,6.11,0.152813518,45.6086,OUT017,2007,,Tier 2,Ahmedabad,1025.9978
FDV12,Baking Goods,Regular,16.7,0.06121901,100.0384,OUT017,2007,,Tier 2,Ahmedabad,1970.768
FDH14,Canned,Regular,17.1,0.047073322,138.6838,OUT017,2007,,Tier 2,Ahmedabad,2950.1598
FDR12,Baking Goods,Regular,12.6,0.031713126,172.5764,OUT017,2007,,Tier 2,Ahmedabad,1030.6584
FDV19,Fruits and Vegetables,Regular,14.85,0.035456465,162.2578,OUT017,2007,,Tier 2,Ahmedabad,3690.5294
FDJ34,Snack Foods,Regular,11.8,0.094185483,126.2704,OUT017,2007,,Tier 2,Ahmedabad,2002.7264
FDI07,Meat,Regular,12.35,0.033951827,197.2426,OUT017,2007,,Tier 2,Ahmedabad,2966.139
FDM60,Baking Goods,Regular,10.8,0.0,40.7138,OUT017,2007,,Tier 2,Ahmedabad,406.138
FDU03,Meat,Regular,18.7,0.092095924,183.3292,OUT017,2007,,Tier 2,Ahmedabad,2006.7212
FDB36,Baking Goods,Regular,5.465,0.048801674,132.1626,OUT017,2007,,Tier 2,Ahmedabad,1573.9512
FDJ60,Baking Goods,Regular,19.35,0.062882112,164.1184,OUT017,2007,,Tier 2,Ahmedabad,2807.0128
FDI27,Dairy,Regular,8.71,0.0,43.5744,OUT017,2007,,Tier 2,Ahmedabad,498.0184
FDN22,Snack Foods,Regular,18.85,0.139087683,251.7724,OUT017,2007,,Tier 2,Ahmedabad,3020.0688
FDM51,Meat,Regular,11.8,0.026072872,99.8674,OUT017,2007,,Tier 2,Ahmedabad,1018.674
FDO10,Snack Foods,Regular,13.65,0.012823829,55.5588,OUT017,2007,,Tier 2,Ahmedabad,916.1408
FDQ01,Canned,Regular,19.7,0.161610636,255.2014,OUT017,2007,,Tier 2,Ahmedabad,3570.0196
FDZ51,Meat,Regular,11.3,0.054861393,96.9094,OUT017,2007,,Tier 2,Ahmedabad,952.094
FDH50,Canned,Regular,15.0,0.162348584,185.9266,OUT017,2007,,Tier 2,Ahmedabad,4610.665
FDG34,Snack Foods,Regular,11.5,0.037782943,106.6254,OUT017,2007,,Tier 2,Ahmedabad,325.5762
FDD10,Snack Foods,Regular,20.6,0.046280998,177.4344,OUT017,2007,,Tier 2,Ahmedabad,1962.7784
FDS11,Breads,Regular,7.05,0.05587277,222.1088,OUT017,2007,,Tier 2,Ahmedabad,4026.7584
FDO19,Fruits and Vegetables,Regular,17.7,0.0,46.8034,OUT017,2007,,Tier 2,Ahmedabad,923.4646
FDQ26,Dairy,Regular,13.5,0.068256316,60.9562,OUT017,2007,,Tier 2,Ahmedabad,533.3058
FDC16,Dairy,Regular,11.5,0.020686161,85.054,OUT017,2007,,Tier 2,Ahmedabad,1731.08
FDX31,Fruits and Vegetables,Regular,20.35,0.014909465,232.3958,OUT017,2007,,Tier 2,Ahmedabad,6076.0908
FDM12,Baking Goods,Regular,16.7,0.070312473,189.6214,OUT017,2007,,Tier 2,Ahmedabad,2826.321
FDD21,Fruits and Vegetables,Regular,10.3,0.0,115.7176,OUT017,2007,,Tier 2,Ahmedabad,1717.764
FDM04,Frozen Foods,Regular,9.195,0.047387144,50.8666,OUT017,2007,,Tier 2,Ahmedabad,871.5322
FDR34,Snack Foods,Regular,17.0,0.016055615,228.4352,OUT017,2007,,Tier 2,Ahmedabad,8245.2672
DRY23,Soft Drinks,Regular,9.395,0.109713464,41.3112,OUT017,2007,,Tier 2,Ahmedabad,255.6672
FDW09,Snack Foods,Regular,13.65,0.026067434,78.8302,OUT017,2007,,Tier 2,Ahmedabad,713.0718
FDR44,Fruits and Vegetables,Regular,6.11,0.103503049,129.6968,OUT017,2007,,Tier 2,Ahmedabad,1174.4712
FDW12,Baking Goods,Regular,8.315,0.035773394,144.3444,OUT017,2007,,Tier 2,Ahmedabad,3483.4656
FDA25,Canned,Regular,16.5,0.068511103,103.699,OUT017,2007,,Tier 2,Ahmedabad,1651.184
FDP22,Snack Foods,Regular,14.65,0.099692906,50.9666,OUT017,2007,,Tier 2,Ahmedabad,717.7324
FDD56,Fruits and Vegetables,Regular,15.2,0.104365283,177.1054,OUT017,2007,,Tier 2,Ahmedabad,3151.8972
FDE23,Starchy Foods,Regular,17.6,0.053481818,47.806,OUT017,2007,,Tier 2,Ahmedabad,1071.938
FDS09,Snack Foods,Regular,8.895,0.08154715,49.8008,OUT017,2007,,Tier 2,Ahmedabad,759.012
FDM57,Snack Foods,Regular,11.65,0.076278201,85.1908,OUT017,2007,,Tier 2,Ahmedabad,671.1264
FDS27,Meat,Regular,10.195,0.012528611,195.111,OUT017,2007,,Tier 2,Ahmedabad,3731.809
FDX57,Snack Foods,Regular,17.25,0.047533568,96.9068,OUT017,2007,,Tier 2,Ahmedabad,1458.102
FDO20,Fruits and Vegetables,Regular,12.85,0.152988295,253.7382,OUT017,2007,,Tier 2,Ahmedabad,2271.0438
FDP12,Baking Goods,Regular,9.8,0.045522854,35.0874,OUT017,2007,,Tier 2,Ahmedabad,352.874
FDR22,Snack Foods,Regular,19.35,0.018667601,112.9544,OUT017,2007,,Tier 2,Ahmedabad,2908.2144
FDA47,Baking Goods,Regular,10.5,0.11733375,164.121,OUT017,2007,,Tier 2,Ahmedabad,2773.057
FDQ47,Breads,Regular,7.155,0.169137707,35.2874,OUT017,2007,,Tier 2,Ahmedabad,388.1614
FDY49,Canned,Regular,17.2,0.012080016,164.4184,OUT017,2007,,Tier 2,Ahmedabad,2641.8944
FDO15,Meat,Regular,16.75,0.008615,72.4038,OUT017,2007,,Tier 2,Ahmedabad,739.038
FDM25,Breakfast,Regular,10.695,0.061008889,177.5712,OUT017,2007,,Tier 2,Ahmedabad,2636.568
FDU21,Snack Foods,Regular,11.8,0.077154417,35.7558,OUT017,2007,,Tier 2,Ahmedabad,577.2486
FDU01,Canned,Regular,20.25,0.012063121,183.5924,OUT017,2007,,Tier 2,Ahmedabad,2406.2012
FDV57,Snack Foods,Regular,15.25,0.066269294,179.666,OUT017,2007,,Tier 2,Ahmedabad,6471.576
FDO31,Fruits and Vegetables,Regular,6.76,0.02914662,79.296,OUT017,2007,,Tier 2,Ahmedabad,1118.544
FDH20,Fruits and Vegetables,Regular,16.1,0.0,98.441,OUT017,2007,,Tier 2,Ahmedabad,868.869
FDJ58,Snack Foods,Regular,15.6,0.10589167,172.6764,OUT017,2007,,Tier 2,Ahmedabad,2920.1988
FDH53,Frozen Foods,Regular,20.5,0.0,83.2592,OUT017,2007,,Tier 2,Ahmedabad,1155.8288
DRB48,Soft Drinks,Regular,16.75,0.024994069,37.4822,OUT017,2007,,Tier 2,Ahmedabad,549.9508
FDW38,Dairy,Regular,5.325,0.139464425,53.2298,OUT017,2007,,Tier 2,Ahmedabad,1240.3854
FDJ15,Dairy,Regular,11.35,0.023454399,181.9608,OUT017,2007,,Tier 2,Ahmedabad,1653.8472
FDG22,Snack Foods,Regular,17.6,0.041615224,37.219,OUT017,2007,,Tier 2,Ahmedabad,366.19
FDG41,Frozen Foods,Regular,8.84,0.076995176,112.0228,OUT017,2007,,Tier 2,Ahmedabad,1215.7508
FDS36,Baking Goods,Regular,8.38,0.047152554,110.157,OUT017,2007,,Tier 2,Ahmedabad,3185.853
FDY20,Fruits and Vegetables,Regular,12.5,0.082215187,91.4488,OUT017,2007,,Tier 2,Ahmedabad,1086.5856
FDU46,Snack Foods,Regular,10.3,0.011189235,86.654,OUT017,2007,,Tier 2,Ahmedabad,2423.512
FDD38,Canned,Regular,16.75,0.008238064,101.9674,OUT017,2007,,Tier 2,Ahmedabad,1528.011
FDX48,Baking Goods,Regular,17.75,0.038102203,154.0656,OUT017,2007,,Tier 2,Ahmedabad,1390.1904
FDM02,Canned,Regular,12.5,0.074152133,88.6198,OUT017,2007,,Tier 2,Ahmedabad,1395.5168
FDP48,Baking Goods,Regular,7.52,0.044272226,181.395,OUT017,2007,,Tier 2,Ahmedabad,2563.33
FDC05,Frozen Foods,Regular,13.1,0.099343352,198.1768,OUT017,2007,,Tier 2,Ahmedabad,1970.768
FDP21,Snack Foods,Regular,7.42,0.025886443,189.1872,OUT017,2007,,Tier 2,Ahmedabad,4727.18
FDJ57,Seafood,Regular,7.42,0.021695674,185.3582,OUT017,2007,,Tier 2,Ahmedabad,3715.164
FDW21,Snack Foods,Regular,5.34,0.005997615,100.4358,OUT017,2007,,Tier 2,Ahmedabad,1508.037
FDV10,Snack Foods,Regular,7.645,0.066693437,42.3112,OUT035,2004,Small,Tier 2,Ahmedabad,1065.28
FDB56,Fruits and Vegetables,Regular,8.75,0.07461309,187.4556,OUT035,2004,Small,Tier 2,Ahmedabad,3755.112
FDJ38,Canned,Regular,8.6,0.040197932,190.153,OUT035,2004,Small,Tier 2,Ahmedabad,3036.048
FDI16,Frozen Foods,Regular,14.0,0.0,53.064,OUT035,2004,Small,Tier 2,Ahmedabad,905.488
FDE36,Baking Goods,Regular,5.26,0.041764487,161.8868,OUT035,2004,Small,Tier 2,Ahmedabad,3275.736
FDU44,Fruits and Vegetables,Regular,12.15,0.058414678,163.4552,OUT035,2004,Small,Tier 2,Ahmedabad,974.7312
FDT39,Meat,Regular,6.26,0.009866049,151.1366,OUT035,2004,Small,Tier 2,Ahmedabad,2267.049
FDB57,Fruits and Vegetables,Regular,20.25,0.018801549,222.1772,OUT035,2004,Small,Tier 2,Ahmedabad,5559.43
FDD40,Dairy,Regular,20.25,0.014790559,193.6162,OUT035,2004,Small,Tier 2,Ahmedabad,3848.324
FDD44,Fruits and Vegetables,Regular,8.05,0.07838564,256.4646,OUT035,2004,Small,Tier 2,Ahmedabad,5153.292
FDY28,Frozen Foods,Regular,7.47,0.0,214.3218,OUT035,2004,Small,Tier 2,Ahmedabad,4274.436
FDF11,Starchy Foods,Regular,10.195,0.017627888,239.6538,OUT035,2004,Small,Tier 2,Ahmedabad,2403.538
FDA40,Frozen Foods,Regular,16.0,0.099252438,87.4856,OUT035,2004,Small,Tier 2,Ahmedabad,1054.6272
FDU21,Snack Foods,Regular,11.8,0.076705948,34.7558,OUT035,2004,Small,Tier 2,Ahmedabad,780.9834
FDX22,Snack Foods,Regular,6.785,0.022970468,211.0928,OUT035,2004,Small,Tier 2,Ahmedabad,4418.2488
FDQ48,Baking Goods,Regular,14.3,0.034404732,98.1726,OUT035,2004,Small,Tier 2,Ahmedabad,489.363
FDM01,Breakfast,Regular,7.895,0.0945493,102.6332,OUT035,2004,Small,Tier 2,Ahmedabad,1640.5312
FDF53,Frozen Foods,Regular,20.75,0.083590755,182.2318,OUT035,2004,Small,Tier 2,Ahmedabad,3067.3406
FDG09,Fruits and Vegetables,Regular,20.6,0.04792722,185.9556,OUT035,2004,Small,Tier 2,Ahmedabad,4318.3788
FDV37,Canned,Regular,13.0,0.083498083,199.4426,OUT035,2004,Small,Tier 2,Ahmedabad,593.2278
FDA03,Dairy,Regular,18.5,0.0,144.2102,OUT035,2004,Small,Tier 2,Ahmedabad,2041.3428
FDA01,Canned,Regular,15.0,0.054367971,58.5904,OUT035,2004,Small,Tier 2,Ahmedabad,996.0368
FDG08,Fruits and Vegetables,Regular,13.15,0.165328057,170.6764,OUT035,2004,Small,Tier 2,Ahmedabad,3435.528
FDK26,Canned,Regular,5.46,0.03217132,184.824,OUT035,2004,Small,Tier 2,Ahmedabad,4287.752
FDP03,Meat,Regular,5.15,0.061165512,125.6388,OUT035,2004,Small,Tier 2,Ahmedabad,2848.2924
FDN23,Breads,Regular,6.575,0.07549348,143.5444,OUT035,2004,Small,Tier 2,Ahmedabad,3338.3212
FDV12,Baking Goods,Regular,16.7,0.060863167,97.6384,OUT035,2004,Small,Tier 2,Ahmedabad,2857.6136
FDQ31,Fruits and Vegetables,Regular,5.785,0.0,87.1856,OUT035,2004,Small,Tier 2,Ahmedabad,1406.1696
FDS27,Meat,Regular,10.195,0.012455787,197.511,OUT035,2004,Small,Tier 2,Ahmedabad,2356.932
FDJ57,Seafood,Regular,7.42,0.021569566,184.8582,OUT035,2004,Small,Tier 2,Ahmedabad,4643.955
FDR57,Snack Foods,Regular,5.675,0.023492524,155.5288,OUT035,2004,Small,Tier 2,Ahmedabad,1414.1592
FDR20,Fruits and Vegetables,Regular,20.0,0.028118435,46.7744,OUT035,2004,Small,Tier 2,Ahmedabad,1222.4088
FDJ33,Snack Foods,Regular,8.895,0.088305478,123.473,OUT035,2004,Small,Tier 2,Ahmedabad,1478.076
FDZ39,Meat,Regular,19.7,0.018021361,101.199,OUT035,2004,Small,Tier 2,Ahmedabad,1857.582
FDR59,Breads,Regular,14.5,0.063851475,260.4594,OUT035,2004,Small,Tier 2,Ahmedabad,3139.9128
FDN34,Snack Foods,Regular,15.6,0.04575559,167.1132,OUT035,2004,Small,Tier 2,Ahmedabad,2874.9244
FDD21,Fruits and Vegetables,Regular,10.3,0.030563449,114.4176,OUT035,2004,Small,Tier 2,Ahmedabad,2633.9048
FDH20,Fruits and Vegetables,Regular,16.1,0.024944396,95.441,OUT035,2004,Small,Tier 2,Ahmedabad,2220.443
FDA26,Dairy,Regular,7.855,0.073906461,218.4482,OUT035,2004,Small,Tier 2,Ahmedabad,4819.0604
FDY15,Dairy,Regular,18.25,0.170795745,154.463,OUT035,2004,Small,Tier 2,Ahmedabad,2190.482
FDB14,Canned,Regular,20.25,0.102704495,94.312,OUT035,2004,Small,Tier 2,Ahmedabad,2982.784
DRY23,Soft Drinks,Regular,9.395,0.109075742,42.9112,OUT035,2004,Small,Tier 2,Ahmedabad,426.112
DRC13,Soft Drinks,Regular,8.26,0.032435437,124.873,OUT035,2004,Small,Tier 2,Ahmedabad,2956.152
FDF24,Baking Goods,Regular,15.5,0.02536567,82.7934,OUT035,2004,Small,Tier 2,Ahmedabad,1228.401
FDN56,Fruits and Vegetables,Regular,5.46,0.107036943,144.2786,OUT035,2004,Small,Tier 2,Ahmedabad,288.9572
FDM36,Baking Goods,Regular,11.65,0.058719726,171.1422,OUT035,2004,Small,Tier 2,Ahmedabad,2931.5174
FDX33,Snack Foods,Regular,9.195,0.117462619,158.9578,OUT035,2004,Small,Tier 2,Ahmedabad,2246.4092
FDX07,Fruits and Vegetables,Regular,19.2,0.022914478,181.195,OUT035,2004,Small,Tier 2,Ahmedabad,2380.235
FDZ49,Canned,Regular,11.0,0.13312044,221.5798,OUT035,2004,Small,Tier 2,Ahmedabad,4187.2162
FDY24,Baking Goods,Regular,4.88,0.0,53.1298,OUT035,2004,Small,Tier 2,Ahmedabad,808.947
FDG56,Fruits and Vegetables,Regular,13.3,0.071439051,61.0536,OUT035,2004,Small,Tier 2,Ahmedabad,1898.8616
FDR03,Meat,Regular,15.7,0.008734284,207.898,OUT035,2004,Small,Tier 2,Ahmedabad,3095.97
FDB02,Canned,Regular,9.695,0.029158763,174.537,OUT035,2004,Small,Tier 2,Ahmedabad,1235.059
FDO19,Fruits and Vegetables,Regular,17.7,0.016593506,46.9034,OUT035,2004,Small,Tier 2,Ahmedabad,972.068
FDT11,Breads,Regular,5.94,0.029366813,187.7556,OUT035,2004,Small,Tier 2,Ahmedabad,3755.112
FDQ55,Fruits and Vegetables,Regular,13.65,0.013035609,114.7834,OUT035,2004,Small,Tier 2,Ahmedabad,3455.502
FDZ08,Fruits and Vegetables,Regular,12.5,0.109971578,82.7592,OUT035,2004,Small,Tier 2,Ahmedabad,577.9144
FDL09,Snack Foods,Regular,19.6,0.128011859,166.8816,OUT035,2004,Small,Tier 2,Ahmedabad,1845.5976
FDJ58,Snack Foods,Regular,15.6,0.105276162,173.2764,OUT035,2004,Small,Tier 2,Ahmedabad,3779.0808
FDQ51,Meat,Regular,16.0,0.017547958,48.3718,OUT035,2004,Small,Tier 2,Ahmedabad,614.5334
FDJ55,Meat,Regular,12.8,0.023526504,223.5404,OUT035,2004,Small,Tier 2,Ahmedabad,5626.01
FDF56,Fruits and Vegetables,Regular,16.7,0.119439636,182.1976,OUT035,2004,Small,Tier 2,Ahmedabad,724.3904
DRD01,Soft Drinks,Regular,12.1,0.061163967,56.5614,OUT035,2004,Small,Tier 2,Ahmedabad,828.921
FDI04,Frozen Foods,Regular,13.65,0.072898645,198.1426,OUT035,2004,Small,Tier 2,Ahmedabad,1977.426
FDX32,Fruits and Vegetables,Regular,15.1,0.099839365,143.3786,OUT035,2004,Small,Tier 2,Ahmedabad,1733.7432
DRB13,Soft Drinks,Regular,6.115,0.007043008,190.353,OUT035,2004,Small,Tier 2,Ahmedabad,569.259
FDY04,Frozen Foods,Regular,17.7,0.042468413,162.421,OUT035,2004,Small,Tier 2,Ahmedabad,1468.089
FDU60,Baking Goods,Regular,20.0,0.059889718,168.5132,OUT035,2004,Small,Tier 2,Ahmedabad,2874.9244
FDU20,Fruits and Vegetables,Regular,19.35,0.021453493,120.3098,OUT035,2004,Small,Tier 2,Ahmedabad,2530.7058
FDT26,Dairy,Regular,18.85,0.067940657,119.044,OUT035,2004,Small,Tier 2,Ahmedabad,1198.44
FDN25,Breakfast,Regular,7.895,0.061163967,59.2588,OUT035,2004,Small,Tier 2,Ahmedabad,801.6232
DRB48,Soft Drinks,Regular,16.75,0.024848788,39.9822,OUT035,2004,Small,Tier 2,Ahmedabad,746.3618
FDC05,Frozen Foods,Regular,13.1,0.098765906,196.3768,OUT035,2004,Small,Tier 2,Ahmedabad,2167.8448
FDR01,Canned,Regular,5.405,0.053611144,197.7742,OUT035,2004,Small,Tier 2,Ahmedabad,796.2968
FDG22,Snack Foods,Regular,17.6,0.041373331,38.119,OUT035,2004,Small,Tier 2,Ahmedabad,732.38
FDD47,Starchy Foods,Regular,7.6,0.142383847,172.3448,OUT035,2004,Small,Tier 2,Ahmedabad,2556.672
FDE41,Frozen Foods,Regular,9.195,0.064002068,85.5566,OUT035,2004,Small,Tier 2,Ahmedabad,930.1226
FDC59,Starchy Foods,Regular,16.7,0.054618573,65.5168,OUT035,2004,Small,Tier 2,Ahmedabad,1022.6688
FDC51,Dairy,Regular,10.895,0.009620042,121.673,OUT035,2004,Small,Tier 2,Ahmedabad,1970.768
FDX49,Canned,Regular,4.615,0.101812521,232.23,OUT035,2004,Small,Tier 2,Ahmedabad,5126.66
FDS24,Baking Goods,Regular,20.85,0.062212713,88.1514,OUT035,2004,Small,Tier 2,Ahmedabad,1151.1682
FDL28,Frozen Foods,Regular,10.0,0.063162608,228.6668,OUT035,2004,Small,Tier 2,Ahmedabad,3455.502
FDR15,Meat,Regular,9.3,0.033431669,153.1314,OUT035,2004,Small,Tier 2,Ahmedabad,4653.942
FDK60,Baking Goods,Regular,16.5,0.093846532,95.7068,OUT035,2004,Small,Tier 2,Ahmedabad,1069.2748
FDT56,Fruits and Vegetables,Regular,16.0,0.115570552,57.5246,OUT035,2004,Small,Tier 2,Ahmedabad,173.7738
FDE51,Dairy,Regular,5.925,0.09644909,43.8086,OUT035,2004,Small,Tier 2,Ahmedabad,312.2602
FDT09,Snack Foods,Regular,15.15,0.012260981,131.7284,OUT035,2004,Small,Tier 2,Ahmedabad,1186.4556
FDF44,Fruits and Vegetables,Regular,7.17,0.059716729,130.9968,OUT035,2004,Small,Tier 2,Ahmedabad,2348.9424
FDK58,Snack Foods,Regular,11.35,0.0,103.0016,OUT035,2004,Small,Tier 2,Ahmedabad,2125.2336
FDB58,Snack Foods,Regular,10.5,0.013493914,143.7154,OUT035,2004,Small,Tier 2,Ahmedabad,3119.9388
FDM25,Breakfast,Regular,10.695,0.060654268,174.7712,OUT035,2004,Small,Tier 2,Ahmedabad,3339.6528
FDG41,Frozen Foods,Regular,8.84,0.076547632,109.5228,OUT035,2004,Small,Tier 2,Ahmedabad,1657.842
FDJ26,Canned,Regular,15.3,0.084749164,215.5218,OUT035,2004,Small,Tier 2,Ahmedabad,4060.7142
FDZ31,Fruits and Vegetables,Regular,15.35,0.113195815,190.8504,OUT035,2004,Small,Tier 2,Ahmedabad,3643.2576
FDC57,Fruits and Vegetables,Regular,20.1,0.054584207,193.382,OUT035,2004,Small,Tier 2,Ahmedabad,4247.804
FDA04,Frozen Foods,Regular,11.3,0.066717378,260.8962,OUT035,2004,Small,Tier 2,Ahmedabad,4920.9278
FDW26,Dairy,Regular,11.8,0.107036943,220.3772,OUT035,2004,Small,Tier 2,Ahmedabad,4447.544
FDU31,Fruits and Vegetables,Regular,10.5,0.02498633,216.7508,OUT035,2004,Small,Tier 2,Ahmedabad,3038.7112
FDE23,Starchy Foods,Regular,17.6,0.053170949,45.606,OUT035,2004,Small,Tier 2,Ahmedabad,1724.422
FDV16,Frozen Foods,Regular,7.75,0.082915017,34.9558,OUT035,2004,Small,Tier 2,Ahmedabad,645.1602
FDT27,Meat,Regular,11.395,0.069574013,232.8616,OUT035,2004,Small,Tier 2,Ahmedabad,2812.3392
FDU49,Canned,Regular,19.5,0.030688557,85.754,OUT035,2004,Small,Tier 2,Ahmedabad,2163.85
FDB37,Baking Goods,Regular,20.25,0.022936488,240.8538,OUT035,2004,Small,Tier 2,Ahmedabad,7931.6754
FDF26,Canned,Regular,6.825,0.046625941,154.9998,OUT035,2004,Small,Tier 2,Ahmedabad,3075.996
FDO56,Fruits and Vegetables,Regular,10.195,0.044974051,115.5808,OUT035,2004,Small,Tier 2,Ahmedabad,1874.8928
FDU37,Canned,Regular,9.5,0.104488444,77.896,OUT035,2004,Small,Tier 2,Ahmedabad,1997.4
FDZ26,Dairy,Regular,11.6,0.143990173,239.6222,OUT035,2004,Small,Tier 2,Ahmedabad,2390.222
FDW15,Meat,Regular,15.35,0.055103174,149.7734,OUT035,2004,Small,Tier 2,Ahmedabad,2820.9946
FDL24,Baking Goods,Regular,10.3,0.024891881,170.9422,OUT035,2004,Small,Tier 2,Ahmedabad,3103.9596
FDR24,Baking Goods,Regular,17.35,0.062839798,90.883,OUT035,2004,Small,Tier 2,Ahmedabad,1707.777
FDH26,Canned,Regular,19.25,0.034693175,140.1496,OUT035,2004,Small,Tier 2,Ahmedabad,1552.6456
FDJ15,Dairy,Regular,11.35,0.023318068,182.4608,OUT035,2004,Small,Tier 2,Ahmedabad,7534.1928
FDY37,Canned,Regular,17.0,0.026563851,141.247,OUT035,2004,Small,Tier 2,Ahmedabad,3292.381
FDI50,Canned,Regular,8.42,0.0,229.0352,OUT035,2004,Small,Tier 2,Ahmedabad,5496.8448
FDL51,Dairy,Regular,20.7,0.047482391,215.9876,OUT035,2004,Small,Tier 2,Ahmedabad,3430.2016
FDN38,Canned,Regular,6.615,0.091954465,250.6408,OUT035,2004,Small,Tier 2,Ahmedabad,4756.4752
FDO20,Fruits and Vegetables,Regular,12.85,0.152099033,252.6382,OUT035,2004,Small,Tier 2,Ahmedabad,3532.7348
FDG10,Snack Foods,Regular,6.63,0.010937229,55.8588,OUT035,2004,Small,Tier 2,Ahmedabad,801.6232
FDQ11,Breads,Regular,5.695,0.067688124,258.8988,OUT035,2004,Small,Tier 2,Ahmedabad,5396.9748
FDE11,Starchy Foods,Regular,17.7,0.0,183.5924,OUT035,2004,Small,Tier 2,Ahmedabad,7033.5112
FDN46,Snack Foods,Regular,7.21,0.14460413,102.6332,OUT035,2004,Small,Tier 2,Ahmedabad,2153.1972
FDP40,Frozen Foods,Regular,4.555,0.034350673,112.7544,OUT035,2004,Small,Tier 2,Ahmedabad,1789.6704
FDL57,Snack Foods,Regular,15.1,0.067064128,257.9304,OUT035,2004,Small,Tier 2,Ahmedabad,6458.26
FDD52,Dairy,Regular,18.25,0.183260221,108.557,OUT035,2004,Small,Tier 2,Ahmedabad,1208.427
FDF21,Fruits and Vegetables,Regular,10.3,0.0,191.153,OUT035,2004,Small,Tier 2,Ahmedabad,1707.777
FDB12,Baking Goods,Regular,11.15,0.105287746,103.2648,OUT035,2004,Small,Tier 2,Ahmedabad,2388.8904
FDI48,Baking Goods,Regular,11.85,0.0,51.2666,OUT035,2004,Small,Tier 2,Ahmedabad,410.1328
FDC40,Dairy,Regular,16.0,0.065051586,76.1986,OUT035,2004,Small,Tier 2,Ahmedabad,1090.5804
FDB29,Frozen Foods,Regular,16.7,0.052401766,115.1176,OUT035,2004,Small,Tier 2,Ahmedabad,1488.7288
FDS16,Frozen Foods,Regular,15.15,0.066164431,147.376,OUT035,2004,Small,Tier 2,Ahmedabad,2197.14
FDZ23,Baking Goods,Regular,17.75,0.067490036,185.224,OUT035,2004,Small,Tier 2,Ahmedabad,6338.416
FDX11,Baking Goods,Regular,16.0,0.106731895,183.6634,OUT035,2004,Small,Tier 2,Ahmedabad,2544.6876
FDV60,Baking Goods,Regular,20.2,0.117339056,195.011,OUT035,2004,Small,Tier 2,Ahmedabad,2749.754
FDB04,Dairy,Regular,11.35,0.06321435,88.3856,OUT035,2004,Small,Tier 2,Ahmedabad,1318.284
FDX12,Baking Goods,Regular,18.2,0.026059557,241.2196,OUT035,2004,Small,Tier 2,Ahmedabad,6507.5292
FDW39,Meat,Regular,6.69,0.036903419,175.137,OUT035,2004,Small,Tier 2,Ahmedabad,1235.059
FDL39,Dairy,Regular,16.1,0.063319379,180.9318,OUT035,2004,Small,Tier 2,Ahmedabad,1984.7498
FDX31,Fruits and Vegetables,Regular,20.35,0.014822802,234.0958,OUT035,2004,Small,Tier 2,Ahmedabad,2570.6538
FDJ44,Fruits and Vegetables,Regular,12.3,0.106307146,174.9396,OUT035,2004,Small,Tier 2,Ahmedabad,1569.9564
FDW21,Snack Foods,Regular,5.34,0.005962753,102.4358,OUT035,2004,Small,Tier 2,Ahmedabad,2010.716
FDQ40,Frozen Foods,Regular,11.1,0.036020711,177.2712,OUT035,2004,Small,Tier 2,Ahmedabad,2109.2544
FDX51,Meat,Regular,9.5,0.022054553,195.4452,OUT035,2004,Small,Tier 2,Ahmedabad,4502.1396
FDZ01,Canned,Regular,8.975,0.009057132,104.099,OUT035,2004,Small,Tier 2,Ahmedabad,2476.776
FDY49,Canned,Regular,17.2,0.0120098,163.1184,OUT035,2004,Small,Tier 2,Ahmedabad,2807.0128
FDD26,Canned,Regular,8.71,0.072141818,183.3924,OUT035,2004,Small,Tier 2,Ahmedabad,2776.386
FDD10,Snack Foods,Regular,20.6,0.0,178.1344,OUT035,2004,Small,Tier 2,Ahmedabad,3568.688
FDV11,Breads,Regular,9.1,0.081652352,177.0054,OUT035,2004,Small,Tier 2,Ahmedabad,2101.2648
FDW32,Fruits and Vegetables,Regular,18.35,0.094279004,86.3882,OUT035,2004,Small,Tier 2,Ahmedabad,1545.9876
FDT07,Fruits and Vegetables,Regular,5.82,0.077304459,257.633,OUT035,2004,Small,Tier 2,Ahmedabad,4613.994
FDQ03,Meat,Regular,15.0,0.077999504,238.0248,OUT035,2004,Small,Tier 2,Ahmedabad,1896.1984
FDW03,Meat,Regular,5.63,0.024536636,106.1306,OUT035,2004,Small,Tier 2,Ahmedabad,2090.612
FDY47,Breads,Regular,8.6,0.054474158,131.031,OUT035,2004,Small,Tier 2,Ahmedabad,1038.648
FDB40,Dairy,Regular,17.5,0.007538459,144.2102,OUT035,2004,Small,Tier 2,Ahmedabad,4082.6856
FDP52,Frozen Foods,Regular,18.7,0.0,229.201,OUT035,2004,Small,Tier 2,Ahmedabad,3215.814
FDL48,Baking Goods,Regular,19.35,0.082250863,48.7034,OUT035,2004,Small,Tier 2,Ahmedabad,534.6374
FDP28,Frozen Foods,Regular,13.65,0.08062523,259.6936,OUT035,2004,Small,Tier 2,Ahmedabad,2087.9488
FDZ43,Fruits and Vegetables,Regular,11.0,0.057047756,240.4512,OUT035,2004,Small,Tier 2,Ahmedabad,7028.1848
FDN04,Frozen Foods,Regular,11.8,0.0,179.2344,OUT035,2004,Small,Tier 2,Ahmedabad,2141.2128
FDA52,Frozen Foods,Regular,16.2,0.128397995,178.337,OUT035,2004,Small,Tier 2,Ahmedabad,1411.496
FDB26,Canned,Regular,14.0,0.031261583,52.564,OUT035,2004,Small,Tier 2,Ahmedabad,639.168
FDE50,Canned,Regular,19.7,0.016202582,188.2556,OUT035,2004,Small,Tier 2,Ahmedabad,3379.6008
FDO15,Meat,Regular,16.75,0.008564925,73.2038,OUT035,2004,Small,Tier 2,Ahmedabad,1404.1722
FDB36,Baking Goods,Regular,5.465,0.048518008,132.9626,OUT035,2004,Small,Tier 2,Ahmedabad,2360.9268
FDV20,Fruits and Vegetables,Regular,20.2,0.059790095,127.4678,OUT035,2004,Small,Tier 2,Ahmedabad,3560.6984
FDZ35,Breads,Regular,9.6,0.022274264,101.699,OUT035,2004,Small,Tier 2,Ahmedabad,2992.771
FDD56,Fruits and Vegetables,Regular,15.2,0.103758647,177.0054,OUT035,2004,Small,Tier 2,Ahmedabad,2976.7918
FDI40,Frozen Foods,Regular,11.5,0.125579201,99.7358,OUT035,2004,Small,Tier 2,Ahmedabad,1105.8938
FDR11,Breads,Regular,10.5,0.142511272,158.7578,OUT035,2004,Small,Tier 2,Ahmedabad,2246.4092
FDZ57,Snack Foods,Regular,10.0,0.037757166,126.7994,OUT035,2004,Small,Tier 2,Ahmedabad,1284.994
FDL21,Snack Foods,Regular,15.85,0.007145063,41.048,OUT035,2004,Small,Tier 2,Ahmedabad,479.376
DRM49,Soft Drinks,Regular,6.11,0.151925271,46.6086,OUT035,2004,Small,Tier 2,Ahmedabad,624.5204
FDX46,Snack Foods,Regular,12.3,0.058105769,60.4562,OUT035,2004,Small,Tier 2,Ahmedabad,1777.686
FDJ40,Frozen Foods,Regular,13.6,0.049579883,110.0912,OUT035,2004,Small,Tier 2,Ahmedabad,1965.4416
FDQ26,Dairy,Regular,13.5,0.067859568,60.1562,OUT035,2004,Small,Tier 2,Ahmedabad,1599.9174
FDZ16,Frozen Foods,Regular,16.85,0.159825617,195.5478,OUT035,2004,Small,Tier 2,Ahmedabad,4262.4516
FDI08,Fruits and Vegetables,Regular,18.2,0.066284519,247.2092,OUT035,2004,Small,Tier 2,Ahmedabad,3486.1288
FDB03,Dairy,Regular,17.75,0.156802171,242.1538,OUT035,2004,Small,Tier 2,Ahmedabad,4326.3684
FDQ59,Breads,Regular,9.8,0.056375879,84.6908,OUT035,2004,Small,Tier 2,Ahmedabad,1006.6896
FDI07,Meat,Regular,12.35,0.033754478,199.0426,OUT035,2004,Small,Tier 2,Ahmedabad,3361.6242
FDH53,Frozen Foods,Regular,20.5,0.0,82.8592,OUT035,2004,Small,Tier 2,Ahmedabad,908.1512
FDM50,Canned,Regular,13.0,0.030083482,61.922,OUT035,2004,Small,Tier 2,Ahmedabad,1557.972
FDJ02,Canned,Regular,17.2,0.025162022,145.9418,OUT035,2004,Small,Tier 2,Ahmedabad,1765.7016
FDF08,Fruits and Vegetables,Regular,14.3,0.065195229,88.9856,OUT035,2004,Small,Tier 2,Ahmedabad,1669.8264
FDA37,Canned,Regular,7.81,0.055216312,125.5046,OUT035,2004,Small,Tier 2,Ahmedabad,3237.1196
FDL58,Snack Foods,Regular,5.78,0.074135053,264.0568,OUT035,2004,Small,Tier 2,Ahmedabad,2109.2544
FDE20,Fruits and Vegetables,Regular,11.35,0.00552947,169.279,OUT035,2004,Small,Tier 2,Ahmedabad,2376.906
FDO22,Snack Foods,Regular,13.5,0.0,78.396,OUT035,2004,Small,Tier 2,Ahmedabad,1438.128
FDP01,Breakfast,Regular,20.75,0.063313974,153.7682,OUT035,2004,Small,Tier 2,Ahmedabad,1829.6184
DRA24,Soft Drinks,Regular,19.35,0.039920687,163.3868,OUT035,2004,Small,Tier 2,Ahmedabad,3439.5228
FDC29,Frozen Foods,Regular,8.39,0.024201084,112.6176,OUT035,2004,Small,Tier 2,Ahmedabad,2175.8344
FDS36,Baking Goods,Regular,8.38,0.046878474,109.857,OUT035,2004,Small,Tier 2,Ahmedabad,2306.997
FDM04,Frozen Foods,Regular,9.195,0.0471117,52.0666,OUT035,2004,Small,Tier 2,Ahmedabad,615.1992
FDM45,Snack Foods,Regular,8.655,0.088178053,122.6756,OUT035,2004,Small,Tier 2,Ahmedabad,2302.3364
FDI34,Snack Foods,Regular,10.65,0.085119855,229.8668,OUT035,2004,Small,Tier 2,Ahmedabad,4146.6024
FDT50,Dairy,Regular,6.75,0.10821852,96.3752,OUT035,2004,Small,Tier 2,Ahmedabad,1342.2528
FDG58,Snack Foods,Regular,10.695,0.086764795,156.7972,OUT035,2004,Small,Tier 2,Ahmedabad,3427.5384
FDY57,Snack Foods,Regular,20.2,0.121231308,97.5752,OUT035,2004,Small,Tier 2,Ahmedabad,1534.0032
FDO46,Snack Foods,Regular,9.6,0.014209811,188.1872,OUT035,2004,Small,Tier 2,Ahmedabad,1701.7848
FDS04,Frozen Foods,Regular,10.195,0.146635206,139.0838,OUT035,2004,Small,Tier 2,Ahmedabad,3652.5788
FDY26,Dairy,Regular,20.6,0.030504756,212.6244,OUT035,2004,Small,Tier 2,Ahmedabad,3599.3148
FDH56,Fruits and Vegetables,Regular,9.8,0.063805139,117.3492,OUT035,2004,Small,Tier 2,Ahmedabad,810.9444
FDP44,Fruits and Vegetables,Regular,16.5,0.079698503,100.6332,OUT035,2004,Small,Tier 2,Ahmedabad,1537.998
FDY02,Dairy,Regular,8.945,0.087629354,263.491,OUT035,2004,Small,Tier 2,Ahmedabad,1840.937
FDJ36,Baking Goods,Regular,14.5,0.128235818,104.1332,OUT035,2004,Small,Tier 2,Ahmedabad,205.0664
FDV28,Frozen Foods,Regular,16.1,0.159698192,32.0558,OUT035,2004,Small,Tier 2,Ahmedabad,1018.674
FDP12,Baking Goods,Regular,9.8,0.045258247,35.9874,OUT035,2004,Small,Tier 2,Ahmedabad,282.2992
FDT32,Fruits and Vegetables,Regular,19.0,0.065621523,186.5214,OUT035,2004,Small,Tier 2,Ahmedabad,5275.7992
FDR52,Frozen Foods,Regular,12.65,0.07603021,189.0846,OUT035,2004,Small,Tier 2,Ahmedabad,4012.7766
FDM22,Snack Foods,Regular,14.0,0.041949832,54.064,OUT035,2004,Small,Tier 2,Ahmedabad,1118.544
FDD38,Canned,Regular,16.75,0.00819018,103.7674,OUT035,2004,Small,Tier 2,Ahmedabad,2852.2872
FDR36,Baking Goods,Regular,6.715,0.121563385,43.7454,OUT035,2004,Small,Tier 2,Ahmedabad,545.2902
FDQ36,Baking Goods,Regular,7.855,0.161516894,37.0848,OUT035,2004,Small,Tier 2,Ahmedabad,447.4176
FDW55,Fruits and Vegetables,Regular,12.6,0.0,248.8092,OUT035,2004,Small,Tier 2,Ahmedabad,6723.2484
FDE28,Frozen Foods,Regular,9.5,0.132521929,228.6668,OUT035,2004,Small,Tier 2,Ahmedabad,4146.6024
FDC33,Fruits and Vegetables,Regular,8.96,0.068925304,196.9768,OUT035,2004,Small,Tier 2,Ahmedabad,2759.0752
FDU03,Meat,Regular,18.7,0.091560606,182.3292,OUT035,2004,Small,Tier 2,Ahmedabad,3831.0132
FDO52,Frozen Foods,Regular,11.6,0.077150004,170.2106,OUT035,2004,Small,Tier 2,Ahmedabad,1882.2166
FDB46,Snack Foods,Regular,10.5,0.093746136,211.9244,OUT035,2004,Small,Tier 2,Ahmedabad,4869.6612
FDR44,Fruits and Vegetables,Regular,6.11,0.102901425,128.4968,OUT035,2004,Small,Tier 2,Ahmedabad,1435.4648
FDH47,Starchy Foods,Regular,13.5,0.128791854,95.4068,OUT035,2004,Small,Tier 2,Ahmedabad,1944.136
FDT14,Dairy,Regular,10.695,0.12770295,120.444,OUT035,2004,Small,Tier 2,Ahmedabad,2516.724
FDB41,Frozen Foods,Regular,19.0,0.097294728,47.7718,OUT035,2004,Small,Tier 2,Ahmedabad,1039.9796
FDT55,Fruits and Vegetables,Regular,13.6,0.043646901,155.7946,OUT035,2004,Small,Tier 2,Ahmedabad,3471.4812
FDU51,Meat,Regular,20.2,0.096495426,175.6028,OUT035,2004,Small,Tier 2,Ahmedabad,3364.9532
FDJ10,Snack Foods,Regular,5.095,0.129479176,139.7838,OUT035,2004,Small,Tier 2,Ahmedabad,1264.3542
FDN49,Breakfast,Regular,17.25,0.125200788,41.648,OUT035,2004,Small,Tier 2,Ahmedabad,679.116
FDE17,Frozen Foods,Regular,20.1,0.054445198,151.7366,OUT035,2004,Small,Tier 2,Ahmedabad,4836.3712
FDG34,Snack Foods,Regular,11.5,0.037563325,109.5254,OUT035,2004,Small,Tier 2,Ahmedabad,1627.881
FDS32,Fruits and Vegetables,Regular,17.75,0.029648306,142.4838,OUT035,2004,Small,Tier 2,Ahmedabad,1264.3542
FDM24,Baking Goods,Regular,6.135,0.079312367,151.7366,OUT035,2004,Small,Tier 2,Ahmedabad,3325.0052
FDH28,Frozen Foods,Regular,15.85,0.110010191,38.8506,OUT035,2004,Small,Tier 2,Ahmedabad,341.5554
DRL01,Soft Drinks,Regular,19.5,0.077157727,232.4958,OUT035,2004,Small,Tier 2,Ahmedabad,2804.3496
FDU58,Snack Foods,Regular,6.61,0.029006239,186.0898,OUT035,2004,Small,Tier 2,Ahmedabad,2619.2572
FDT52,Frozen Foods,Regular,9.695,0.047420609,246.0144,OUT035,2004,Small,Tier 2,Ahmedabad,4165.2448
FDQ32,Fruits and Vegetables,Regular,17.85,0.046599684,125.1388,OUT035,2004,Small,Tier 2,Ahmedabad,1981.4208
FDX52,Frozen Foods,Regular,11.5,0.041994624,194.782,OUT035,2004,Small,Tier 2,Ahmedabad,3475.476
FDV19,Fruits and Vegetables,Regular,14.85,0.03525037,160.9578,OUT035,2004,Small,Tier 2,Ahmedabad,2246.4092
FDO21,Snack Foods,Regular,11.6,0.009761175,226.9404,OUT035,2004,Small,Tier 2,Ahmedabad,1800.3232
FDI21,Snack Foods,Regular,5.59,0.056592115,65.0168,OUT035,2004,Small,Tier 2,Ahmedabad,447.4176
FDS45,Snack Foods,Regular,5.175,0.029490377,107.6622,OUT035,2004,Small,Tier 2,Ahmedabad,2858.2794
FDB38,Canned,Regular,19.5,0.027341529,158.292,OUT035,2004,Small,Tier 2,Ahmedabad,3994.8
FDH05,Frozen Foods,Regular,14.35,0.090896452,231.2984,OUT035,2004,Small,Tier 2,Ahmedabad,6024.1584
FDE56,Fruits and Vegetables,Regular,17.25,0.159165324,63.4194,OUT035,2004,Small,Tier 2,Ahmedabad,1547.985
FDI02,Canned,Regular,15.7,0.11454343,113.7202,OUT035,2004,Small,Tier 2,Ahmedabad,3263.0858
FDS56,Fruits and Vegetables,Regular,5.785,0.038749536,262.0252,OUT035,2004,Small,Tier 2,Ahmedabad,4459.5284
FDR37,Breakfast,Regular,16.5,0.066237024,183.1292,OUT035,2004,Small,Tier 2,Ahmedabad,6385.022
FDQ25,Canned,Regular,8.63,0.028271345,170.5422,OUT035,2004,Small,Tier 2,Ahmedabad,2069.3064
FDC16,Dairy,Regular,11.5,0.020565921,86.054,OUT035,2004,Small,Tier 2,Ahmedabad,1384.864
FDS19,Fruits and Vegetables,Regular,13.8,0.064195136,75.8012,OUT035,2004,Small,Tier 2,Ahmedabad,1138.518
FDU26,Dairy,Regular,16.7,0.042610897,117.2782,OUT035,2004,Small,Tier 2,Ahmedabad,715.0692
FDD23,Starchy Foods,Regular,9.5,0.048676324,187.7898,OUT035,2004,Small,Tier 2,Ahmedabad,2057.9878
FDV26,Dairy,Regular,20.25,0.07614605,197.0794,OUT035,2004,Small,Tier 2,Ahmedabad,4681.9056
FDF57,Fruits and Vegetables,Regular,14.5,0.0,169.6448,OUT035,2004,Small,Tier 2,Ahmedabad,2045.3376
FDL12,Baking Goods,Regular,15.85,0.121609722,60.222,OUT035,2004,Small,Tier 2,Ahmedabad,539.298
FDA09,Snack Foods,Regular,13.35,0.149338159,178.666,OUT035,2004,Small,Tier 2,Ahmedabad,1797.66
FDZ47,Baking Goods,Regular,20.7,0.079281476,100.1042,OUT035,2004,Small,Tier 2,Ahmedabad,892.8378
FDM02,Canned,Regular,12.5,0.073721115,85.6198,OUT035,2004,Small,Tier 2,Ahmedabad,610.5386
FDW40,Frozen Foods,Regular,14.0,0.105125569,143.2812,OUT035,2004,Small,Tier 2,Ahmedabad,3277.0676
FDS11,Breads,Regular,7.05,0.055548003,225.3088,OUT035,2004,Small,Tier 2,Ahmedabad,5816.4288
FDS58,Snack Foods,Regular,9.285,0.021002641,161.1578,OUT035,2004,Small,Tier 2,Ahmedabad,4011.445
FDN03,Meat,Regular,9.8,0.015087112,250.1408,OUT035,2004,Small,Tier 2,Ahmedabad,4005.4528
FDY33,Snack Foods,Regular,14.5,0.0,159.3262,OUT035,2004,Small,Tier 2,Ahmedabad,2864.2716
FDU33,Snack Foods,Regular,7.63,0.134684292,47.0402,OUT035,2004,Small,Tier 2,Ahmedabad,1470.0864
FDY35,Breads,Regular,17.6,0.016024651,44.0402,OUT035,2004,Small,Tier 2,Ahmedabad,597.2226
FDI41,Frozen Foods,Regular,18.5,0.062245149,145.8418,OUT035,2004,Small,Tier 2,Ahmedabad,5591.3884
FDR28,Frozen Foods,Regular,13.85,0.025891588,165.121,OUT035,2004,Small,Tier 2,Ahmedabad,2936.178
FDU12,Baking Goods,Regular,15.5,0.075736746,265.5568,OUT035,2004,Small,Tier 2,Ahmedabad,4482.1656
FDM57,Snack Foods,Regular,11.65,0.075834825,82.9908,OUT035,2004,Small,Tier 2,Ahmedabad,1258.362
FDZ21,Snack Foods,Regular,17.6,0.039214444,98.241,OUT035,2004,Small,Tier 2,Ahmedabad,1930.82
FDZ36,Baking Goods,Regular,6.035,0.065771344,185.324,OUT035,2004,Small,Tier 2,Ahmedabad,3728.48
FDC03,Dairy,Regular,8.575,0.071832909,194.1794,OUT035,2004,Small,Tier 2,Ahmedabad,3316.3498
FDW38,Dairy,Regular,5.325,0.0,55.8298,OUT035,2004,Small,Tier 2,Ahmedabad,485.3682
FDF29,Frozen Foods,Regular,15.1,0.019930418,131.531,OUT035,2004,Small,Tier 2,Ahmedabad,2856.282
FDO08,Fruits and Vegetables,Regular,11.1,0.053765212,163.1526,OUT035,2004,Small,Tier 2,Ahmedabad,1808.9786
FDT24,Baking Goods,Regular,12.35,0.185824165,78.5328,OUT035,2004,Small,Tier 2,Ahmedabad,695.0952
FDA07,Fruits and Vegetables,Regular,7.55,0.030938774,121.0072,OUT035,2004,Small,Tier 2,Ahmedabad,2082.6224
FDQ01,Canned,Regular,19.7,0.160671255,254.7014,OUT035,2004,Small,Tier 2,Ahmedabad,3570.0196
FDQ45,Snack Foods,Regular,9.5,0.010914988,183.8608,OUT035,2004,Small,Tier 2,Ahmedabad,2572.6512
FDS59,Breads,Regular,14.8,0.043885147,108.757,OUT035,2004,Small,Tier 2,Ahmedabad,1867.569
FDM51,Meat,Regular,11.8,0.02592132,101.9674,OUT035,2004,Small,Tier 2,Ahmedabad,1731.7458
FDP31,Fruits and Vegetables,Regular,21.1,0.161474419,62.9168,OUT035,2004,Small,Tier 2,Ahmedabad,1086.5856
FDJ60,Baking Goods,Regular,19.35,0.062516602,163.9184,OUT035,2004,Small,Tier 2,Ahmedabad,3137.2496
FDI53,Frozen Foods,Regular,8.895,0.137618927,161.5236,OUT035,2004,Small,Tier 2,Ahmedabad,1772.3596
FDG33,Seafood,Regular,5.365,0.140213762,173.7764,OUT035,2004,Small,Tier 2,Ahmedabad,4637.9628
FDV04,Frozen Foods,Regular,7.825,0.149986868,158.8288,OUT035,2004,Small,Tier 2,Ahmedabad,1414.1592
FDX04,Frozen Foods,Regular,19.6,0.041563696,47.6376,OUT035,2004,Small,Tier 2,Ahmedabad,335.5632
FDH17,Frozen Foods,Regular,16.2,0.016650191,97.4726,OUT035,2004,Small,Tier 2,Ahmedabad,1174.4712
FDQ15,Meat,Regular,20.35,0.151044881,79.2276,OUT035,2004,Small,Tier 2,Ahmedabad,649.8208
FDH50,Canned,Regular,15.0,0.161404914,185.8266,OUT035,2004,Small,Tier 2,Ahmedabad,1844.266
FDP22,Snack Foods,Regular,14.65,0.099113429,52.8666,OUT035,2004,Small,Tier 2,Ahmedabad,461.3994
FDW46,Snack Foods,Regular,13.0,0.070288365,64.3484,OUT035,2004,Small,Tier 2,Ahmedabad,2218.4456
FDY01,Canned,Regular,11.8,0.170251293,116.4834,OUT035,2004,Small,Tier 2,Ahmedabad,1958.1178
FDM12,Baking Goods,Regular,16.7,0.069903773,188.6214,OUT035,2004,Small,Tier 2,Ahmedabad,565.2642
FDR16,Frozen Foods,Regular,5.845,0.104998144,213.2218,OUT035,2004,Small,Tier 2,Ahmedabad,7266.5412
FDW14,Dairy,Regular,8.3,0.038204311,87.7198,OUT035,2004,Small,Tier 2,Ahmedabad,1831.6158
FDK10,Snack Foods,Regular,5.785,0.040351229,181.366,OUT035,2004,Small,Tier 2,Ahmedabad,1977.426
FDN51,Meat,Regular,17.85,0.020942867,260.2936,OUT035,2004,Small,Tier 2,Ahmedabad,4175.8976
FDK25,Breakfast,Regular,11.6,0.156802171,168.0474,OUT035,2004,Small,Tier 2,Ahmedabad,4379.6324
FDQ08,Fruits and Vegetables,Regular,15.7,0.018926773,60.2536,OUT035,2004,Small,Tier 2,Ahmedabad,1163.8184
FDS28,Frozen Foods,Regular,8.18,0.082386011,56.6588,OUT035,2004,Small,Tier 2,Ahmedabad,687.1056
FDF40,Dairy,Regular,20.25,0.022507877,248.1092,OUT035,2004,Small,Tier 2,Ahmedabad,4731.1748
FDO10,Snack Foods,Regular,13.65,0.012749289,58.8588,OUT035,2004,Small,Tier 2,Ahmedabad,973.3996
FDQ47,Breads,Regular,7.155,0.168154574,33.7874,OUT035,2004,Small,Tier 2,Ahmedabad,882.185
FDA28,Frozen Foods,Regular,16.1,0.047792845,126.1362,OUT035,2004,Small,Tier 2,Ahmedabad,3271.7412
FDA25,Canned,Regular,16.5,0.068112874,104.599,OUT035,2004,Small,Tier 2,Ahmedabad,2889.572
FDY22,Snack Foods,Regular,16.5,0.159690469,142.4128,OUT035,2004,Small,Tier 2,Ahmedabad,575.2512
FDV44,Fruits and Vegetables,Regular,8.365,0.039836895,191.6188,OUT035,2004,Small,Tier 2,Ahmedabad,2094.6068
FDE04,Frozen Foods,Regular,19.75,0.018019662,181.566,OUT035,2004,Small,Tier 2,Ahmedabad,2876.256
FDM15,Meat,Regular,11.8,0.057410724,149.5366,OUT035,2004,Small,Tier 2,Ahmedabad,1813.6392
FDE14,Canned,Regular,13.65,0.031439206,100.07,OUT035,2004,Small,Tier 2,Ahmedabad,2596.62
FDN39,Meat,Regular,19.35,0.065507999,168.9816,OUT035,2004,Small,Tier 2,Ahmedabad,2852.2872
FDN28,Frozen Foods,Regular,5.88,0.030242184,101.799,OUT035,2004,Small,Tier 2,Ahmedabad,515.995
FDN58,Snack Foods,Regular,13.8,0.056861638,231.5984,OUT035,2004,Small,Tier 2,Ahmedabad,7182.6504
FDH31,Meat,Regular,12.0,0.020407296,99.9042,OUT035,2004,Small,Tier 2,Ahmedabad,595.2252
FDH17,Frozen Foods,Regular,16.2,0.016687114,96.9726,OUT045,2002,,Tier 2,Ahmedabad,1076.5986
FDV27,Meat,Regular,7.97,0.040071131,87.3514,OUT045,2002,,Tier 2,Ahmedabad,1062.6168
FDZ03,Dairy,Regular,13.65,0.078946455,186.024,OUT045,2002,,Tier 2,Ahmedabad,1118.544
FDG12,Baking Goods,Regular,6.635,0.0,121.3098,OUT045,2002,,Tier 2,Ahmedabad,2530.7058
FDV11,Breads,Regular,9.1,0.0,173.2054,OUT045,2002,,Tier 2,Ahmedabad,3151.8972
FDB35,Starchy Foods,Regular,12.3,0.064750025,92.6804,OUT045,2002,,Tier 2,Ahmedabad,1010.6844
FDE04,Frozen Foods,Regular,19.75,0.018059621,179.766,OUT045,2002,,Tier 2,Ahmedabad,2336.958
FDA08,Fruits and Vegetables,Regular,11.85,0.050186726,164.1526,OUT045,2002,,Tier 2,Ahmedabad,3124.5994
FDG08,Fruits and Vegetables,Regular,13.15,0.165694678,171.8764,OUT045,2002,,Tier 2,Ahmedabad,3779.0808
FDY03,Meat,Regular,17.6,0.076276208,110.9202,OUT045,2002,,Tier 2,Ahmedabad,1687.803
FDY38,Dairy,Regular,13.6,0.119418124,231.03,OUT045,2002,,Tier 2,Ahmedabad,5359.69
FDZ35,Breads,Regular,9.6,0.022323658,101.299,OUT045,2002,,Tier 2,Ahmedabad,1754.383
FDQ07,Fruits and Vegetables,Regular,15.1,0.087584126,221.7456,OUT045,2002,,Tier 2,Ahmedabad,6410.3224
FDR59,Breads,Regular,14.5,0.063993068,260.4594,OUT045,2002,,Tier 2,Ahmedabad,5494.8474
FDW07,Fruits and Vegetables,Regular,18.0,0.142978223,87.4514,OUT045,2002,,Tier 2,Ahmedabad,796.9626
FDB29,Frozen Foods,Regular,16.7,0.052517969,115.4176,OUT045,2002,,Tier 2,Ahmedabad,687.1056
FDP59,Breads,Regular,20.85,0.056580228,105.6648,OUT045,2002,,Tier 2,Ahmedabad,623.1888
FDM24,Baking Goods,Regular,6.135,0.0,151.3366,OUT045,2002,,Tier 2,Ahmedabad,1057.9562
FDS32,Fruits and Vegetables,Regular,17.75,0.0,139.9838,OUT045,2002,,Tier 2,Ahmedabad,1966.7732
FDL58,Snack Foods,Regular,5.78,0.07429945,264.9568,OUT045,2002,,Tier 2,Ahmedabad,1845.5976
FDJ21,Snack Foods,Regular,16.7,0.038606365,146.5102,OUT045,2002,,Tier 2,Ahmedabad,2770.3938
FDO19,Fruits and Vegetables,Regular,17.7,0.016630303,48.1034,OUT045,2002,,Tier 2,Ahmedabad,534.6374
FDT01,Canned,Regular,13.65,0.18454121,211.5902,OUT045,2002,,Tier 2,Ahmedabad,4672.5844
FDD38,Canned,Regular,16.75,0.008208342,102.8674,OUT045,2002,,Tier 2,Ahmedabad,1528.011
FDR24,Baking Goods,Regular,17.35,0.062979148,87.983,OUT045,2002,,Tier 2,Ahmedabad,1707.777
FDJ03,Dairy,Regular,12.35,0.072541731,48.5692,OUT045,2002,,Tier 2,Ahmedabad,886.8456
FDO10,Snack Foods,Regular,13.65,0.0,55.8588,OUT045,2002,,Tier 2,Ahmedabad,1431.47
FDO45,Snack Foods,Regular,13.15,0.038029746,88.6856,OUT045,2002,,Tier 2,Ahmedabad,1757.712
FDY35,Breads,Regular,17.6,0.016060186,47.2402,OUT045,2002,,Tier 2,Ahmedabad,505.3422
FDA47,Baking Goods,Regular,10.5,0.0,162.421,OUT045,2002,,Tier 2,Ahmedabad,1304.968
FDA09,Snack Foods,Regular,13.35,0.149669322,180.266,OUT045,2002,,Tier 2,Ahmedabad,898.83
FDJ60,Baking Goods,Regular,19.35,0.062655235,163.3184,OUT045,2002,,Tier 2,Ahmedabad,2641.8944
FDA52,Frozen Foods,Regular,16.2,0.128682722,178.437,OUT045,2002,,Tier 2,Ahmedabad,1058.622
FDO01,Breakfast,Regular,21.1,0.020760673,128.7994,OUT045,2002,,Tier 2,Ahmedabad,1798.9916
FDD59,Starchy Foods,Regular,10.5,0.066315023,78.296,OUT045,2002,,Tier 2,Ahmedabad,2157.192
FDE17,Frozen Foods,Regular,20.1,0.054565932,152.2366,OUT045,2002,,Tier 2,Ahmedabad,2418.1856
FDO09,Snack Foods,Regular,13.5,0.125528734,262.191,OUT045,2002,,Tier 2,Ahmedabad,6048.793
FDB40,Dairy,Regular,17.5,0.007555176,145.9102,OUT045,2002,,Tier 2,Ahmedabad,2187.153
FDC09,Fruits and Vegetables,Regular,15.5,0.026355345,100.8332,OUT045,2002,,Tier 2,Ahmedabad,1537.998
FDV04,Frozen Foods,Regular,7.825,0.150319469,156.9288,OUT045,2002,,Tier 2,Ahmedabad,1571.288
FDG33,Seafood,Regular,5.365,0.140524691,172.7764,OUT045,2002,,Tier 2,Ahmedabad,2233.0932
FDK58,Snack Foods,Regular,11.35,0.045073782,101.9016,OUT045,2002,,Tier 2,Ahmedabad,2631.2416
FDN23,Breads,Regular,6.575,0.07566089,145.4444,OUT045,2002,,Tier 2,Ahmedabad,2612.5992
FDQ01,Canned,Regular,19.7,0.16102755,254.1014,OUT045,2002,,Tier 2,Ahmedabad,4845.0266
FDT10,Snack Foods,Regular,16.7,0.062170334,60.9562,OUT045,2002,,Tier 2,Ahmedabad,829.5868
FDQ59,Breads,Regular,9.8,0.056500895,85.8908,OUT045,2002,,Tier 2,Ahmedabad,1845.5976
FDF10,Snack Foods,Regular,15.5,0.157246634,145.6418,OUT045,2002,,Tier 2,Ahmedabad,2207.127
FDE35,Starchy Foods,Regular,7.06,0.043989429,60.2904,OUT045,2002,,Tier 2,Ahmedabad,644.4944
FDH05,Frozen Foods,Regular,14.35,0.091098018,233.5984,OUT045,2002,,Tier 2,Ahmedabad,1853.5872
FDI41,Frozen Foods,Regular,18.5,0.0,148.7418,OUT045,2002,,Tier 2,Ahmedabad,2501.4106
FDV34,Snack Foods,Regular,10.695,0.011448629,72.9038,OUT045,2002,,Tier 2,Ahmedabad,1034.6532
FDJ57,Seafood,Regular,7.42,0.021617397,185.0582,OUT045,2002,,Tier 2,Ahmedabad,5201.2296
FDX36,Baking Goods,Regular,9.695,0.128543405,226.5404,OUT045,2002,,Tier 2,Ahmedabad,4500.808
FDX10,Snack Foods,Regular,6.385,0.123961415,33.2874,OUT045,2002,,Tier 2,Ahmedabad,141.1496
FDY44,Fruits and Vegetables,Regular,14.15,0.024454052,197.211,OUT045,2002,,Tier 2,Ahmedabad,3731.809
FDL13,Breakfast,Regular,13.85,0.056432784,234.93,OUT045,2002,,Tier 2,Ahmedabad,4660.6
FDT12,Baking Goods,Regular,6.215,0.049722335,224.5062,OUT045,2002,,Tier 2,Ahmedabad,4514.124
FDQ08,Fruits and Vegetables,Regular,15.7,0.018968743,61.9536,OUT045,2002,,Tier 2,Ahmedabad,1225.072
FDW46,Snack Foods,Regular,13.0,0.070444232,63.4484,OUT045,2002,,Tier 2,Ahmedabad,1043.9744
FDV22,Snack Foods,Regular,14.85,0.009958941,157.963,OUT045,2002,,Tier 2,Ahmedabad,2816.334
FDU60,Baking Goods,Regular,20.0,0.060022526,168.7132,OUT045,2002,,Tier 2,Ahmedabad,6426.3016
FDJ27,Meat,Regular,17.7,0.122123201,100.7674,OUT045,2002,,Tier 2,Ahmedabad,814.9392
FDA02,Dairy,Regular,14.0,0.029782937,146.3786,OUT045,2002,,Tier 2,Ahmedabad,866.8716
FDP44,Fruits and Vegetables,Regular,16.5,0.079875237,102.7332,OUT045,2002,,Tier 2,Ahmedabad,1537.998
FDS58,Snack Foods,Regular,9.285,0.021049215,161.0578,OUT045,2002,,Tier 2,Ahmedabad,2406.867
FDL03,Meat,Regular,19.25,0.027135522,196.311,OUT045,2002,,Tier 2,Ahmedabad,3142.576
FDS15,Meat,Regular,9.195,0.07821891,107.6596,OUT045,2002,,Tier 2,Ahmedabad,323.5788
FDB04,Dairy,Regular,11.35,0.063354531,88.9856,OUT045,2002,,Tier 2,Ahmedabad,1230.3984
FDY08,Fruits and Vegetables,Regular,9.395,0.171422166,139.1838,OUT045,2002,,Tier 2,Ahmedabad,1685.8056
FDZ28,Frozen Foods,Regular,20.0,0.051596927,128.0678,OUT045,2002,,Tier 2,Ahmedabad,1780.3492
FDJ26,Canned,Regular,15.3,0.084937098,214.0218,OUT045,2002,,Tier 2,Ahmedabad,1068.609
FDR55,Fruits and Vegetables,Regular,12.15,0.132351411,190.3872,OUT045,2002,,Tier 2,Ahmedabad,2836.308
FDS25,Canned,Regular,6.885,0.140292495,108.5228,OUT045,2002,,Tier 2,Ahmedabad,1989.4104
FDC33,Fruits and Vegetables,Regular,8.96,0.069078149,197.7768,OUT045,2002,,Tier 2,Ahmedabad,3153.2288
FDW09,Snack Foods,Regular,13.65,0.025973384,79.6302,OUT045,2002,,Tier 2,Ahmedabad,554.6114
FDS31,Fruits and Vegetables,Regular,13.1,0.044281996,178.5318,OUT045,2002,,Tier 2,Ahmedabad,3067.3406
FDL51,Dairy,Regular,20.7,0.047587685,215.0876,OUT045,2002,,Tier 2,Ahmedabad,5145.3024
FDQ19,Fruits and Vegetables,Regular,7.35,0.014394261,241.3512,OUT045,2002,,Tier 2,Ahmedabad,5331.7264
FDR01,Canned,Regular,5.405,0.053730029,199.0742,OUT045,2002,,Tier 2,Ahmedabad,4777.7808
FDS24,Baking Goods,Regular,20.85,0.062350672,86.9514,OUT045,2002,,Tier 2,Ahmedabad,1416.8224
FDF34,Snack Foods,Regular,9.3,0.014047825,196.5084,OUT045,2002,,Tier 2,Ahmedabad,4364.9848
FDU49,Canned,Regular,19.5,0.03075661,86.254,OUT045,2002,,Tier 2,Ahmedabad,2163.85
FDR52,Frozen Foods,Regular,12.65,0.076198809,191.3846,OUT045,2002,,Tier 2,Ahmedabad,2675.1844
FDT16,Frozen Foods,Regular,9.895,0.048761046,260.5278,OUT045,2002,,Tier 2,Ahmedabad,8851.1452
FDE33,Fruits and Vegetables,Regular,19.35,0.049736267,76.8644,OUT045,2002,,Tier 2,Ahmedabad,1571.288
FDB49,Baking Goods,Regular,8.3,0.030212499,98.0384,OUT045,2002,,Tier 2,Ahmedabad,2857.6136
FDY49,Canned,Regular,17.2,0.012036432,165.7184,OUT045,2002,,Tier 2,Ahmedabad,1816.3024
FDI12,Baking Goods,Regular,9.395,0.100602552,88.3856,OUT045,2002,,Tier 2,Ahmedabad,703.0848
FDF26,Canned,Regular,6.825,0.046729336,153.4998,OUT045,2002,,Tier 2,Ahmedabad,2153.1972
FDB02,Canned,Regular,9.695,0.029223424,175.437,OUT045,2002,,Tier 2,Ahmedabad,2999.429
FDU20,Fruits and Vegetables,Regular,19.35,0.021501067,122.2098,OUT045,2002,,Tier 2,Ahmedabad,2771.7254
FDX07,Fruits and Vegetables,Regular,19.2,0.022965292,181.695,OUT045,2002,,Tier 2,Ahmedabad,2563.33
FDO03,Meat,Regular,10.395,0.036957777,230.5352,OUT045,2002,,Tier 2,Ahmedabad,4580.704
FDW57,Snack Foods,Regular,8.31,0.115911972,177.3028,OUT045,2002,,Tier 2,Ahmedabad,1948.1308
FDQ26,Dairy,Regular,13.5,0.068010049,57.2562,OUT045,2002,,Tier 2,Ahmedabad,770.3306
DRC13,Soft Drinks,Regular,8.26,0.0,122.573,OUT045,2002,,Tier 2,Ahmedabad,739.038
FDS04,Frozen Foods,Regular,10.195,0.146960375,142.2838,OUT045,2002,,Tier 2,Ahmedabad,1685.8056
FDK26,Canned,Regular,5.46,0.032242661,187.624,OUT045,2002,,Tier 2,Ahmedabad,3542.056
FDX46,Snack Foods,Regular,12.3,0.058234621,58.7562,OUT045,2002,,Tier 2,Ahmedabad,592.562
FDP45,Snack Foods,Regular,15.7,0.030686952,253.4724,OUT045,2002,,Tier 2,Ahmedabad,1510.0344
FDY04,Frozen Foods,Regular,17.7,0.042562588,165.021,OUT045,2002,,Tier 2,Ahmedabad,3425.541
FDG10,Snack Foods,Regular,6.63,0.010961483,58.2588,OUT045,2002,,Tier 2,Ahmedabad,343.5528
FDY57,Snack Foods,Regular,20.2,0.121500143,95.0752,OUT045,2002,,Tier 2,Ahmedabad,2588.6304
FDN04,Frozen Foods,Regular,11.8,0.014115626,178.5344,OUT045,2002,,Tier 2,Ahmedabad,3390.2536
FDM51,Meat,Regular,11.8,0.025978802,102.5674,OUT045,2002,,Tier 2,Ahmedabad,1629.8784
FDW26,Dairy,Regular,11.8,0.107274301,221.1772,OUT045,2002,,Tier 2,Ahmedabad,3113.2808
FDZ13,Canned,Regular,7.84,0.153806271,51.335,OUT045,2002,,Tier 2,Ahmedabad,1198.44
FDU12,Baking Goods,Regular,15.5,0.075904695,263.9568,OUT045,2002,,Tier 2,Ahmedabad,4745.8224
FDX22,Snack Foods,Regular,6.785,0.023021406,208.9928,OUT045,2002,,Tier 2,Ahmedabad,2103.928
FDY28,Frozen Foods,Regular,7.47,0.0,211.8218,OUT045,2002,,Tier 2,Ahmedabad,6411.654
FDO52,Frozen Foods,Regular,11.6,0.077321087,169.3106,OUT045,2002,,Tier 2,Ahmedabad,2224.4378
FDE10,Snack Foods,Regular,6.67,0.090130537,131.4626,OUT045,2002,,Tier 2,Ahmedabad,1705.1138
FDR12,Baking Goods,Regular,12.6,0.031598706,172.9764,OUT045,2002,,Tier 2,Ahmedabad,2233.0932
FDU51,Meat,Regular,20.2,0.096709408,175.8028,OUT045,2002,,Tier 2,Ahmedabad,3896.2616
FDW19,Fruits and Vegetables,Regular,12.35,0.038578501,109.557,OUT045,2002,,Tier 2,Ahmedabad,1757.712
FDK25,Breakfast,Regular,11.6,0.157149885,168.2474,OUT045,2002,,Tier 2,Ahmedabad,2863.6058
FDR25,Canned,Regular,17.0,0.139804885,265.7884,OUT045,2002,,Tier 2,Ahmedabad,3974.826
FDK03,Dairy,Regular,12.6,0.074070351,254.2356,OUT045,2002,,Tier 2,Ahmedabad,4578.0408
FDT09,Snack Foods,Regular,15.15,0.012288171,129.9284,OUT045,2002,,Tier 2,Ahmedabad,2241.0828
FDR11,Breads,Regular,10.5,0.142827296,159.4578,OUT045,2002,,Tier 2,Ahmedabad,3048.6982
FDE50,Canned,Regular,19.7,0.016238512,186.4556,OUT045,2002,,Tier 2,Ahmedabad,5069.4012
FDJ20,Fruits and Vegetables,Regular,20.7,0.100378096,122.4388,OUT045,2002,,Tier 2,Ahmedabad,1238.388
FDI58,Snack Foods,Regular,7.64,0.070847865,91.712,OUT045,2002,,Tier 2,Ahmedabad,2050.664
FDV33,Snack Foods,Regular,9.6,0.027399064,258.3304,OUT045,2002,,Tier 2,Ahmedabad,4133.2864
FDY33,Snack Foods,Regular,14.5,0.097398254,157.4262,OUT045,2002,,Tier 2,Ahmedabad,3978.155
FDA27,Dairy,Regular,20.35,0.030990354,256.3672,OUT045,2002,,Tier 2,Ahmedabad,1022.6688
FDN08,Fruits and Vegetables,Regular,7.72,0.088543868,117.5466,OUT045,2002,,Tier 2,Ahmedabad,824.9262
FDY60,Baking Goods,Regular,10.5,0.026424424,145.2128,OUT045,2002,,Tier 2,Ahmedabad,3739.1328
FDY47,Breads,Regular,8.6,0.054594957,130.531,OUT045,2002,,Tier 2,Ahmedabad,1298.31
FDR51,Meat,Regular,9.035,0.173821519,151.4708,OUT045,2002,,Tier 2,Ahmedabad,2407.5328
FDH14,Canned,Regular,17.1,0.046903482,142.0838,OUT045,2002,,Tier 2,Ahmedabad,2528.7084
FDX31,Fruits and Vegetables,Regular,20.35,0.0,234.4958,OUT045,2002,,Tier 2,Ahmedabad,1402.1748
FDF57,Fruits and Vegetables,Regular,14.5,0.058946687,168.6448,OUT045,2002,,Tier 2,Ahmedabad,2897.5616
FDC51,Dairy,Regular,10.895,0.009641375,124.173,OUT045,2002,,Tier 2,Ahmedabad,1601.249
FDE36,Baking Goods,Regular,5.26,0.041857101,162.7868,OUT045,2002,,Tier 2,Ahmedabad,4258.4568
FDO27,Meat,Regular,6.175,0.0,94.9752,OUT045,2002,,Tier 2,Ahmedabad,1534.0032
FDW27,Meat,Regular,5.86,0.151159243,156.6314,OUT045,2002,,Tier 2,Ahmedabad,3257.7594
FDZ08,Fruits and Vegetables,Regular,12.5,0.110215444,81.8592,OUT045,2002,,Tier 2,Ahmedabad,1238.388
FDU21,Snack Foods,Regular,11.8,0.076876046,33.1558,OUT045,2002,,Tier 2,Ahmedabad,543.2928
FDI60,Baking Goods,Regular,7.22,0.038398937,61.951,OUT045,2002,,Tier 2,Ahmedabad,1518.024
FDR34,Snack Foods,Regular,17.0,0.015997687,229.1352,OUT045,2002,,Tier 2,Ahmedabad,4580.704
FDW32,Fruits and Vegetables,Regular,18.35,0.094488071,87.1882,OUT045,2002,,Tier 2,Ahmedabad,515.3292
FDY15,Dairy,Regular,18.25,0.171174491,156.463,OUT045,2002,,Tier 2,Ahmedabad,938.778
FDM09,Snack Foods,Regular,11.15,0.086105815,167.879,OUT045,2002,,Tier 2,Ahmedabad,2886.243
FDN22,Snack Foods,Regular,18.85,0.138585859,252.4724,OUT045,2002,,Tier 2,Ahmedabad,3271.7412
FDX12,Baking Goods,Regular,18.2,0.026117345,239.2196,OUT045,2002,,Tier 2,Ahmedabad,3133.2548
FDB26,Canned,Regular,14.0,0.031330907,52.364,OUT045,2002,,Tier 2,Ahmedabad,745.696
FDR37,Breakfast,Regular,16.5,0.066383907,180.4292,OUT045,2002,,Tier 2,Ahmedabad,2189.1504
FDD56,Fruits and Vegetables,Regular,15.2,0.103988736,177.0054,OUT045,2002,,Tier 2,Ahmedabad,3677.2134
FDQ47,Breads,Regular,7.155,0.168527463,33.6874,OUT045,2002,,Tier 2,Ahmedabad,1023.3346
FDD40,Dairy,Regular,20.25,0.014823358,190.7162,OUT045,2002,,Tier 2,Ahmedabad,1154.4972
FDK20,Fruits and Vegetables,Regular,12.6,0.041641933,121.1072,OUT045,2002,,Tier 2,Ahmedabad,980.0576
FDM50,Canned,Regular,13.0,0.030150193,61.422,OUT045,2002,,Tier 2,Ahmedabad,539.298
FDF44,Fruits and Vegetables,Regular,7.17,0.059849153,129.4968,OUT045,2002,,Tier 2,Ahmedabad,3392.9168
FDX49,Canned,Regular,4.615,0.102038294,231.93,OUT045,2002,,Tier 2,Ahmedabad,2563.33
FDG20,Fruits and Vegetables,Regular,15.5,0.125942816,176.0028,OUT045,2002,,Tier 2,Ahmedabad,1239.7196
FDO48,Baking Goods,Regular,15.0,0.0268952,220.3456,OUT045,2002,,Tier 2,Ahmedabad,1989.4104
FDT55,Fruits and Vegetables,Regular,13.6,0.043743689,157.7946,OUT045,2002,,Tier 2,Ahmedabad,1104.5622
FDP22,Snack Foods,Regular,14.65,0.099333217,51.3666,OUT045,2002,,Tier 2,Ahmedabad,1076.5986
FDT27,Meat,Regular,11.395,0.069728296,233.9616,OUT045,2002,,Tier 2,Ahmedabad,1406.1696
FDS59,Breads,Regular,14.8,0.043982464,110.657,OUT045,2002,,Tier 2,Ahmedabad,2966.139
FDI38,Canned,Regular,13.35,0.014656564,208.5638,OUT045,2002,,Tier 2,Ahmedabad,2277.7018
FDP28,Frozen Foods,Regular,13.65,0.080804019,261.1936,OUT045,2002,,Tier 2,Ahmedabad,2348.9424
FDI34,Snack Foods,Regular,10.65,0.085308611,230.2668,OUT045,2002,,Tier 2,Ahmedabad,5759.17
FDH20,Fruits and Vegetables,Regular,16.1,0.024999711,97.841,OUT045,2002,,Tier 2,Ahmedabad,1255.033
FDL24,Baking Goods,Regular,10.3,0.02494708,172.3422,OUT045,2002,,Tier 2,Ahmedabad,5690.5926
FDR20,Fruits and Vegetables,Regular,20.0,0.028180789,46.8744,OUT045,2002,,Tier 2,Ahmedabad,905.488
FDR15,Meat,Regular,9.3,0.033505804,153.4314,OUT045,2002,,Tier 2,Ahmedabad,2482.1024
FDN56,Fruits and Vegetables,Regular,5.46,0.107274301,145.5786,OUT045,2002,,Tier 2,Ahmedabad,3900.9222
FDR32,Fruits and Vegetables,Regular,6.78,0.085981978,228.4694,OUT045,2002,,Tier 2,Ahmedabad,5480.8656
FDH50,Canned,Regular,15.0,0.161762835,185.9266,OUT045,2002,,Tier 2,Ahmedabad,2581.9724
FDI27,Dairy,Regular,8.71,0.046079575,43.5744,OUT045,2002,,Tier 2,Ahmedabad,407.4696
FDU46,Snack Foods,Regular,10.3,0.011148865,84.854,OUT045,2002,,Tier 2,Ahmedabad,778.986
FDT23,Breads,Regular,7.72,0.074883035,79.8986,OUT045,2002,,Tier 2,Ahmedabad,1090.5804
FDV60,Baking Goods,Regular,20.2,0.117599259,195.311,OUT045,2002,,Tier 2,Ahmedabad,3338.987
FDL09,Snack Foods,Regular,19.6,0.12829573,167.2816,OUT045,2002,,Tier 2,Ahmedabad,2013.3792
FDY37,Canned,Regular,17.0,0.026622757,144.247,OUT045,2002,,Tier 2,Ahmedabad,3149.234
FDE41,Frozen Foods,Regular,9.195,0.064143995,85.9566,OUT045,2002,,Tier 2,Ahmedabad,1691.132
FDQ55,Fruits and Vegetables,Regular,13.65,0.013064516,115.5834,OUT045,2002,,Tier 2,Ahmedabad,1382.2008
FDV56,Fruits and Vegetables,Regular,16.1,0.013623294,109.3596,OUT045,2002,,Tier 2,Ahmedabad,1186.4556
FDV52,Frozen Foods,Regular,20.7,0.121767168,118.9466,OUT045,2002,,Tier 2,Ahmedabad,353.5398
FDF39,Dairy,Regular,14.85,0.019550858,263.791,OUT045,2002,,Tier 2,Ahmedabad,4207.856
FDD26,Canned,Regular,8.71,0.072301795,185.6924,OUT045,2002,,Tier 2,Ahmedabad,3331.6632
FDH45,Fruits and Vegetables,Regular,15.1,0.105881129,42.0796,OUT045,2002,,Tier 2,Ahmedabad,454.0756
FDZ39,Meat,Regular,19.7,0.018061324,102.599,OUT045,2002,,Tier 2,Ahmedabad,2063.98
FDO39,Meat,Regular,6.985,0.137645467,185.2608,OUT045,2002,,Tier 2,Ahmedabad,2940.1728
FDQ36,Baking Goods,Regular,7.855,0.161875063,35.6848,OUT045,2002,,Tier 2,Ahmedabad,335.5632
FDE14,Canned,Regular,13.65,0.031508924,98.77,OUT045,2002,,Tier 2,Ahmedabad,1697.79
FDV44,Fruits and Vegetables,Regular,8.365,0.039925235,189.2188,OUT045,2002,,Tier 2,Ahmedabad,4570.0512
FDV57,Snack Foods,Regular,15.25,0.0,178.166,OUT045,2002,,Tier 2,Ahmedabad,4853.682
FDE40,Dairy,Regular,15.6,0.099344826,63.6194,OUT045,2002,,Tier 2,Ahmedabad,743.0328
FDF11,Starchy Foods,Regular,10.195,0.017666978,239.4538,OUT045,2002,,Tier 2,Ahmedabad,4566.7222
FDN16,Frozen Foods,Regular,12.6,0.062827447,105.099,OUT045,2002,,Tier 2,Ahmedabad,1444.786
FDT19,Fruits and Vegetables,Regular,7.59,0.145335007,173.108,OUT045,2002,,Tier 2,Ahmedabad,2077.296
FDT07,Fruits and Vegetables,Regular,5.82,0.077475884,255.333,OUT045,2002,,Tier 2,Ahmedabad,4870.327
DRC01,Soft Drinks,Regular,5.92,0.019238942,49.8692,OUT045,2002,,Tier 2,Ahmedabad,1133.1916
FDL57,Snack Foods,Regular,15.1,0.067212845,260.2304,OUT045,2002,,Tier 2,Ahmedabad,4908.2776
FDG05,Frozen Foods,Regular,11.0,0.088025298,158.063,OUT045,2002,,Tier 2,Ahmedabad,2659.871
FDC52,Dairy,Regular,11.15,0.008296692,150.6708,OUT045,2002,,Tier 2,Ahmedabad,2106.5912
FDC34,Snack Foods,Regular,16.0,0.173109453,155.2972,OUT045,2002,,Tier 2,Ahmedabad,3894.93
FDD41,Frozen Foods,Regular,6.765,0.087437069,106.1306,OUT045,2002,,Tier 2,Ahmedabad,1672.4896
FDA04,Frozen Foods,Regular,11.3,0.066865326,260.1962,OUT045,2002,,Tier 2,Ahmedabad,2848.9582
FDT24,Baking Goods,Regular,12.35,0.186236236,78.7328,OUT045,2002,,Tier 2,Ahmedabad,1390.1904
FDH56,Fruits and Vegetables,Regular,9.8,0.063946629,116.6492,OUT045,2002,,Tier 2,Ahmedabad,2316.984
FDT47,Breads,Regular,5.26,0.02455854,95.6068,OUT045,2002,,Tier 2,Ahmedabad,2332.9632
FDH02,Canned,Regular,7.27,0.020823289,92.4488,OUT045,2002,,Tier 2,Ahmedabad,996.0368
FDB56,Fruits and Vegetables,Regular,8.75,0.074778547,186.3556,OUT045,2002,,Tier 2,Ahmedabad,3567.3564
FDB14,Canned,Regular,20.25,0.102932246,93.212,OUT045,2002,,Tier 2,Ahmedabad,1304.968
FDQ03,Meat,Regular,15.0,0.078172471,238.8248,OUT045,2002,,Tier 2,Ahmedabad,3555.372
FDZ32,Fruits and Vegetables,Regular,7.785,0.038210084,103.8964,OUT045,2002,,Tier 2,Ahmedabad,946.7676
FDS33,Snack Foods,Regular,6.67,0.12367891,88.9514,OUT045,2002,,Tier 2,Ahmedabad,885.514
FDT50,Dairy,Regular,6.75,0.108458498,96.9752,OUT045,2002,,Tier 2,Ahmedabad,958.752
FDU57,Snack Foods,Regular,8.27,0.089735804,148.7708,OUT045,2002,,Tier 2,Ahmedabad,2708.4744
FDE23,Starchy Foods,Regular,17.6,0.053288857,47.306,OUT045,2002,,Tier 2,Ahmedabad,605.878
FDP49,Breakfast,Regular,9.0,0.069229076,55.9614,OUT045,2002,,Tier 2,Ahmedabad,386.8298
FDV10,Snack Foods,Regular,7.645,0.0,41.7112,OUT045,2002,,Tier 2,Ahmedabad,852.224
FDN38,Canned,Regular,6.615,0.092158377,251.1408,OUT045,2002,,Tier 2,Ahmedabad,3254.4304
FDS28,Frozen Foods,Regular,8.18,0.082568705,56.1588,OUT045,2002,,Tier 2,Ahmedabad,458.0704
FDM15,Meat,Regular,11.8,0.057538034,149.8366,OUT045,2002,,Tier 2,Ahmedabad,1662.5026
FDU50,Dairy,Regular,5.75,0.075322658,116.3176,OUT045,2002,,Tier 2,Ahmedabad,2519.3872
FDU47,Breads,Regular,12.8,0.114085368,141.3838,OUT045,2002,,Tier 2,Ahmedabad,2388.2246
FDX04,Frozen Foods,Regular,19.6,0.041655865,48.5376,OUT045,2002,,Tier 2,Ahmedabad,335.5632
FDI09,Seafood,Regular,20.75,0.0,239.988,OUT045,2002,,Tier 2,Ahmedabad,2636.568
FDY16,Frozen Foods,Regular,18.35,0.092413792,183.6266,OUT045,2002,,Tier 2,Ahmedabad,1844.266
FDL21,Snack Foods,Regular,15.85,0.007160908,39.348,OUT045,2002,,Tier 2,Ahmedabad,719.064
FDS16,Frozen Foods,Regular,15.15,0.066311153,145.776,OUT045,2002,,Tier 2,Ahmedabad,3954.852
FDH26,Canned,Regular,19.25,0.034770109,141.9496,OUT045,2002,,Tier 2,Ahmedabad,988.0472
FDS45,Snack Foods,Regular,5.175,0.029555773,105.9622,OUT045,2002,,Tier 2,Ahmedabad,1693.7952
FDB41,Frozen Foods,Regular,19.0,0.097510482,48.1718,OUT045,2002,,Tier 2,Ahmedabad,709.077
FDW44,Fruits and Vegetables,Regular,9.5,0.035222503,170.1448,OUT045,2002,,Tier 2,Ahmedabad,1874.8928
FDV26,Dairy,Regular,20.25,0.076314907,196.7794,OUT045,2002,,Tier 2,Ahmedabad,2731.1116
FDG46,Snack Foods,Regular,8.63,0.032976399,114.6518,OUT045,2002,,Tier 2,Ahmedabad,2846.295
FDZ25,Canned,Regular,15.7,0.027673055,169.279,OUT045,2002,,Tier 2,Ahmedabad,3735.138
FDJ10,Snack Foods,Regular,5.095,0.129766301,141.6838,OUT045,2002,,Tier 2,Ahmedabad,3231.1274
FDR27,Meat,Regular,15.1,0.096295326,133.4942,OUT045,2002,,Tier 2,Ahmedabad,1457.4362
FDZ02,Dairy,Regular,6.905,0.03822479,99.8726,OUT045,2002,,Tier 2,Ahmedabad,587.2356
FDG09,Fruits and Vegetables,Regular,20.6,0.0480335,188.2556,OUT045,2002,,Tier 2,Ahmedabad,3755.112
FDD10,Snack Foods,Regular,20.6,0.046114018,178.2344,OUT045,2002,,Tier 2,Ahmedabad,1070.6064
FDX51,Meat,Regular,9.5,0.02210346,194.7452,OUT045,2002,,Tier 2,Ahmedabad,1370.2164
FDH60,Baking Goods,Regular,19.7,0.0,197.911,OUT045,2002,,Tier 2,Ahmedabad,1767.699
FDT26,Dairy,Regular,18.85,0.068091318,120.644,OUT045,2002,,Tier 2,Ahmedabad,3475.476
FDJ44,Fruits and Vegetables,Regular,12.3,0.106542886,173.2396,OUT045,2002,,Tier 2,Ahmedabad,3139.9128
FDA07,Fruits and Vegetables,Regular,7.55,0.031007381,123.4072,OUT045,2002,,Tier 2,Ahmedabad,2082.6224
FDL38,Canned,Regular,13.8,0.014762987,90.7172,OUT045,2002,,Tier 2,Ahmedabad,1338.258
FDT39,Meat,Regular,6.26,0.009887927,150.7366,OUT045,2002,,Tier 2,Ahmedabad,2418.1856
FDC59,Starchy Foods,Regular,16.7,0.054739692,65.7168,OUT045,2002,,Tier 2,Ahmedabad,1086.5856
FDC22,Snack Foods,Regular,6.89,0.136705075,194.882,OUT045,2002,,Tier 2,Ahmedabad,4440.886
FDU58,Snack Foods,Regular,6.61,0.0,186.4898,OUT045,2002,,Tier 2,Ahmedabad,2993.4368
FDX32,Fruits and Vegetables,Regular,15.1,0.100060762,144.0786,OUT045,2002,,Tier 2,Ahmedabad,2600.6148
FDM45,Snack Foods,Regular,8.655,0.088373591,119.3756,OUT045,2002,,Tier 2,Ahmedabad,1454.1072
FDA25,Canned,Regular,16.5,0.068263916,104.799,OUT045,2002,,Tier 2,Ahmedabad,1238.388
FDX52,Frozen Foods,Regular,11.5,0.042087749,192.682,OUT045,2002,,Tier 2,Ahmedabad,3861.64
FDG34,Snack Foods,Regular,11.5,0.037646623,107.5254,OUT045,2002,,Tier 2,Ahmedabad,325.5762
DRM49,Soft Drinks,Regular,6.11,0.152262171,44.4086,OUT045,2002,,Tier 2,Ahmedabad,1159.8236
FDW12,Baking Goods,Regular,8.315,0.035644325,147.1444,OUT045,2002,,Tier 2,Ahmedabad,870.8664
FDP08,Fruits and Vegetables,Regular,20.5,0.112638016,195.5478,OUT045,2002,,Tier 2,Ahmedabad,3874.956
FDS27,Meat,Regular,10.195,0.012483408,195.411,OUT045,2002,,Tier 2,Ahmedabad,2749.754
FDF21,Fruits and Vegetables,Regular,10.3,0.0,189.053,OUT045,2002,,Tier 2,Ahmedabad,5313.084
FDS19,Fruits and Vegetables,Regular,13.8,0.0,74.3012,OUT045,2002,,Tier 2,Ahmedabad,1669.8264
FDJ12,Baking Goods,Regular,8.895,0.039120291,206.8296,OUT045,2002,,Tier 2,Ahmedabad,4154.592
FDJ36,Baking Goods,Regular,14.5,0.128520186,101.4332,OUT045,2002,,Tier 2,Ahmedabad,1948.1308
FDN46,Snack Foods,Regular,7.21,0.144924795,100.8332,OUT045,2002,,Tier 2,Ahmedabad,1537.998
FDN51,Meat,Regular,17.85,0.020989308,260.7936,OUT045,2002,,Tier 2,Ahmedabad,4697.8848
FDI50,Canned,Regular,8.42,0.030905215,227.6352,OUT045,2002,,Tier 2,Ahmedabad,2748.4224
FDU31,Fruits and Vegetables,Regular,10.5,0.025041738,218.7508,OUT045,2002,,Tier 2,Ahmedabad,3255.762
FDU19,Fruits and Vegetables,Regular,8.77,0.046866331,170.5422,OUT045,2002,,Tier 2,Ahmedabad,1551.9798
FDI21,Snack Foods,Regular,5.59,0.05671761,62.9168,OUT045,2002,,Tier 2,Ahmedabad,1406.1696
FDM57,Snack Foods,Regular,11.65,0.076002991,83.4908,OUT045,2002,,Tier 2,Ahmedabad,503.3448
FDW60,Baking Goods,Regular,5.44,0.017096552,178.137,OUT045,2002,,Tier 2,Ahmedabad,3175.866
FDG38,Canned,Regular,8.975,0.052836076,86.6224,OUT045,2002,,Tier 2,Ahmedabad,1619.2256
FDU15,Meat,Regular,13.65,0.0,37.9532,OUT045,2002,,Tier 2,Ahmedabad,575.2512
FDS09,Snack Foods,Regular,8.895,0.08125293,49.8008,OUT045,2002,,Tier 2,Ahmedabad,1062.6168
FDW02,Dairy,Regular,4.805,0.0,123.9704,OUT045,2002,,Tier 2,Ahmedabad,2253.0672
FDZ23,Baking Goods,Regular,17.75,0.067639698,187.624,OUT045,2002,,Tier 2,Ahmedabad,1491.392
FDG56,Fruits and Vegetables,Regular,13.3,0.071597469,60.8536,OUT045,2002,,Tier 2,Ahmedabad,918.804
FDS34,Snack Foods,Regular,19.35,0.076914745,114.8518,OUT045,2002,,Tier 2,Ahmedabad,1707.777
FDR36,Baking Goods,Regular,6.715,0.121832956,43.5454,OUT045,2002,,Tier 2,Ahmedabad,838.908
FDX03,Meat,Regular,15.85,0.06121988,45.6744,OUT045,2002,,Tier 2,Ahmedabad,633.8416
FDB36,Baking Goods,Regular,5.465,0.048625599,129.2626,OUT045,2002,,Tier 2,Ahmedabad,1311.626
FDY02,Dairy,Regular,8.945,0.087823675,261.091,OUT045,2002,,Tier 2,Ahmedabad,3418.883
FDP03,Meat,Regular,5.15,0.061301149,122.1388,OUT045,2002,,Tier 2,Ahmedabad,2352.9372
FDY34,Snack Foods,Regular,10.5,0.01100413,167.1842,OUT045,2002,,Tier 2,Ahmedabad,2984.1156
DRD01,Soft Drinks,Regular,12.1,0.061299601,56.2614,OUT045,2002,,Tier 2,Ahmedabad,552.614
FDS22,Snack Foods,Regular,16.85,0.023201357,45.9428,OUT045,2002,,Tier 2,Ahmedabad,307.5996
FDF56,Fruits and Vegetables,Regular,16.7,0.119704498,181.9976,OUT045,2002,,Tier 2,Ahmedabad,5432.928
FDU16,Frozen Foods,Regular,19.25,0.0,82.5908,OUT045,2002,,Tier 2,Ahmedabad,922.7988
FDX35,Breads,Regular,5.035,0.080072603,228.2036,OUT045,2002,,Tier 2,Ahmedabad,2504.7396
FDB23,Starchy Foods,Regular,19.2,0.0,223.8062,OUT045,2002,,Tier 2,Ahmedabad,5642.655
FDR19,Fruits and Vegetables,Regular,13.5,0.160044589,145.4102,OUT045,2002,,Tier 2,Ahmedabad,3499.4448
FDM08,Fruits and Vegetables,Regular,10.1,0.053692878,222.9088,OUT045,2002,,Tier 2,Ahmedabad,5145.3024
FDV01,Canned,Regular,19.2,0.085122855,155.4314,OUT045,2002,,Tier 2,Ahmedabad,3568.0222
FDC16,Dairy,Regular,11.5,0.020611526,84.954,OUT045,2002,,Tier 2,Ahmedabad,865.54
FDR22,Snack Foods,Regular,19.35,0.018600249,110.2544,OUT045,2002,,Tier 2,Ahmedabad,2908.2144
FDV37,Canned,Regular,13.0,0.083683243,198.5426,OUT045,2002,,Tier 2,Ahmedabad,1186.4556
FDK32,Fruits and Vegetables,Regular,16.25,0.049074897,154.2682,OUT045,2002,,Tier 2,Ahmedabad,3354.3004
FDH44,Fruits and Vegetables,Regular,19.1,0.025924623,148.0418,OUT045,2002,,Tier 2,Ahmedabad,3825.6868
FDP12,Baking Goods,Regular,9.8,0.045358609,36.1874,OUT045,2002,,Tier 2,Ahmedabad,423.4488
FDF08,Fruits and Vegetables,Regular,14.3,0.065339802,89.1856,OUT045,2002,,Tier 2,Ahmedabad,1845.5976
FDH28,Frozen Foods,Regular,15.85,0.110254143,37.3506,OUT045,2002,,Tier 2,Ahmedabad,341.5554
FDG21,Seafood,Regular,17.35,0.0,150.205,OUT045,2002,,Tier 2,Ahmedabad,5992.2
DRZ11,Soft Drinks,Regular,8.85,0.112893431,123.3388,OUT045,2002,,Tier 2,Ahmedabad,2972.1312
FDZ49,Canned,Regular,11.0,0.13341564,218.7798,OUT045,2002,,Tier 2,Ahmedabad,2203.798
FDB46,Snack Foods,Regular,10.5,0.093954022,211.8244,OUT045,2002,,Tier 2,Ahmedabad,3387.5904
FDO56,Fruits and Vegetables,Regular,10.195,0.045073782,119.1808,OUT045,2002,,Tier 2,Ahmedabad,468.7232
FDX11,Baking Goods,Regular,16.0,0.106968577,180.5634,OUT045,2002,,Tier 2,Ahmedabad,2726.451
FDT56,Fruits and Vegetables,Regular,16.0,0.115826834,56.0246,OUT045,2002,,Tier 2,Ahmedabad,695.0952
FDW31,Fruits and Vegetables,Regular,11.35,0.04324563,199.4742,OUT045,2002,,Tier 2,Ahmedabad,2587.9646
FDA01,Canned,Regular,15.0,0.054488534,57.5904,OUT045,2002,,Tier 2,Ahmedabad,468.7232
FDS36,Baking Goods,Regular,8.38,0.046982429,108.157,OUT045,2002,,Tier 2,Ahmedabad,549.285
DRH01,Soft Drinks,Low Fat,17.5,0.097904029,174.8738,OUT046,1997,Small,Tier 1,Ahmedabad,2085.2856
FDU02,Dairy,Low Fat,13.35,0.102511504,230.6352,OUT046,1997,Small,Tier 1,Ahmedabad,3435.528
NCL17,Health and Hygiene,Low Fat,7.39,0.067779712,143.8812,OUT046,1997,Small,Tier 1,Ahmedabad,3134.5864
FDY21,Snack Foods,Low Fat,15.1,0.173481304,194.511,OUT046,1997,Small,Tier 1,Ahmedabad,4910.275
NCI17,Health and Hygiene,Low Fat,8.645,0.143422643,95.841,OUT046,1997,Small,Tier 1,Ahmedabad,2027.361
FDD58,Snack Foods,Low Fat,7.76,0.059352241,101.87,OUT046,1997,Small,Tier 1,Ahmedabad,1697.79
FDD03,Dairy,Low Fat,13.3,0.079806266,232.53,OUT046,1997,Small,Tier 1,Ahmedabad,699.09
DRI49,Soft Drinks,Low Fat,14.15,0.183507295,82.4276,OUT046,1997,Small,Tier 1,Ahmedabad,1137.1864
NCH54,Household,Low Fat,13.5,0.07266912,160.292,OUT046,1997,Small,Tier 1,Ahmedabad,1438.128
NCO26,Household,Low Fat,7.235,0.076855628,116.0492,OUT046,1997,Small,Tier 1,Ahmedabad,1969.4364
FDX20,Fruits and Vegetables,Low Fat,7.365,0.042560252,226.172,OUT046,1997,Small,Tier 1,Ahmedabad,3169.208
DRF49,Soft Drinks,Low Fat,7.27,0.071077939,114.2518,OUT046,1997,Small,Tier 1,Ahmedabad,2618.5914
FDT20,Fruits and Vegetables,Low Fat,10.5,0.041395445,37.6164,OUT046,1997,Small,Tier 1,Ahmedabad,540.6296
FDI19,Meat,Low Fat,15.1,0.052339069,242.7512,OUT046,1997,Small,Tier 1,Ahmedabad,4119.9704
NCD06,Household,Low Fat,13.0,0.099325278,45.406,OUT046,1997,Small,Tier 1,Ahmedabad,605.878
FDL22,Snack Foods,Low Fat,16.85,0.036390174,91.4488,OUT046,1997,Small,Tier 1,Ahmedabad,2082.6224
NCM31,Others,Low Fat,6.095,0.081196619,141.4154,OUT046,1997,Small,Tier 1,Ahmedabad,1418.154
FDU36,Baking Goods,Low Fat,6.15,0.04627095,99.3384,OUT046,1997,Small,Tier 1,Ahmedabad,2364.9216
FDX23,Baking Goods,Low Fat,6.445,0.029691762,92.6436,OUT046,1997,Small,Tier 1,Ahmedabad,1039.9796
NCO43,Others,Low Fat,5.5,0.04709821,101.3016,OUT046,1997,Small,Tier 1,Ahmedabad,3339.6528
DRI01,Soft Drinks,Low Fat,7.97,0.034452949,174.0422,OUT046,1997,Small,Tier 1,Ahmedabad,2586.633
FDH27,Dairy,Low Fat,7.075,0.058346939,142.2128,OUT046,1997,Small,Tier 1,Ahmedabad,3163.8816
NCO17,Health and Hygiene,Low Fat,10.0,0.073379745,118.244,OUT046,1997,Small,Tier 1,Ahmedabad,2756.412
FDB27,Dairy,Low Fat,7.575,0.055390121,195.2768,OUT046,1997,Small,Tier 1,Ahmedabad,5715.2272
FDM40,Frozen Foods,Low Fat,10.195,0.159936948,143.2154,OUT046,1997,Small,Tier 1,Ahmedabad,2552.6772
NCX41,Health and Hygiene,Low Fat,19.0,0.017719277,211.0244,OUT046,1997,Small,Tier 1,Ahmedabad,3811.0392
FDS48,Baking Goods,Low Fat,15.15,0.027779254,150.1708,OUT046,1997,Small,Tier 1,Ahmedabad,1504.708
FDH19,Meat,Low Fat,19.35,0.033088472,175.4738,OUT046,1997,Small,Tier 1,Ahmedabad,521.3214
NCB55,Household,Low Fat,15.7,0.160663021,59.4562,OUT046,1997,Small,Tier 1,Ahmedabad,829.5868
NCR05,Health and Hygiene,Low Fat,10.1,0.054630834,200.2084,OUT046,1997,Small,Tier 1,Ahmedabad,1587.2672
FDI35,Starchy Foods,Low Fat,14.0,0.041291169,180.7634,OUT046,1997,Small,Tier 1,Ahmedabad,2181.1608
FDX08,Fruits and Vegetables,Low Fat,12.85,0.022604051,181.4318,OUT046,1997,Small,Tier 1,Ahmedabad,3428.2042
FDZ15,Dairy,Low Fat,13.1,0.020870744,117.3782,OUT046,1997,Small,Tier 1,Ahmedabad,1787.673
FDU25,Canned,Low Fat,12.35,0.026681262,56.4246,OUT046,1997,Small,Tier 1,Ahmedabad,810.9444
FDK41,Frozen Foods,Low Fat,14.3,0.127541722,84.9224,OUT046,1997,Small,Tier 1,Ahmedabad,1193.1136
FDW28,Frozen Foods,Low Fat,18.25,0.0,196.8452,OUT046,1997,Small,Tier 1,Ahmedabad,3327.6684
FDH57,Fruits and Vegetables,Low Fat,10.895,0.035747522,133.6284,OUT046,1997,Small,Tier 1,Ahmedabad,1581.9408
FDK44,Fruits and Vegetables,Low Fat,16.6,0.0,173.3738,OUT046,1997,Small,Tier 1,Ahmedabad,2085.2856
FDO04,Frozen Foods,Low Fat,16.6,0.026537206,57.2614,OUT046,1997,Small,Tier 1,Ahmedabad,1049.9666
FDE34,Snack Foods,Low Fat,9.195,0.107891398,182.7634,OUT046,1997,Small,Tier 1,Ahmedabad,3817.0314
NCJ30,Household,Low Fat,5.82,0.080640478,167.779,OUT046,1997,Small,Tier 1,Ahmedabad,2886.243
DRK37,Soft Drinks,Low Fat,5.0,0.044004675,188.853,OUT046,1997,Small,Tier 1,Ahmedabad,5502.837
FDK48,Baking Goods,Low Fat,7.445,0.0,76.8354,OUT046,1997,Small,Tier 1,Ahmedabad,2181.8266
FDV58,Snack Foods,Low Fat,20.85,0.121250374,193.9452,OUT046,1997,Small,Tier 1,Ahmedabad,1565.9616
NCF42,Household,Low Fat,17.35,0.167383061,175.6712,OUT046,1997,Small,Tier 1,Ahmedabad,2812.3392
FDK14,Canned,Low Fat,6.98,0.041105789,83.4934,OUT046,1997,Small,Tier 1,Ahmedabad,1555.9746
FDH32,Fruits and Vegetables,Low Fat,12.8,0.076060037,95.141,OUT046,1997,Small,Tier 1,Ahmedabad,868.869
NCJ42,Household,Low Fat,19.75,0.014301326,103.0332,OUT046,1997,Small,Tier 1,Ahmedabad,1230.3984
NCL53,Health and Hygiene,Low Fat,7.5,0.036234918,175.3028,OUT046,1997,Small,Tier 1,Ahmedabad,3896.2616
FDM14,Canned,Low Fat,13.8,0.013263968,106.9254,OUT046,1997,Small,Tier 1,Ahmedabad,2930.1858
NCV05,Health and Hygiene,Low Fat,10.1,0.03020851,153.1656,OUT046,1997,Small,Tier 1,Ahmedabad,1544.656
FDA23,Baking Goods,Low Fat,9.8,0.047187038,100.6016,OUT046,1997,Small,Tier 1,Ahmedabad,1619.2256
NCV06,Household,Low Fat,11.3,0.066681333,194.4478,OUT046,1997,Small,Tier 1,Ahmedabad,387.4956
FDR26,Dairy,Low Fat,20.7,0.042836778,175.8028,OUT046,1997,Small,Tier 1,Ahmedabad,1593.9252
FDN20,Fruits and Vegetables,Low Fat,19.35,0.026181893,167.0474,OUT046,1997,Small,Tier 1,Ahmedabad,2358.2636
FDW49,Canned,Low Fat,19.5,0.082552214,179.8002,OUT046,1997,Small,Tier 1,Ahmedabad,716.4008
FDP33,Snack Foods,Low Fat,18.7,0.089272253,254.7672,OUT046,1997,Small,Tier 1,Ahmedabad,5113.344
FDB59,Snack Foods,Low Fat,18.25,0.015278899,199.0084,OUT046,1997,Small,Tier 1,Ahmedabad,3174.5344
FDD50,Canned,Low Fat,18.85,0.141642219,168.1132,OUT046,1997,Small,Tier 1,Ahmedabad,2874.9244
FDX19,Fruits and Vegetables,Low Fat,19.1,0.096733815,233.1958,OUT046,1997,Small,Tier 1,Ahmedabad,5141.3076
FDV45,Snack Foods,Low Fat,16.75,0.045047439,186.4556,OUT046,1997,Small,Tier 1,Ahmedabad,3942.8676
DRE27,Dairy,Low Fat,11.85,0.13267058,96.4726,OUT046,1997,Small,Tier 1,Ahmedabad,978.726
FDM52,Frozen Foods,Low Fat,15.1,0.025993423,147.4076,OUT046,1997,Small,Tier 1,Ahmedabad,2808.3444
NCN06,Household,Low Fat,8.39,0.120497266,162.2868,OUT046,1997,Small,Tier 1,Ahmedabad,2620.5888
FDB15,Dairy,Low Fat,10.895,0.136810742,263.0568,OUT046,1997,Small,Tier 1,Ahmedabad,527.3136
NCK42,Household,Low Fat,7.475,0.013120028,217.6192,OUT046,1997,Small,Tier 1,Ahmedabad,1725.7536
NCE31,Household,Low Fat,7.67,0.184843579,33.1216,OUT046,1997,Small,Tier 1,Ahmedabad,727.0536
FDM20,Fruits and Vegetables,Low Fat,10.0,0.038685802,243.8144,OUT046,1997,Small,Tier 1,Ahmedabad,4655.2736
FDP19,Fruits and Vegetables,Low Fat,11.5,0.173516063,128.1652,OUT046,1997,Small,Tier 1,Ahmedabad,2454.1388
FDE45,Fruits and Vegetables,Low Fat,12.1,0.040357315,177.8002,OUT046,1997,Small,Tier 1,Ahmedabad,1611.9018
FDO57,Snack Foods,Low Fat,20.75,0.108710162,161.7578,OUT046,1997,Small,Tier 1,Ahmedabad,2888.2404
NCY05,Health and Hygiene,Low Fat,13.5,0.054990009,35.2874,OUT046,1997,Small,Tier 1,Ahmedabad,741.0354
NCG06,Household,Low Fat,16.35,0.029445361,257.6646,OUT046,1997,Small,Tier 1,Ahmedabad,2061.3168
FDR46,Snack Foods,Low Fat,16.85,0.139417654,147.476,OUT046,1997,Small,Tier 1,Ahmedabad,2929.52
DRN11,Hard Drinks,Low Fat,7.85,0.162980276,145.2444,OUT046,1997,Small,Tier 1,Ahmedabad,1451.444
FDP16,Frozen Foods,Low Fat,18.6,0.039294854,246.6802,OUT046,1997,Small,Tier 1,Ahmedabad,2702.4822
FDQ37,Breakfast,Low Fat,20.75,0.089260667,193.4478,OUT046,1997,Small,Tier 1,Ahmedabad,4843.695
FDL33,Snack Foods,Low Fat,7.235,0.099962524,193.8452,OUT046,1997,Small,Tier 1,Ahmedabad,1957.452
FDV49,Canned,Low Fat,10.0,0.025827199,263.2226,OUT046,1997,Small,Tier 1,Ahmedabad,3700.5164
NCD07,Household,Low Fat,9.1,0.0,114.4518,OUT046,1997,Small,Tier 1,Ahmedabad,1593.9252
FDS10,Snack Foods,Low Fat,19.2,0.035185588,181.3318,OUT046,1997,Small,Tier 1,Ahmedabad,1443.4544
FDY10,Snack Foods,Low Fat,17.6,0.049067877,115.6176,OUT046,1997,Small,Tier 1,Ahmedabad,2519.3872
FDB05,Frozen Foods,Low Fat,5.155,0.083198341,246.0776,OUT046,1997,Small,Tier 1,Ahmedabad,990.7104
FDY52,Frozen Foods,Low Fat,6.365,0.007348286,62.8536,OUT046,1997,Small,Tier 1,Ahmedabad,796.2968
FDR43,Fruits and Vegetables,Low Fat,18.2,0.161489509,37.619,OUT046,1997,Small,Tier 1,Ahmedabad,366.19
NCP43,Others,Low Fat,17.75,0.03050705,180.366,OUT046,1997,Small,Tier 1,Ahmedabad,2336.958
FDT43,Fruits and Vegetables,Low Fat,16.35,0.020547951,51.2324,OUT046,1997,Small,Tier 1,Ahmedabad,571.2564
FDT31,Fruits and Vegetables,Low Fat,19.75,0.012448294,188.2872,OUT046,1997,Small,Tier 1,Ahmedabad,2647.2208
DRG11,Hard Drinks,Low Fat,6.385,0.0,108.9596,OUT046,1997,Small,Tier 1,Ahmedabad,1186.4556
FDG47,Starchy Foods,Low Fat,12.8,0.06961884,260.3252,OUT046,1997,Small,Tier 1,Ahmedabad,8132.0812
FDG57,Fruits and Vegetables,Low Fat,14.7,0.07229836,48.2034,OUT046,1997,Small,Tier 1,Ahmedabad,874.8612
FDA56,Fruits and Vegetables,Low Fat,9.21,0.008764786,123.1414,OUT046,1997,Small,Tier 1,Ahmedabad,4264.449
FDO58,Snack Foods,Low Fat,19.6,0.039577173,166.1526,OUT046,1997,Small,Tier 1,Ahmedabad,2960.1468
FDR60,Baking Goods,Low Fat,14.3,0.130415118,75.9328,OUT046,1997,Small,Tier 1,Ahmedabad,1158.492
NCL31,Others,Low Fat,7.39,0.120280989,142.747,OUT046,1997,Small,Tier 1,Ahmedabad,3149.234
NCJ31,Others,Low Fat,19.2,0.182653772,243.0196,OUT046,1997,Small,Tier 1,Ahmedabad,3374.2744
FDA49,Canned,Low Fat,19.7,0.064921764,88.1198,OUT046,1997,Small,Tier 1,Ahmedabad,1744.396
DRK13,Soft Drinks,Low Fat,11.8,0.115167579,199.8084,OUT046,1997,Small,Tier 1,Ahmedabad,2380.9008
FDL46,Snack Foods,Low Fat,20.35,0.054056927,116.8466,OUT046,1997,Small,Tier 1,Ahmedabad,2356.932
DRF25,Soft Drinks,Low Fat,9.0,0.038925251,34.919,OUT046,1997,Small,Tier 1,Ahmedabad,476.047
DRD24,Soft Drinks,Low Fat,13.85,0.030795085,143.3154,OUT046,1997,Small,Tier 1,Ahmedabad,1985.4156
NCV41,Health and Hygiene,Low Fat,14.35,0.017038777,112.5228,OUT046,1997,Small,Tier 1,Ahmedabad,1989.4104
FDD57,Fruits and Vegetables,Low Fat,18.1,0.022399592,96.0094,OUT046,1997,Small,Tier 1,Ahmedabad,1808.9786
FDC56,Fruits and Vegetables,Low Fat,7.72,0.12152072,118.244,OUT046,1997,Small,Tier 1,Ahmedabad,958.752
DRI25,Soft Drinks,Low Fat,19.6,0.033901442,56.2614,OUT046,1997,Small,Tier 1,Ahmedabad,773.6596
FDG59,Starchy Foods,Low Fat,15.85,0.043234574,38.3164,OUT046,1997,Small,Tier 1,Ahmedabad,540.6296
FDT21,Snack Foods,Low Fat,7.42,0.020391845,248.9092,OUT046,1997,Small,Tier 1,Ahmedabad,2241.0828
FDQ46,Snack Foods,Low Fat,7.51,0.103813029,113.7544,OUT046,1997,Small,Tier 1,Ahmedabad,671.1264
FDN13,Breakfast,Low Fat,18.6,0.152058281,99.9358,OUT046,1997,Small,Tier 1,Ahmedabad,201.0716
DRE12,Soft Drinks,Low Fat,4.59,0.070780558,114.586,OUT046,1997,Small,Tier 1,Ahmedabad,1245.046
FDQ56,Fruits and Vegetables,Low Fat,6.59,0.105597316,83.4908,OUT046,1997,Small,Tier 1,Ahmedabad,1342.2528
DRE03,Dairy,Low Fat,19.6,0.024226902,48.7718,OUT046,1997,Small,Tier 1,Ahmedabad,236.359
FDB08,Fruits and Vegetables,Low Fat,6.055,0.031103357,159.9578,OUT046,1997,Small,Tier 1,Ahmedabad,2727.7826
DRK49,Soft Drinks,Low Fat,14.15,0.035943717,40.5138,OUT046,1997,Small,Tier 1,Ahmedabad,446.7518
FDB44,Fruits and Vegetables,Low Fat,6.655,0.016958832,210.0586,OUT046,1997,Small,Tier 1,Ahmedabad,4221.172
FDG02,Canned,Low Fat,7.855,0.011261165,189.5188,OUT046,1997,Small,Tier 1,Ahmedabad,1904.188
FDU59,Breads,Low Fat,5.78,0.096386227,163.5552,OUT046,1997,Small,Tier 1,Ahmedabad,1787.0072
DRH15,Dairy,Low Fat,8.775,0.109911272,41.9428,OUT046,1997,Small,Tier 1,Ahmedabad,1537.998
FDA39,Meat,Low Fat,6.32,0.012717946,40.2822,OUT046,1997,Small,Tier 1,Ahmedabad,628.5152
FDH08,Fruits and Vegetables,Low Fat,7.51,0.01742908,229.601,OUT046,1997,Small,Tier 1,Ahmedabad,6201.927
DRM48,Soft Drinks,Low Fat,15.2,0.112896669,36.0848,OUT046,1997,Small,Tier 1,Ahmedabad,1193.1136
FDE32,Fruits and Vegetables,Low Fat,20.7,0.04875891,37.3506,OUT046,1997,Small,Tier 1,Ahmedabad,834.9132
NCR18,Household,Low Fat,15.85,0.020487625,44.0112,OUT046,1997,Small,Tier 1,Ahmedabad,468.7232
NCI42,Household,Low Fat,18.75,0.010365546,207.0954,OUT046,1997,Small,Tier 1,Ahmedabad,3125.931
FDD09,Fruits and Vegetables,Low Fat,13.5,0.021496403,180.5976,OUT046,1997,Small,Tier 1,Ahmedabad,3078.6592
FDW24,Baking Goods,Low Fat,6.8,0.03749705,49.9034,OUT046,1997,Small,Tier 1,Ahmedabad,194.4136
FDF05,Frozen Foods,Low Fat,17.5,0.02687089,264.491,OUT046,1997,Small,Tier 1,Ahmedabad,3681.874
FDP20,Fruits and Vegetables,Low Fat,19.85,0.045669236,126.402,OUT046,1997,Small,Tier 1,Ahmedabad,1012.016
NCC42,Health and Hygiene,Low Fat,15.0,0.044908404,140.2838,OUT046,1997,Small,Tier 1,Ahmedabad,1404.838
NCE19,Household,Low Fat,8.97,0.09301462,52.7956,OUT046,1997,Small,Tier 1,Ahmedabad,1037.3164
FDS01,Canned,Low Fat,11.6,0.017744999,177.9686,OUT046,1997,Small,Tier 1,Ahmedabad,1244.3802
FDJ28,Frozen Foods,Low Fat,12.3,0.021860985,193.3162,OUT046,1997,Small,Tier 1,Ahmedabad,3078.6592
DRF36,Soft Drinks,Low Fat,16.1,0.023577298,192.6846,OUT046,1997,Small,Tier 1,Ahmedabad,2866.269
DRH59,Hard Drinks,Low Fat,10.8,0.05843345,74.738,OUT046,1997,Small,Tier 1,Ahmedabad,1025.332
FDL20,Fruits and Vegetables,Low Fat,17.1,0.0,111.9886,OUT046,1997,Small,Tier 1,Ahmedabad,3002.0922
NCZ06,Household,Low Fat,19.6,0.094161662,251.9698,OUT046,1997,Small,Tier 1,Ahmedabad,4566.0564
FDC35,Starchy Foods,Low Fat,7.435,0.122837694,208.7638,OUT046,1997,Small,Tier 1,Ahmedabad,3105.957
FDA32,Fruits and Vegetables,Low Fat,14.0,0.030094192,215.7192,OUT046,1997,Small,Tier 1,Ahmedabad,1078.596
FDS08,Fruits and Vegetables,Low Fat,5.735,0.05696122,176.337,OUT046,1997,Small,Tier 1,Ahmedabad,1764.37
FDV35,Breads,Low Fat,19.5,0.128206001,155.9314,OUT046,1997,Small,Tier 1,Ahmedabad,3878.285
NCW17,Health and Hygiene,Low Fat,18.0,0.019386234,126.8994,OUT046,1997,Small,Tier 1,Ahmedabad,3083.9856
DRK47,Hard Drinks,Low Fat,7.905,0.06406438,229.2694,OUT046,1997,Small,Tier 1,Ahmedabad,1826.9552
FDF22,Snack Foods,Low Fat,6.865,0.056830682,214.0218,OUT046,1997,Small,Tier 1,Ahmedabad,5556.7668
NCK07,Others,Low Fat,10.65,0.048686689,164.1526,OUT046,1997,Small,Tier 1,Ahmedabad,1808.9786
NCC30,Household,Low Fat,16.6,0.027579198,178.7344,OUT046,1997,Small,Tier 1,Ahmedabad,1605.9096
NCD19,Household,Low Fat,8.93,0.013179388,55.1614,OUT046,1997,Small,Tier 1,Ahmedabad,939.4438
DRJ37,Soft Drinks,Low Fat,10.8,0.061101383,151.9024,OUT046,1997,Small,Tier 1,Ahmedabad,2580.6408
NCQ50,Household,Low Fat,18.75,0.034307348,215.2218,OUT046,1997,Small,Tier 1,Ahmedabad,4701.8796
FDX50,Dairy,Low Fat,20.1,0.074627201,110.3228,OUT046,1997,Small,Tier 1,Ahmedabad,1768.3648
DRG48,Soft Drinks,Low Fat,5.78,0.014555066,145.2102,OUT046,1997,Small,Tier 1,Ahmedabad,3062.0142
FDS52,Frozen Foods,Low Fat,8.89,0.005474515,99.7016,OUT046,1997,Small,Tier 1,Ahmedabad,1922.8304
FDR58,Snack Foods,Low Fat,6.675,0.041921462,92.3462,OUT046,1997,Small,Tier 1,Ahmedabad,2406.2012
FDY25,Canned,Low Fat,12.0,0.033974436,181.8976,OUT046,1997,Small,Tier 1,Ahmedabad,4527.44
DRE15,Dairy,Low Fat,13.35,0.0,77.6012,OUT046,1997,Small,Tier 1,Ahmedabad,986.7156
NCS38,Household,Low Fat,8.6,0.090191431,112.9176,OUT046,1997,Small,Tier 1,Ahmedabad,458.0704
FDH41,Frozen Foods,Low Fat,9.0,0.082011521,213.3534,OUT046,1997,Small,Tier 1,Ahmedabad,1935.4806
FDQ39,Meat,Low Fat,14.8,0.081042136,192.4846,OUT046,1997,Small,Tier 1,Ahmedabad,5159.2842
FDV59,Breads,Low Fat,13.35,0.048027043,218.9166,OUT046,1997,Small,Tier 1,Ahmedabad,5660.6316
FDT25,Canned,Low Fat,7.5,0.050750977,122.2072,OUT046,1997,Small,Tier 1,Ahmedabad,1960.1152
FDF47,Starchy Foods,Low Fat,20.85,0.097618234,223.9746,OUT046,1997,Small,Tier 1,Ahmedabad,897.4984
FDG29,Frozen Foods,Low Fat,17.6,0.05629192,42.5454,OUT046,1997,Small,Tier 1,Ahmedabad,419.454
FDZ10,Snack Foods,Low Fat,17.85,0.044463491,127.102,OUT046,1997,Small,Tier 1,Ahmedabad,2024.032
FDT45,Snack Foods,Low Fat,15.85,0.057313443,53.3956,OUT046,1997,Small,Tier 1,Ahmedabad,1364.89
NCN26,Household,Low Fat,10.85,0.028679894,115.1808,OUT046,1997,Small,Tier 1,Ahmedabad,2109.2544
FDE53,Frozen Foods,Low Fat,10.895,0.026880159,106.428,OUT046,1997,Small,Tier 1,Ahmedabad,1491.392
NCT18,Household,Low Fat,14.6,0.059405152,179.6976,OUT046,1997,Small,Tier 1,Ahmedabad,3621.952
NCJ05,Health and Hygiene,Low Fat,18.7,0.046088273,153.6682,OUT046,1997,Small,Tier 1,Ahmedabad,3506.7686
FDA48,Baking Goods,Low Fat,12.1,0.11487406,221.4114,OUT046,1997,Small,Tier 1,Ahmedabad,5099.3622
NCB19,Household,Low Fat,6.525,0.090295708,84.6882,OUT046,1997,Small,Tier 1,Ahmedabad,601.2174
FDD04,Dairy,Low Fat,16.0,0.089971292,143.2154,OUT046,1997,Small,Tier 1,Ahmedabad,1701.7848
FDT28,Frozen Foods,Low Fat,13.3,0.06356617,151.3708,OUT046,1997,Small,Tier 1,Ahmedabad,3611.2992
FDN45,Snack Foods,Low Fat,19.35,0.118102769,224.8088,OUT046,1997,Small,Tier 1,Ahmedabad,2013.3792
FDJ04,Frozen Foods,Low Fat,18.0,0.124452048,118.5124,OUT046,1997,Small,Tier 1,Ahmedabad,1303.6364
FDI57,Seafood,Low Fat,19.85,0.054025644,197.2768,OUT046,1997,Small,Tier 1,Ahmedabad,6503.5344
FDI56,Fruits and Vegetables,Low Fat,7.325,0.093385381,91.3146,OUT046,1997,Small,Tier 1,Ahmedabad,1641.8628
NCL18,Household,Low Fat,18.85,0.16758389,194.6136,OUT046,1997,Small,Tier 1,Ahmedabad,2721.7904
NCU18,Household,Low Fat,15.1,0.055840055,139.8496,OUT046,1997,Small,Tier 1,Ahmedabad,1411.496
FDK09,Snack Foods,Low Fat,15.2,0.091763303,228.5352,OUT046,1997,Small,Tier 1,Ahmedabad,1832.2816
DRD12,Soft Drinks,Low Fat,6.96,0.077193561,89.9146,OUT046,1997,Small,Tier 1,Ahmedabad,1277.0044
FDS51,Meat,Low Fat,13.35,0.032180494,61.2194,OUT046,1997,Small,Tier 1,Ahmedabad,433.4358
DRJ01,Soft Drinks,Low Fat,6.135,0.115032406,161.0236,OUT046,1997,Small,Tier 1,Ahmedabad,1288.9888
NCS53,Health and Hygiene,Low Fat,14.5,0.089778187,158.4604,OUT046,1997,Small,Tier 1,Ahmedabad,2693.8268
FDR04,Frozen Foods,Low Fat,7.075,0.022566975,97.3068,OUT046,1997,Small,Tier 1,Ahmedabad,1263.6884
DRC25,Soft Drinks,Low Fat,5.73,0.045371855,86.0882,OUT046,1997,Small,Tier 1,Ahmedabad,1116.5466
NCE30,Household,Low Fat,16.0,0.099136036,210.3902,OUT046,1997,Small,Tier 1,Ahmedabad,1486.7314
NCN42,Household,Low Fat,20.25,0.014222617,148.9418,OUT046,1997,Small,Tier 1,Ahmedabad,3531.4032
NCX06,Household,Low Fat,17.6,0.015687045,182.6976,OUT046,1997,Small,Tier 1,Ahmedabad,3440.8544
NCO18,Household,Low Fat,13.15,0.024651269,179.5686,OUT046,1997,Small,Tier 1,Ahmedabad,1422.1488
NCO06,Household,Low Fat,19.25,0.108030434,32.4558,OUT046,1997,Small,Tier 1,Ahmedabad,101.8674
FDP34,Snack Foods,Low Fat,12.85,0.137227848,155.563,OUT046,1997,Small,Tier 1,Ahmedabad,4224.501
DRH49,Soft Drinks,Low Fat,19.7,0.024655594,84.3592,OUT046,1997,Small,Tier 1,Ahmedabad,743.0328
FDY51,Meat,Low Fat,12.5,0.081134826,220.0798,OUT046,1997,Small,Tier 1,Ahmedabad,4848.3556
FDA22,Starchy Foods,Low Fat,7.435,0.084452363,165.2158,OUT046,1997,Small,Tier 1,Ahmedabad,2840.9686
FDA33,Snack Foods,Low Fat,6.48,0.033899898,146.9076,OUT046,1997,Small,Tier 1,Ahmedabad,2956.152
NCE18,Household,Low Fat,10.0,0.021425341,250.175,OUT046,1997,Small,Tier 1,Ahmedabad,2996.1
NCQ29,Health and Hygiene,Low Fat,12.0,0.104230135,259.5278,OUT046,1997,Small,Tier 1,Ahmedabad,2603.278
FDL04,Frozen Foods,Low Fat,19.0,0.111923422,106.5622,OUT046,1997,Small,Tier 1,Ahmedabad,2117.244
FDC41,Frozen Foods,Low Fat,15.6,0.116913245,78.167,OUT046,1997,Small,Tier 1,Ahmedabad,1837.608
NCI29,Health and Hygiene,Low Fat,8.6,0.032621545,143.2154,OUT046,1997,Small,Tier 1,Ahmedabad,2127.231
FDY36,Baking Goods,Low Fat,12.3,0.009410528,73.738,OUT046,1997,Small,Tier 1,Ahmedabad,1318.284
NCZ54,Household,Low Fat,14.65,0.083359391,161.9552,OUT046,1997,Small,Tier 1,Ahmedabad,4711.2008
NCO05,Health and Hygiene,Low Fat,7.27,0.046559448,100.5384,OUT046,1997,Small,Tier 1,Ahmedabad,2463.46
FDL34,Snack Foods,Low Fat,16.0,0.040945898,143.1496,OUT046,1997,Small,Tier 1,Ahmedabad,2258.3936
NCZ17,Health and Hygiene,Low Fat,12.15,0.079431643,38.6506,OUT046,1997,Small,Tier 1,Ahmedabad,796.9626
FDI20,Fruits and Vegetables,Low Fat,19.1,0.03856376,209.2586,OUT046,1997,Small,Tier 1,Ahmedabad,3165.879
FDF32,Fruits and Vegetables,Low Fat,16.35,0.0,198.5426,OUT046,1997,Small,Tier 1,Ahmedabad,1384.1982
FDO60,Baking Goods,Low Fat,20.0,0.034369528,43.7086,OUT046,1997,Small,Tier 1,Ahmedabad,892.172
NCR50,Household,Low Fat,20.2,0.011820087,151.634,OUT046,1997,Small,Tier 1,Ahmedabad,1990.742
NCM17,Health and Hygiene,Low Fat,7.93,0.07113587,42.7086,OUT046,1997,Small,Tier 1,Ahmedabad,356.8688
NCY18,Household,Low Fat,7.285,0.031151633,173.2054,OUT046,1997,Small,Tier 1,Ahmedabad,4902.9512
FDJ53,Frozen Foods,Low Fat,10.5,0.071257912,121.3098,OUT046,1997,Small,Tier 1,Ahmedabad,843.5686
NCL07,Others,Low Fat,13.85,0.031338558,41.048,OUT046,1997,Small,Tier 1,Ahmedabad,639.168
DRG37,Soft Drinks,Low Fat,16.2,0.019378432,156.4972,OUT046,1997,Small,Tier 1,Ahmedabad,1090.5804
NCX54,Household,Low Fat,9.195,0.048059871,105.8622,OUT046,1997,Small,Tier 1,Ahmedabad,2223.1062
FDB16,Dairy,Low Fat,8.21,0.044925784,86.0198,OUT046,1997,Small,Tier 1,Ahmedabad,1569.9564
NCN17,Health and Hygiene,Low Fat,11.0,0.054939029,101.4358,OUT046,1997,Small,Tier 1,Ahmedabad,1608.5728
DRI13,Soft Drinks,Low Fat,15.35,0.020326962,216.7508,OUT046,1997,Small,Tier 1,Ahmedabad,1736.4064
FDG60,Baking Goods,Low Fat,20.35,0.060699725,233.3616,OUT046,1997,Small,Tier 1,Ahmedabad,6093.4016
DRF51,Dairy,Low Fat,15.75,0.165838224,36.6506,OUT046,1997,Small,Tier 1,Ahmedabad,607.2096
FDF16,Frozen Foods,Low Fat,7.3,0.086132373,148.8076,OUT046,1997,Small,Tier 1,Ahmedabad,3103.9596
DRN36,Soft Drinks,Low Fat,15.2,0.0,96.6752,OUT046,1997,Small,Tier 1,Ahmedabad,479.376
NCC07,Household,Low Fat,19.6,0.023951149,105.6964,OUT046,1997,Small,Tier 1,Ahmedabad,1577.946
FDZ34,Starchy Foods,Low Fat,6.695,0.075878519,194.082,OUT046,1997,Small,Tier 1,Ahmedabad,3861.64
FDW33,Snack Foods,Low Fat,9.395,0.099120588,107.228,OUT046,1997,Small,Tier 1,Ahmedabad,2024.032
FDU07,Fruits and Vegetables,Low Fat,11.1,0.059846975,150.1366,OUT046,1997,Small,Tier 1,Ahmedabad,1813.6392
FDO25,Canned,Low Fat,6.3,0.127449031,210.527,OUT046,1997,Small,Tier 1,Ahmedabad,6291.81
FDE26,Canned,Low Fat,9.3,0.089005769,143.9786,OUT046,1997,Small,Tier 1,Ahmedabad,2745.0934
NCF54,Household,Low Fat,18.0,0.047377053,171.1422,OUT046,1997,Small,Tier 1,Ahmedabad,2931.5174
FDV40,Frozen Foods,Low Fat,17.35,0.014691784,74.1038,OUT046,1997,Small,Tier 1,Ahmedabad,960.7494
DRJ59,Hard Drinks,Low Fat,11.65,0.019372253,40.6164,OUT046,1997,Small,Tier 1,Ahmedabad,308.9312
FDZ48,Baking Goods,Low Fat,17.75,0.075959623,112.4544,OUT046,1997,Small,Tier 1,Ahmedabad,2460.7968
FDH38,Canned,Low Fat,6.425,0.01043823,115.8808,OUT046,1997,Small,Tier 1,Ahmedabad,1757.712
NCA53,Health and Hygiene,Low Fat,11.395,0.009878459,47.6034,OUT046,1997,Small,Tier 1,Ahmedabad,1312.2918
FDK36,Baking Goods,Low Fat,7.09,0.007215314,47.6034,OUT046,1997,Small,Tier 1,Ahmedabad,1458.102
FDK40,Frozen Foods,Low Fat,7.035,0.021849398,262.091,OUT046,1997,Small,Tier 1,Ahmedabad,4207.856
NCA17,Health and Hygiene,Low Fat,20.6,0.0,148.8392,OUT046,1997,Small,Tier 1,Ahmedabad,2684.5056
FDX60,Baking Goods,Low Fat,14.35,0.080594133,80.996,OUT046,1997,Small,Tier 1,Ahmedabad,1757.712
NCR54,Household,Low Fat,16.35,0.090562192,198.211,OUT046,1997,Small,Tier 1,Ahmedabad,1964.11
FDQ21,Snack Foods,Low Fat,21.25,0.019423232,120.8756,OUT046,1997,Small,Tier 1,Ahmedabad,3150.5656
NCK31,Others,Low Fat,10.895,0.027047774,50.6666,OUT046,1997,Small,Tier 1,Ahmedabad,666.4658
FDL08,Fruits and Vegetables,Low Fat,10.8,0.049719026,246.7144,OUT046,1997,Small,Tier 1,Ahmedabad,5145.3024
NCV30,Household,Low Fat,20.2,0.065932087,64.851,OUT046,1997,Small,Tier 1,Ahmedabad,948.765
FDA19,Fruits and Vegetables,Low Fat,7.52,0.055127499,128.2994,OUT046,1997,Small,Tier 1,Ahmedabad,3983.4814
NCU54,Household,Low Fat,8.88,0.098622378,208.427,OUT046,1997,Small,Tier 1,Ahmedabad,5452.902
NCN07,Others,Low Fat,18.5,0.033944698,129.9284,OUT046,1997,Small,Tier 1,Ahmedabad,1054.6272
FDW47,Breads,Low Fat,15.0,0.046375227,122.8414,OUT046,1997,Small,Tier 1,Ahmedabad,731.0484
FDK04,Frozen Foods,Low Fat,7.36,0.052312034,58.5588,OUT046,1997,Small,Tier 1,Ahmedabad,801.6232
FDX40,Frozen Foods,Low Fat,12.85,0.098993139,39.3164,OUT046,1997,Small,Tier 1,Ahmedabad,540.6296
NCY17,Health and Hygiene,Low Fat,18.2,0.163096139,43.0086,OUT046,1997,Small,Tier 1,Ahmedabad,758.3462
FDN12,Baking Goods,Low Fat,15.6,0.081103929,112.3544,OUT046,1997,Small,Tier 1,Ahmedabad,1006.6896
DRE01,Soft Drinks,Low Fat,10.1,0.167155198,241.7512,OUT046,1997,Small,Tier 1,Ahmedabad,5331.7264
NCC06,Household,Low Fat,19.0,0.026986367,127.1336,OUT046,1997,Small,Tier 1,Ahmedabad,2812.3392
FDO32,Fruits and Vegetables,Low Fat,6.36,0.120543611,45.806,OUT046,1997,Small,Tier 1,Ahmedabad,1165.15
DRE37,Soft Drinks,Low Fat,13.5,0.094219593,189.9872,OUT046,1997,Small,Tier 1,Ahmedabad,1323.6104
FDQ34,Snack Foods,Low Fat,10.85,0.162242617,107.8622,OUT046,1997,Small,Tier 1,Ahmedabad,1058.622
FDH34,Snack Foods,Low Fat,8.63,0.031095246,185.7582,OUT046,1997,Small,Tier 1,Ahmedabad,3529.4058
FDI45,Fruits and Vegetables,Low Fat,13.1,0.037581243,175.5054,OUT046,1997,Small,Tier 1,Ahmedabad,2451.4756
DRI03,Dairy,Low Fat,6.03,0.022703693,177.9028,OUT046,1997,Small,Tier 1,Ahmedabad,4781.7756
NCL05,Health and Hygiene,Low Fat,19.6,0.047897663,44.677,OUT046,1997,Small,Tier 1,Ahmedabad,173.108
FDN31,Fruits and Vegetables,Low Fat,11.5,0.072881535,191.353,OUT046,1997,Small,Tier 1,Ahmedabad,2277.036
FDH58,Snack Foods,Low Fat,12.3,0.036939673,113.1834,OUT046,1997,Small,Tier 1,Ahmedabad,3109.9518
FDN21,Snack Foods,Low Fat,18.6,0.076855628,161.0236,OUT046,1997,Small,Tier 1,Ahmedabad,483.3708
NCQ06,Household,Low Fat,13.0,0.041824524,256.7014,OUT046,1997,Small,Tier 1,Ahmedabad,2805.0154
FDT48,Baking Goods,Low Fat,4.92,0.045955031,199.1084,OUT046,1997,Small,Tier 1,Ahmedabad,2182.4924
FDA14,Dairy,Low Fat,16.1,0.065183228,148.076,OUT046,1997,Small,Tier 1,Ahmedabad,1464.76
DRK35,Hard Drinks,Low Fat,8.365,0.071846495,37.9506,OUT046,1997,Small,Tier 1,Ahmedabad,569.259
FDM46,Snack Foods,Low Fat,7.365,0.159967845,94.712,OUT046,1997,Small,Tier 1,Ahmedabad,1304.968
DRF27,Dairy,Low Fat,8.93,0.028417272,154.534,OUT046,1997,Small,Tier 1,Ahmedabad,2603.278
NCL29,Health and Hygiene,Low Fat,9.695,0.113939434,160.2604,OUT046,1997,Small,Tier 1,Ahmedabad,1901.5248
DRD15,Dairy,Low Fat,10.6,0.056795923,232.8642,OUT046,1997,Small,Tier 1,Ahmedabad,3485.463
DRE48,Soft Drinks,Low Fat,8.43,0.01732573,197.9768,OUT046,1997,Small,Tier 1,Ahmedabad,1182.4608
FDB09,Fruits and Vegetables,Low Fat,16.25,0.057396092,125.8046,OUT046,1997,Small,Tier 1,Ahmedabad,747.0276
FDV55,Fruits and Vegetables,Low Fat,17.75,0.05507343,145.1444,OUT046,1997,Small,Tier 1,Ahmedabad,1886.8772
DRI37,Soft Drinks,Low Fat,15.85,0.107597879,58.7904,OUT046,1997,Small,Tier 1,Ahmedabad,585.904
FDU38,Dairy,Low Fat,10.8,0.082549896,193.7504,OUT046,1997,Small,Tier 1,Ahmedabad,4602.0096
DRI47,Hard Drinks,Low Fat,14.7,0.020920179,143.8128,OUT046,1997,Small,Tier 1,Ahmedabad,3020.0688
DRO47,Hard Drinks,Low Fat,10.195,0.0,114.086,OUT046,1997,Small,Tier 1,Ahmedabad,1810.976
FDN57,Snack Foods,Low Fat,18.25,0.054234197,142.0154,OUT046,1997,Small,Tier 1,Ahmedabad,2269.0464
FDA16,Frozen Foods,Low Fat,6.695,0.0,219.4456,OUT046,1997,Small,Tier 1,Ahmedabad,3094.6384
FDO12,Baking Goods,Low Fat,15.75,0.054930533,194.4452,OUT046,1997,Small,Tier 1,Ahmedabad,5089.3752
DRZ24,Soft Drinks,Low Fat,7.535,0.081787519,120.844,OUT046,1997,Small,Tier 1,Ahmedabad,2157.192
FDP57,Snack Foods,Low Fat,17.5,0.0,102.999,OUT046,1997,Small,Tier 1,Ahmedabad,2992.771
FDK51,Dairy,Low Fat,19.85,0.005235143,265.8884,OUT046,1997,Small,Tier 1,Ahmedabad,2649.884
NCA54,Household,Low Fat,16.5,0.036641597,178.7318,OUT046,1997,Small,Tier 1,Ahmedabad,1263.0226
FDZ44,Fruits and Vegetables,Low Fat,8.185,0.038729057,117.1808,OUT046,1997,Small,Tier 1,Ahmedabad,1874.8928
FDP25,Canned,Low Fat,15.2,0.021207519,219.4824,OUT046,1997,Small,Tier 1,Ahmedabad,1747.0592
FDS03,Meat,Low Fat,7.825,0.07962861,63.4826,OUT046,1997,Small,Tier 1,Ahmedabad,2002.0606
NCN19,Others,Low Fat,13.1,0.0,189.253,OUT046,1997,Small,Tier 1,Ahmedabad,1518.024
NCY41,Health and Hygiene,Low Fat,16.75,0.075735621,34.5532,OUT046,1997,Small,Tier 1,Ahmedabad,323.5788
NCN14,Others,Low Fat,19.1,0.091917786,182.7608,OUT046,1997,Small,Tier 1,Ahmedabad,1837.608
NCM05,Health and Hygiene,Low Fat,6.825,0.059846975,262.5226,OUT046,1997,Small,Tier 1,Ahmedabad,9779.9362
NCG42,Household,Low Fat,19.2,0.041227831,129.831,OUT046,1997,Small,Tier 1,Ahmedabad,1947.465
DRF01,Soft Drinks,Low Fat,5.655,0.0,147.5102,OUT046,1997,Small,Tier 1,Ahmedabad,1166.4816
FDP24,Baking Goods,Low Fat,20.6,0.083004078,119.4756,OUT046,1997,Small,Tier 1,Ahmedabad,1090.5804
FDW56,Fruits and Vegetables,Low Fat,7.68,0.070900282,192.6162,OUT046,1997,Small,Tier 1,Ahmedabad,5580.0698
FDC50,Canned,Low Fat,15.85,0.136497913,96.3094,OUT046,1997,Small,Tier 1,Ahmedabad,2856.282
FDU23,Breads,Low Fat,12.15,0.0,164.7184,OUT046,1997,Small,Tier 1,Ahmedabad,3962.8416
NCI43,Household,Low Fat,19.85,0.025968706,49.5376,OUT046,1997,Small,Tier 1,Ahmedabad,1006.6896
FDZ04,Frozen Foods,Low Fat,9.31,0.037955094,62.151,OUT046,1997,Small,Tier 1,Ahmedabad,1201.769
FDS60,Baking Goods,Low Fat,20.85,0.032448523,177.866,OUT046,1997,Small,Tier 1,Ahmedabad,1078.596
NCN41,Health and Hygiene,Low Fat,17.0,0.052209303,122.373,OUT046,1997,Small,Tier 1,Ahmedabad,2586.633
FDG44,Fruits and Vegetables,Low Fat,6.13,0.0,54.1298,OUT046,1997,Small,Tier 1,Ahmedabad,1348.245
FDZ09,Snack Foods,Low Fat,17.6,0.104878967,164.8868,OUT046,1997,Small,Tier 1,Ahmedabad,2456.802
FDV03,Meat,Low Fat,17.6,0.058091269,156.2314,OUT046,1997,Small,Tier 1,Ahmedabad,2947.4966
FDC02,Canned,Low Fat,21.35,0.068822477,258.3278,OUT046,1997,Small,Tier 1,Ahmedabad,7028.8506
FDL10,Snack Foods,Low Fat,8.395,0.039492207,97.3042,OUT046,1997,Small,Tier 1,Ahmedabad,1091.2462
NCV29,Health and Hygiene,Low Fat,11.8,0.022843501,177.8686,OUT046,1997,Small,Tier 1,Ahmedabad,4621.9836
FDM28,Frozen Foods,Low Fat,15.7,0.045203854,180.266,OUT046,1997,Small,Tier 1,Ahmedabad,1617.894
FDR35,Breads,Low Fat,12.5,0.020697723,198.8742,OUT046,1997,Small,Tier 1,Ahmedabad,5773.1518
FDX15,Meat,Low Fat,17.2,0.156298858,162.1578,OUT046,1997,Small,Tier 1,Ahmedabad,1283.6624
FDQ44,Fruits and Vegetables,Low Fat,20.5,0.036140297,120.0756,OUT046,1997,Small,Tier 1,Ahmedabad,2302.3364
NCZ29,Health and Hygiene,Low Fat,15.0,0.071371458,125.2362,OUT046,1997,Small,Tier 1,Ahmedabad,1384.1982
FDA21,Snack Foods,Low Fat,13.65,0.03596071,186.3924,OUT046,1997,Small,Tier 1,Ahmedabad,1665.8316
FDP10,Snack Foods,Low Fat,19.0,0.128090139,107.0622,OUT046,1997,Small,Tier 1,Ahmedabad,1376.2086
DRC12,Soft Drinks,Low Fat,17.85,0.037826873,189.7188,OUT046,1997,Small,Tier 1,Ahmedabad,2285.0256
FDX24,Baking Goods,Low Fat,8.355,0.013929059,94.1462,OUT046,1997,Small,Tier 1,Ahmedabad,2221.1088
DRG15,Dairy,Low Fat,6.13,0.076735903,62.4536,OUT046,1997,Small,Tier 1,Ahmedabad,1225.072
FDQ58,Snack Foods,Low Fat,7.315,0.01530184,154.434,OUT046,1997,Small,Tier 1,Ahmedabad,1378.206
FDJ09,Snack Foods,Low Fat,15.0,0.0,43.4744,OUT046,1997,Small,Tier 1,Ahmedabad,543.2928
NCI30,Household,Low Fat,20.25,0.058935522,246.646,OUT046,1997,Small,Tier 1,Ahmedabad,2463.46
FDZ20,Fruits and Vegetables,Low Fat,16.1,0.034306962,252.3356,OUT046,1997,Small,Tier 1,Ahmedabad,3815.034
FDS35,Breads,Low Fat,9.3,0.111220521,65.7826,OUT046,1997,Small,Tier 1,Ahmedabad,968.739
FDR49,Canned,Low Fat,8.71,0.139228412,49.5376,OUT046,1997,Small,Tier 1,Ahmedabad,1198.44
DRM47,Hard Drinks,Low Fat,9.3,0.043785694,191.6846,OUT046,1997,Small,Tier 1,Ahmedabad,3057.3536
FDT13,Canned,Low Fat,14.85,0.018571641,187.3214,OUT046,1997,Small,Tier 1,Ahmedabad,4333.6922
FDS50,Dairy,Low Fat,17.0,0.055433377,221.1114,OUT046,1997,Small,Tier 1,Ahmedabad,4434.228
FDX21,Snack Foods,Low Fat,7.05,0.084966021,111.1912,OUT046,1997,Small,Tier 1,Ahmedabad,1965.4416
NCQ43,Others,Low Fat,17.75,0.111301625,107.5912,OUT046,1997,Small,Tier 1,Ahmedabad,1528.6768
FDX14,Dairy,Low Fat,13.1,0.07494003,75.0354,OUT046,1997,Small,Tier 1,Ahmedabad,902.8248
FDV09,Snack Foods,Low Fat,12.1,0.020568574,150.4734,OUT046,1997,Small,Tier 1,Ahmedabad,2078.6276
FDE02,Canned,Low Fat,8.71,0.121250374,92.7778,OUT046,1997,Small,Tier 1,Ahmedabad,1032.6558
NCK05,Health and Hygiene,Low Fat,20.1,0.077454252,59.2536,OUT046,1997,Small,Tier 1,Ahmedabad,735.0432
FDR21,Snack Foods,Low Fat,19.7,0.066935459,177.537,OUT046,1997,Small,Tier 1,Ahmedabad,3175.866
NCU29,Health and Hygiene,Low Fat,7.685,0.025477448,145.276,OUT046,1997,Small,Tier 1,Ahmedabad,3515.424
NCU30,Household,Low Fat,5.11,0.034874689,161.721,OUT046,1997,Small,Tier 1,Ahmedabad,2446.815
FDC26,Canned,Low Fat,10.195,0.126383094,112.1886,OUT046,1997,Small,Tier 1,Ahmedabad,667.1316
NCQ53,Health and Hygiene,Low Fat,17.6,0.018905326,234.659,OUT046,1997,Small,Tier 1,Ahmedabad,8508.924
DRL60,Soft Drinks,Low Fat,8.52,0.02705936,153.3682,OUT046,1997,Small,Tier 1,Ahmedabad,914.8092
NCA18,Household,Low Fat,10.1,0.056077574,117.8492,OUT046,1997,Small,Tier 1,Ahmedabad,1621.8888
NCL41,Health and Hygiene,Low Fat,12.35,0.041737627,33.1216,OUT046,1997,Small,Tier 1,Ahmedabad,519.324
NCP29,Health and Hygiene,Low Fat,8.42,0.11227101,63.2168,OUT046,1997,Small,Tier 1,Ahmedabad,703.0848
FDG50,Canned,Low Fat,7.405,0.015271793,89.9146,OUT046,1997,Small,Tier 1,Ahmedabad,1550.6482
NCX18,Household,Low Fat,14.15,0.0,196.311,OUT046,1997,Small,Tier 1,Ahmedabad,3338.987
NCJ19,Others,Low Fat,18.6,0.118180011,56.2588,OUT046,1997,Small,Tier 1,Ahmedabad,1030.6584
FDD16,Frozen Foods,Low Fat,20.5,0.036353098,75.8696,OUT046,1997,Small,Tier 1,Ahmedabad,2386.2272
DRG23,Hard Drinks,Low Fat,8.88,0.086781204,152.2682,OUT046,1997,Small,Tier 1,Ahmedabad,1829.6184
FDW23,Baking Goods,Low Fat,5.765,0.082012293,37.5164,OUT046,1997,Small,Tier 1,Ahmedabad,656.4788
NCN05,Health and Hygiene,Low Fat,8.235,0.014459672,181.895,OUT046,1997,Small,Tier 1,Ahmedabad,732.38
FDU14,Dairy,Low Fat,17.75,0.034752647,248.775,OUT046,1997,Small,Tier 1,Ahmedabad,3745.125
DRG39,Dairy,Low Fat,14.15,0.042180995,52.0982,OUT046,1997,Small,Tier 1,Ahmedabad,578.5802
NCH30,Household,Low Fat,17.1,0.067154053,114.386,OUT046,1997,Small,Tier 1,Ahmedabad,1245.046
NCA06,Household,Low Fat,20.5,0.143283608,37.919,OUT046,1997,Small,Tier 1,Ahmedabad,183.095
DRP35,Hard Drinks,Low Fat,18.85,0.090867297,127.3336,OUT046,1997,Small,Tier 1,Ahmedabad,3962.8416
NCM30,Household,Low Fat,19.1,0.067295406,41.9796,OUT046,1997,Small,Tier 1,Ahmedabad,701.7532
FDM03,Meat,Low Fat,12.65,0.0,107.8938,OUT046,1997,Small,Tier 1,Ahmedabad,750.3566
FDX55,Fruits and Vegetables,Low Fat,15.1,0.0552059,219.4166,OUT046,1997,Small,Tier 1,Ahmedabad,6096.0648
FDZ12,Baking Goods,Low Fat,9.17,0.102978817,144.947,OUT046,1997,Small,Tier 1,Ahmedabad,4294.41
FDN40,Frozen Foods,Low Fat,5.88,0.0,154.2998,OUT046,1997,Small,Tier 1,Ahmedabad,1999.3974
NCO07,Others,Low Fat,9.06,0.009776268,213.756,OUT046,1997,Small,Tier 1,Ahmedabad,1065.28
FDU04,Frozen Foods,Low Fat,7.93,0.0,121.8414,OUT046,1997,Small,Tier 1,Ahmedabad,2802.3522
NCD54,Household,Low Fat,21.1,0.029008944,143.3786,OUT046,1997,Small,Tier 1,Ahmedabad,866.8716
FDN02,Canned,Low Fat,16.5,0.073827748,208.8638,OUT046,1997,Small,Tier 1,Ahmedabad,2484.7656
NCP05,Health and Hygiene,Low Fat,19.6,0.025286583,151.8024,OUT046,1997,Small,Tier 1,Ahmedabad,1366.2216
DRF23,Hard Drinks,Low Fat,4.61,0.0,173.8396,OUT046,1997,Small,Tier 1,Ahmedabad,1221.0772
FDN44,Fruits and Vegetables,Low Fat,13.15,0.022795611,160.192,OUT046,1997,Small,Tier 1,Ahmedabad,1597.92
NCM53,Health and Hygiene,Low Fat,18.75,0.052040915,105.728,OUT046,1997,Small,Tier 1,Ahmedabad,2024.032
DRG27,Dairy,Low Fat,8.895,0.105110692,41.1138,OUT046,1997,Small,Tier 1,Ahmedabad,690.4346
FDZ58,Snack Foods,Low Fat,17.85,0.052176861,122.8072,OUT046,1997,Small,Tier 1,Ahmedabad,857.5504
DRM11,Hard Drinks,Low Fat,6.57,0.066069578,261.0278,OUT046,1997,Small,Tier 1,Ahmedabad,4165.2448
FDI33,Snack Foods,Low Fat,16.5,0.028418817,92.8146,OUT046,1997,Small,Tier 1,Ahmedabad,2097.9358
FDO16,Frozen Foods,Low Fat,5.48,0.015108194,83.725,OUT046,1997,Small,Tier 1,Ahmedabad,1165.15
NCD18,Household,Low Fat,16.0,0.0,228.8668,OUT046,1997,Small,Tier 1,Ahmedabad,1612.5676
FDD39,Dairy,Low Fat,16.7,0.070154899,218.185,OUT046,1997,Small,Tier 1,Ahmedabad,5193.24
FDN01,Breakfast,Low Fat,8.895,0.0,178.437,OUT046,1997,Small,Tier 1,Ahmedabad,1235.059
NCS30,Household,Low Fat,5.945,0.093026207,128.7652,OUT046,1997,Small,Tier 1,Ahmedabad,516.6608
DRJ35,Hard Drinks,Low Fat,10.1,0.046584552,61.2878,OUT046,1997,Small,Tier 1,Ahmedabad,1272.3438
NCP50,Others,Low Fat,17.35,0.020559846,78.7618,OUT046,1997,Small,Tier 1,Ahmedabad,1288.9888
FDR08,Fruits and Vegetables,Low Fat,18.7,0.037622954,110.7886,OUT046,1997,Small,Tier 1,Ahmedabad,1334.2632
NCP17,Health and Hygiene,Low Fat,19.35,0.027714371,65.6168,OUT046,1997,Small,Tier 1,Ahmedabad,830.9184
FDC48,Baking Goods,Low Fat,9.195,0.015859294,84.5592,OUT046,1997,Small,Tier 1,Ahmedabad,2559.3352
NCA05,Health and Hygiene,Low Fat,20.75,0.025130632,150.0734,OUT046,1997,Small,Tier 1,Ahmedabad,2524.0478
FDP04,Frozen Foods,Low Fat,15.35,0.013812772,64.7168,OUT046,1997,Small,Tier 1,Ahmedabad,1022.6688
FDI15,Dairy,Low Fat,13.8,0.141352562,264.1884,OUT046,1997,Small,Tier 1,Ahmedabad,3179.8608
FDK24,Baking Goods,Low Fat,9.195,0.101294945,46.2744,OUT046,1997,Small,Tier 1,Ahmedabad,1086.5856
NCX30,Household,Low Fat,16.7,0.026620627,249.2776,OUT046,1997,Small,Tier 1,Ahmedabad,4210.5192
NCF06,Household,Low Fat,6.235,0.020198354,257.9962,OUT046,1997,Small,Tier 1,Ahmedabad,517.9924
FDG16,Frozen Foods,Low Fat,15.25,0.089816808,217.3192,OUT046,1997,Small,Tier 1,Ahmedabad,5608.6992
FDR14,Dairy,Low Fat,11.65,0.174049032,52.9298,OUT046,1997,Small,Tier 1,Ahmedabad,647.1576
NCY54,Household,Low Fat,8.43,0.177694846,171.1422,OUT046,1997,Small,Tier 1,Ahmedabad,2586.633
FDP26,Dairy,Low Fat,7.785,0.139552827,105.6306,OUT046,1997,Small,Tier 1,Ahmedabad,418.1224
NCK53,Health and Hygiene,Low Fat,11.6,0.037581243,98.9042,OUT046,1997,Small,Tier 1,Ahmedabad,1488.063
FDX13,Canned,Low Fat,7.725,0.047782959,249.1092,OUT046,1997,Small,Tier 1,Ahmedabad,2490.092
NCA41,Health and Hygiene,Low Fat,16.75,0.032586709,191.9162,OUT046,1997,Small,Tier 1,Ahmedabad,4040.7402
FDE44,Fruits and Vegetables,Low Fat,14.65,0.17138805,50.7692,OUT046,1997,Small,Tier 1,Ahmedabad,1034.6532
DRH39,Dairy,Low Fat,20.7,0.0,78.467,OUT046,1997,Small,Tier 1,Ahmedabad,1607.907
NCI54,Household,Low Fat,15.2,0.033599041,107.7912,OUT046,1997,Small,Tier 1,Ahmedabad,1091.912
NCY53,Health and Hygiene,Low Fat,20.0,0.05848134,113.3544,OUT046,1997,Small,Tier 1,Ahmedabad,2572.6512
NCB18,Household,Low Fat,19.6,0.041291169,86.9514,OUT046,1997,Small,Tier 1,Ahmedabad,1416.8224
NCP06,Household,Low Fat,20.7,0.039245805,151.4366,OUT046,1997,Small,Tier 1,Ahmedabad,1511.366
FDJ16,Frozen Foods,Low Fat,9.195,0.114885647,59.6246,OUT046,1997,Small,Tier 1,Ahmedabad,1100.5674
FDC46,Snack Foods,Low Fat,17.7,0.116542484,182.6266,OUT046,1997,Small,Tier 1,Ahmedabad,3504.1054
DRL47,Hard Drinks,Low Fat,19.7,0.038736781,127.4362,OUT046,1997,Small,Tier 1,Ahmedabad,1510.0344
FDE38,Canned,Low Fat,6.52,0.044607161,164.2842,OUT046,1997,Small,Tier 1,Ahmedabad,2818.3314
NCM19,Others,Low Fat,12.65,0.047237246,112.5202,OUT046,1997,Small,Tier 1,Ahmedabad,787.6414
NCE07,Household,Low Fat,8.18,0.013130031,142.6154,OUT046,1997,Small,Tier 1,Ahmedabad,709.077
FDC17,Frozen Foods,Low Fat,12.15,0.015460726,211.8928,OUT046,1997,Small,Tier 1,Ahmedabad,5890.9984
NCG54,Household,Low Fat,12.1,0.079806266,172.1106,OUT046,1997,Small,Tier 1,Ahmedabad,3422.212
NCW54,Household,Low Fat,7.5,0.096413261,55.3588,OUT046,1997,Small,Tier 1,Ahmedabad,1030.6584
DRL49,Soft Drinks,Low Fat,13.15,0.056429024,144.2812,OUT046,1997,Small,Tier 1,Ahmedabad,1282.3308
FDT03,Meat,Low Fat,21.25,0.009998763,182.3608,OUT046,1997,Small,Tier 1,Ahmedabad,551.2824
NCV54,Household,Low Fat,11.1,0.0,119.1124,OUT046,1997,Small,Tier 1,Ahmedabad,1303.6364
FDW34,Snack Foods,Low Fat,9.6,0.035579135,244.417,OUT046,1997,Small,Tier 1,Ahmedabad,1944.136
DRE25,Soft Drinks,Low Fat,15.35,0.073283193,91.812,OUT046,1997,Small,Tier 1,Ahmedabad,1771.028
FDF12,Baking Goods,Low Fat,8.235,0.082427854,149.3076,OUT046,1997,Small,Tier 1,Ahmedabad,2808.3444
NCW41,Health and Hygiene,Low Fat,18.0,0.015450376,158.9604,OUT046,1997,Small,Tier 1,Ahmedabad,1584.604
DRC49,Soft Drinks,Low Fat,8.67,0.065436581,142.9128,OUT046,1997,Small,Tier 1,Ahmedabad,2013.3792
FDZ19,Fruits and Vegetables,Low Fat,6.425,0.093454899,175.3712,OUT046,1997,Small,Tier 1,Ahmedabad,2988.1104
FDB45,Fruits and Vegetables,Low Fat,20.85,0.021329793,105.5306,OUT046,1997,Small,Tier 1,Ahmedabad,940.7754
FDA50,Dairy,Low Fat,16.25,0.087175137,98.341,OUT046,1997,Small,Tier 1,Ahmedabad,1351.574
FDD05,Frozen Foods,Low Fat,19.35,0.016611475,122.0098,OUT046,1997,Small,Tier 1,Ahmedabad,2651.2156
DRF03,Dairy,Low Fat,19.1,0.045308131,42.5138,OUT046,1997,Small,Tier 1,Ahmedabad,649.8208
FDL27,Meat,Low Fat,6.17,0.010630949,65.9826,OUT046,1997,Small,Tier 1,Ahmedabad,1162.4868
FDO50,Canned,Low Fat,16.25,0.078168739,91.3804,OUT046,1997,Small,Tier 1,Ahmedabad,1653.8472
FDC53,Frozen Foods,Low Fat,8.68,0.008835694,96.5384,OUT046,1997,Small,Tier 1,Ahmedabad,1182.4608
NCT41,Health and Hygiene,Low Fat,15.7,0.055990291,153.2024,OUT046,1997,Small,Tier 1,Ahmedabad,3795.06
FDS07,Fruits and Vegetables,Low Fat,12.35,0.099757833,113.9518,OUT046,1997,Small,Tier 1,Ahmedabad,910.8144
DRJ47,Hard Drinks,Low Fat,18.25,0.044250304,174.708,OUT046,1997,Small,Tier 1,Ahmedabad,2423.512
FDF41,Frozen Foods,Low Fat,12.15,0.131179812,245.246,OUT046,1997,Small,Tier 1,Ahmedabad,3202.498
FDS57,Snack Foods,Low Fat,15.5,0.103442268,144.847,OUT046,1997,Small,Tier 1,Ahmedabad,2433.499
NCC43,Household,Low Fat,7.39,0.092782895,252.6066,OUT046,1997,Small,Tier 1,Ahmedabad,2259.0594
FDA11,Baking Goods,Low Fat,7.75,0.043238822,92.5436,OUT046,1997,Small,Tier 1,Ahmedabad,1701.7848
DRK39,Dairy,Low Fat,7.02,0.049865399,82.925,OUT046,1997,Small,Tier 1,Ahmedabad,1165.15
NCT29,Health and Hygiene,Low Fat,12.6,0.064110725,122.3414,OUT046,1997,Small,Tier 1,Ahmedabad,243.6828
NCT17,Health and Hygiene,Low Fat,10.8,0.041865848,189.7214,OUT046,1997,Small,Tier 1,Ahmedabad,5841.0634
DRF13,Soft Drinks,Low Fat,12.1,0.029781363,146.9444,OUT046,1997,Small,Tier 1,Ahmedabad,1596.5884
FDP60,Baking Goods,Low Fat,17.35,0.0,102.9016,OUT046,1997,Small,Tier 1,Ahmedabad,1922.8304
DRH03,Dairy,Low Fat,17.25,0.035064318,92.412,OUT046,1997,Small,Tier 1,Ahmedabad,1304.968
FDY50,Dairy,Low Fat,5.8,0.130955811,90.3172,OUT046,1997,Small,Tier 1,Ahmedabad,1338.258
DRO35,Hard Drinks,Low Fat,13.85,0.034570357,117.4492,OUT046,1997,Small,Tier 1,Ahmedabad,3243.7776
FDK21,Snack Foods,Low Fat,7.905,0.010012319,250.4408,OUT046,1997,Small,Tier 1,Ahmedabad,3004.0896
FDW45,Snack Foods,Low Fat,18.0,0.03901099,147.7418,OUT046,1997,Small,Tier 1,Ahmedabad,4119.9704
FDD29,Frozen Foods,Low Fat,12.15,0.018410515,252.1698,OUT046,1997,Small,Tier 1,Ahmedabad,2283.0282
FDW59,Breads,Low Fat,13.15,0.020715913,83.5566,OUT046,1997,Small,Tier 1,Ahmedabad,1268.349
NCX29,Health and Hygiene,Low Fat,10.0,0.089152528,147.7102,OUT046,1997,Small,Tier 1,Ahmedabad,437.4306
NCJ43,Household,Low Fat,6.635,0.027069402,174.9396,OUT046,1997,Small,Tier 1,Ahmedabad,1744.396
FDJ46,Snack Foods,Low Fat,11.1,0.044823438,174.2054,OUT046,1997,Small,Tier 1,Ahmedabad,1926.1594
NCS18,Household,Low Fat,12.65,0.042211119,108.6938,OUT046,1997,Small,Tier 1,Ahmedabad,1393.5194
FDY55,Fruits and Vegetables,Low Fat,16.75,0.0,255.3988,OUT046,1997,Small,Tier 1,Ahmedabad,4625.9784
NCM55,Others,Low Fat,15.6,0.066726133,185.8924,OUT046,1997,Small,Tier 1,Ahmedabad,3516.7556
DRG36,Soft Drinks,Low Fat,14.15,0.095378221,170.5106,OUT046,1997,Small,Tier 1,Ahmedabad,2395.5484
FDT36,Baking Goods,Low Fat,12.3,0.111274591,35.0874,OUT046,1997,Small,Tier 1,Ahmedabad,458.7362
FDY59,Baking Goods,Low Fat,8.195,0.031403441,93.8462,OUT046,1997,Small,Tier 1,Ahmedabad,647.8234
FDF20,Fruits and Vegetables,Low Fat,12.85,0.033220169,196.6768,OUT046,1997,Small,Tier 1,Ahmedabad,2759.0752
DRD60,Soft Drinks,Low Fat,15.7,0.03723211,183.1634,OUT046,1997,Small,Tier 1,Ahmedabad,5634.6654
DRP47,Hard Drinks,Low Fat,15.75,0.140603316,252.8382,OUT046,1997,Small,Tier 1,Ahmedabad,6308.455
DRH36,Soft Drinks,Low Fat,16.2,0.03338006,74.0696,OUT046,1997,Small,Tier 1,Ahmedabad,1416.8224
FDH24,Baking Goods,Low Fat,20.7,0.021431134,157.0288,OUT046,1997,Small,Tier 1,Ahmedabad,2199.8032
FDR02,Dairy,Low Fat,16.7,0.022065676,110.5886,OUT046,1997,Small,Tier 1,Ahmedabad,1556.6404
FDS23,Breads,Low Fat,4.635,0.140889111,127.0994,OUT046,1997,Small,Tier 1,Ahmedabad,1927.491
NCL19,Others,Low Fat,15.35,0.015676231,144.047,OUT046,1997,Small,Tier 1,Ahmedabad,286.294
NCC19,Household,Low Fat,6.57,0.096880574,191.482,OUT046,1997,Small,Tier 1,Ahmedabad,5020.132
NCL55,Others,Low Fat,12.15,0.0,254.904,OUT046,1997,Small,Tier 1,Ahmedabad,4048.064
FDT49,Canned,Low Fat,7.0,0.151405587,107.728,OUT046,1997,Small,Tier 1,Ahmedabad,2024.032
FDM32,Fruits and Vegetables,Low Fat,20.5,0.020605032,91.083,OUT046,1997,Small,Tier 1,Ahmedabad,539.298
FDI46,Snack Foods,Low Fat,9.5,0.074345268,251.9724,OUT046,1997,Small,Tier 1,Ahmedabad,3523.4136
FDT60,Baking Goods,Low Fat,12.0,0.07554831,121.9388,OUT046,1997,Small,Tier 1,Ahmedabad,3219.8088
FDM34,Snack Foods,Low Fat,19.0,0.067447572,132.9626,OUT046,1997,Small,Tier 1,Ahmedabad,1967.439
NCB30,Household,Low Fat,14.6,0.025702994,199.9084,OUT046,1997,Small,Tier 1,Ahmedabad,2380.9008
FDN24,Baking Goods,Low Fat,14.1,0.11326743,54.5956,OUT046,1997,Small,Tier 1,Ahmedabad,1037.3164
NCV53,Health and Hygiene,Low Fat,8.27,0.018813601,237.988,OUT046,1997,Small,Tier 1,Ahmedabad,7190.64
FDW25,Canned,Low Fat,5.175,0.037398953,84.2224,OUT046,1997,Small,Tier 1,Ahmedabad,852.224
FDM33,Snack Foods,Low Fat,15.6,0.087719692,218.5798,OUT046,1997,Small,Tier 1,Ahmedabad,4407.596
NCB31,Household,Low Fat,6.235,0.118674359,261.691,OUT046,1997,Small,Tier 1,Ahmedabad,3155.892
DRF15,Dairy,Low Fat,18.35,0.03321399,154.934,OUT046,1997,Small,Tier 1,Ahmedabad,1225.072
FDU32,Fruits and Vegetables,Low Fat,8.785,0.025967624,119.9414,OUT046,1997,Small,Tier 1,Ahmedabad,1462.0968
NCF07,Household,Low Fat,9.0,0.032022535,101.8016,OUT046,1997,Small,Tier 1,Ahmedabad,1720.4272
FDX59,Breads,Low Fat,10.195,0.051661272,33.3558,OUT046,1997,Small,Tier 1,Ahmedabad,848.895
FDP32,Fruits and Vegetables,Low Fat,6.65,0.087669485,127.2678,OUT046,1997,Small,Tier 1,Ahmedabad,2416.1882
FDX34,Snack Foods,Low Fat,6.195,0.07198553,122.2098,OUT046,1997,Small,Tier 1,Ahmedabad,1205.098
NCN43,Others,Low Fat,12.15,0.0,123.773,OUT046,1997,Small,Tier 1,Ahmedabad,3325.671
NCJ18,Household,Low Fat,12.35,0.163941937,117.0124,OUT046,1997,Small,Tier 1,Ahmedabad,1540.6612
NCT42,Household,Low Fat,5.88,0.02488732,147.5392,OUT046,1997,Small,Tier 1,Ahmedabad,2684.5056
FDT02,Dairy,Low Fat,12.6,0.024194731,36.1874,OUT046,1997,Small,Tier 1,Ahmedabad,423.4488
NCR41,Health and Hygiene,Low Fat,17.85,0.018023997,95.9094,OUT046,1997,Small,Tier 1,Ahmedabad,2285.0256
NCT05,Health and Hygiene,Low Fat,10.895,0.020951848,255.3672,OUT046,1997,Small,Tier 1,Ahmedabad,767.0016
FDF58,Snack Foods,Low Fat,13.3,0.009581155,64.951,OUT046,1997,Small,Tier 1,Ahmedabad,1644.526
NCF30,Household,Low Fat,17.0,0.126244059,124.6362,OUT046,1997,Small,Tier 1,Ahmedabad,3900.9222
FDI28,Frozen Foods,Low Fat,14.3,0.026321701,77.6302,OUT046,1997,Small,Tier 1,Ahmedabad,950.7624
FDO24,Baking Goods,Low Fat,11.1,0.176215665,158.8604,OUT046,1997,Small,Tier 1,Ahmedabad,2693.8268
FDV46,Snack Foods,Low Fat,18.2,0.012607876,139.818,OUT046,1997,Small,Tier 1,Ahmedabad,1398.18
FDI22,Snack Foods,Low Fat,12.6,0.096212432,207.2612,OUT046,1997,Small,Tier 1,Ahmedabad,4390.2852
DRN47,Hard Drinks,Low Fat,12.1,0.016826748,179.166,OUT046,1997,Small,Tier 1,Ahmedabad,3056.022
FDX45,Snack Foods,Low Fat,16.75,0.0,156.163,OUT046,1997,Small,Tier 1,Ahmedabad,2816.334
DRG51,Dairy,Low Fat,12.1,0.011539622,163.5526,OUT046,1997,Small,Tier 1,Ahmedabad,2302.3364
FDS47,Breads,Low Fat,16.75,0.12888573,87.6856,OUT046,1997,Small,Tier 1,Ahmedabad,1494.0552
FDP46,Snack Foods,Low Fat,15.35,0.0,88.283,OUT046,1997,Small,Tier 1,Ahmedabad,1797.66
NCG43,Household,Low Fat,20.2,0.0,94.1462,OUT046,1997,Small,Tier 1,Ahmedabad,832.9158
NCG07,Household,Low Fat,12.3,0.052502049,190.853,OUT046,1997,Small,Tier 1,Ahmedabad,4364.319
FDC44,Fruits and Vegetables,Low Fat,15.6,0.172596885,114.8518,OUT046,1997,Small,Tier 1,Ahmedabad,2163.1842
FDY48,Baking Goods,Low Fat,14.0,0.023734872,103.2332,OUT046,1997,Small,Tier 1,Ahmedabad,1845.5976
FDD28,Frozen Foods,Low Fat,10.695,0.053296868,59.6904,OUT046,1997,Small,Tier 1,Ahmedabad,937.4464
NCP18,Household,Low Fat,12.15,0.02859825,150.4708,OUT046,1997,Small,Tier 1,Ahmedabad,2257.062
NCN54,Household,Low Fat,20.35,0.021326471,76.1328,OUT046,1997,Small,Tier 1,Ahmedabad,772.328
DRN35,Hard Drinks,Low Fat,8.01,0.070247589,37.5532,OUT046,1997,Small,Tier 1,Ahmedabad,1366.2216
FDK28,Frozen Foods,Low Fat,5.695,0.065589906,258.2646,OUT046,1997,Small,Tier 1,Ahmedabad,5410.9566
NCC18,Household,Low Fat,19.1,0.177270016,174.0422,OUT046,1997,Small,Tier 1,Ahmedabad,1724.422
FDR33,Snack Foods,Low Fat,7.31,0.026788937,110.357,OUT046,1997,Small,Tier 1,Ahmedabad,3185.853
NCM07,Others,Low Fat,9.395,0.039961837,84.0908,OUT046,1997,Small,Tier 1,Ahmedabad,419.454
FDA58,Snack Foods,Low Fat,9.395,0.103751236,235.8932,OUT046,1997,Small,Tier 1,Ahmedabad,942.7728
FDZ52,Frozen Foods,Low Fat,19.2,0.100074524,110.2886,OUT046,1997,Small,Tier 1,Ahmedabad,778.3202
NCY29,Health and Hygiene,Low Fat,13.65,0.077234113,56.893,OUT046,1997,Small,Tier 1,Ahmedabad,1188.453
NCX42,Household,Low Fat,6.36,0.005978595,163.6526,OUT046,1997,Small,Tier 1,Ahmedabad,1151.1682
NCE43,Household,Low Fat,12.5,0.103442268,170.8448,OUT046,1997,Small,Tier 1,Ahmedabad,4942.8992
FDV51,Meat,Low Fat,16.35,0.032538896,165.7842,OUT046,1997,Small,Tier 1,Ahmedabad,2652.5472
FDU40,Frozen Foods,Low Fat,20.85,0.037403973,192.5478,OUT046,1997,Small,Tier 1,Ahmedabad,2906.217
NCR06,Household,Low Fat,12.5,0.006765149,41.7112,OUT046,1997,Small,Tier 1,Ahmedabad,383.5008
NCZ18,Household,Low Fat,7.825,0.186067862,255.4698,OUT046,1997,Small,Tier 1,Ahmedabad,5073.396
NCA30,Household,Low Fat,19.0,0.0,189.1872,OUT046,1997,Small,Tier 1,Ahmedabad,567.2616
FDH16,Frozen Foods,Low Fat,10.5,0.052555346,89.683,OUT046,1997,Small,Tier 1,Ahmedabad,988.713
DRJ39,Dairy,Low Fat,20.25,0.036326064,220.1482,OUT046,1997,Small,Tier 1,Ahmedabad,3066.6748
DRD37,Soft Drinks,Low Fat,9.8,0.013841737,45.206,OUT046,1997,Small,Tier 1,Ahmedabad,1211.756
NCE54,Household,Low Fat,20.7,0.026899856,73.9354,OUT046,1997,Small,Tier 1,Ahmedabad,677.1186
FDV50,Dairy,Low Fat,14.3,0.122571209,122.373,OUT046,1997,Small,Tier 1,Ahmedabad,985.384
NCS42,Household,Low Fat,8.6,0.069416467,92.5146,OUT046,1997,Small,Tier 1,Ahmedabad,2006.7212
FDU13,Canned,Low Fat,8.355,0.187558629,148.0418,OUT046,1997,Small,Tier 1,Ahmedabad,1471.418
FDX58,Snack Foods,Low Fat,13.15,0.04376368,183.095,OUT046,1997,Small,Tier 1,Ahmedabad,1830.95
NCA29,Household,Low Fat,10.5,0.02727641,171.3106,OUT046,1997,Small,Tier 1,Ahmedabad,3593.3226
NCR38,Household,Low Fat,17.25,0.113518466,253.5724,OUT046,1997,Small,Tier 1,Ahmedabad,5033.448
NCO41,Health and Hygiene,Low Fat,12.5,0.018848862,96.7384,OUT046,1997,Small,Tier 1,Ahmedabad,2167.8448
FDY14,Dairy,Low Fat,10.3,0.070040195,263.0226,OUT046,1997,Small,Tier 1,Ahmedabad,4229.1616
FDL43,Meat,Low Fat,10.1,0.027064381,76.367,OUT046,1997,Small,Tier 1,Ahmedabad,765.67
NCF31,Household,Low Fat,9.13,0.051847425,152.8024,OUT046,1997,Small,Tier 1,Ahmedabad,1214.4192
DRG03,Dairy,Low Fat,14.5,0.061986574,153.0998,OUT046,1997,Small,Tier 1,Ahmedabad,4921.5936
FDW13,Canned,Low Fat,8.5,0.097884718,52.5324,OUT046,1997,Small,Tier 1,Ahmedabad,1194.4452
FDG24,Baking Goods,Low Fat,7.975,0.014631149,84.525,OUT046,1997,Small,Tier 1,Ahmedabad,416.125
FDP07,Fruits and Vegetables,Low Fat,18.2,0.089901774,197.511,OUT046,1997,Small,Tier 1,Ahmedabad,392.822
NCY42,Household,Low Fat,6.38,0.015162573,145.147,OUT046,1997,Small,Tier 1,Ahmedabad,3006.087
FDN60,Baking Goods,Low Fat,15.1,0.095158081,159.2604,OUT046,1997,Small,Tier 1,Ahmedabad,2852.2872
FDP11,Breads,Low Fat,15.85,0.069100548,216.6166,OUT046,1997,Small,Tier 1,Ahmedabad,4136.6154
DRD25,Soft Drinks,Low Fat,6.135,0.0,114.286,OUT046,1997,Small,Tier 1,Ahmedabad,2376.906
FDF04,Frozen Foods,Low Fat,17.5,0.013637046,258.5304,OUT046,1997,Small,Tier 1,Ahmedabad,6199.9296
FDR39,Meat,Low Fat,20.35,0.083799283,184.1292,OUT046,1997,Small,Tier 1,Ahmedabad,2189.1504
NCL30,Household,Low Fat,18.1,0.048940428,127.5336,OUT046,1997,Small,Tier 1,Ahmedabad,1789.6704
FDU35,Breads,Low Fat,6.44,0.0,98.27,OUT046,1997,Small,Tier 1,Ahmedabad,2396.88
FDZ55,Fruits and Vegetables,Low Fat,6.055,0.025408702,160.892,OUT046,1997,Small,Tier 1,Ahmedabad,2396.88
NCV17,Health and Hygiene,Low Fat,18.85,0.016107549,129.7626,OUT046,1997,Small,Tier 1,Ahmedabad,3016.7398
FDE46,Snack Foods,Low Fat,18.6,0.015769693,152.1366,OUT046,1997,Small,Tier 1,Ahmedabad,1813.6392
DRH13,Soft Drinks,Low Fat,8.575,0.023885957,106.628,OUT046,1997,Small,Tier 1,Ahmedabad,958.752
NCE42,Household,Low Fat,21.1,0.010602292,235.3958,OUT046,1997,Small,Tier 1,Ahmedabad,3271.7412
NCK19,Others,Low Fat,9.8,0.09046564,193.6478,OUT046,1997,Small,Tier 1,Ahmedabad,3099.9648
NCY06,Household,Low Fat,15.25,0.061184804,132.0968,OUT046,1997,Small,Tier 1,Ahmedabad,3914.904
FDG40,Frozen Foods,Low Fat,13.65,0.039824346,32.8558,OUT046,1997,Small,Tier 1,Ahmedabad,645.1602
FDB51,Dairy,Low Fat,6.92,0.038454076,61.5852,OUT046,1997,Small,Tier 1,Ahmedabad,813.6076
NCS06,Household,Low Fat,7.935,0.0,263.691,OUT046,1997,Small,Tier 1,Ahmedabad,788.973
FDH33,Snack Foods,Low Fat,12.85,0.121725411,45.1428,OUT046,1997,Small,Tier 1,Ahmedabad,527.3136
FDC28,Frozen Foods,Low Fat,7.905,0.054986919,108.6254,OUT046,1997,Small,Tier 1,Ahmedabad,1844.9318
FDB17,Frozen Foods,Low Fat,13.15,0.036672107,182.5976,OUT046,1997,Small,Tier 1,Ahmedabad,4165.2448
FDT34,Snack Foods,Low Fat,9.3,0.174350275,104.4964,OUT046,1997,Small,Tier 1,Ahmedabad,2419.5172
DRG01,Soft Drinks,Low Fat,14.8,0.04487828,75.467,OUT046,1997,Small,Tier 1,Ahmedabad,765.67
FDA15,Dairy,Low Fat,9.3,0.016047301,249.8092,OUT049,1999,Medium,Tier 1,Ahmedabad,3735.138
FDN15,Meat,Low Fat,17.5,0.016760075,141.618,OUT049,1999,Medium,Tier 1,Ahmedabad,2097.27
FDY07,Fruits and Vegetables,Low Fat,11.8,0.0,45.5402,OUT049,1999,Medium,Tier 1,Ahmedabad,1516.0266
NCX29,Health and Hygiene,Low Fat,10.0,0.089291137,146.7102,OUT049,1999,Medium,Tier 1,Ahmedabad,3791.0652
FDA46,Snack Foods,Low Fat,13.6,0.117818348,192.9136,OUT049,1999,Medium,Tier 1,Ahmedabad,2527.3768
DRK35,Hard Drinks,Low Fat,8.365,0.071958197,38.0506,OUT049,1999,Medium,Tier 1,Ahmedabad,796.9626
NCZ18,Household,Low Fat,7.825,0.186357148,254.3698,OUT049,1999,Medium,Tier 1,Ahmedabad,5580.7356
FDQ10,Snack Foods,Low Fat,12.85,0.033230816,172.3422,OUT049,1999,Medium,Tier 1,Ahmedabad,1207.0954
FDN27,Meat,Low Fat,20.85,0.039624006,117.2808,OUT049,1999,Medium,Tier 1,Ahmedabad,1523.3504
DRG27,Dairy,Low Fat,8.895,0.105274111,39.9138,OUT049,1999,Medium,Tier 1,Ahmedabad,690.4346
FDF41,Frozen Foods,Low Fat,12.15,0.131383762,246.046,OUT049,1999,Medium,Tier 1,Ahmedabad,1231.73
FDD17,Frozen Foods,Low Fat,7.5,0.032677678,239.0906,OUT049,1999,Medium,Tier 1,Ahmedabad,5942.265
NCC30,Household,Low Fat,16.6,0.027622076,177.6344,OUT049,1999,Medium,Tier 1,Ahmedabad,2676.516
FDP16,Frozen Foods,Low Fat,18.6,0.039355947,246.3802,OUT049,1999,Medium,Tier 1,Ahmedabad,7370.406
NCW29,Health and Hygiene,Low Fat,14.0,0.028907832,130.431,OUT049,1999,Medium,Tier 1,Ahmedabad,778.986
NCB19,Household,Low Fat,6.525,0.090436094,85.0882,OUT049,1999,Medium,Tier 1,Ahmedabad,2233.0932
FDV15,Meat,Low Fat,10.3,0.146399712,103.9648,OUT049,1999,Medium,Tier 1,Ahmedabad,1661.8368
NCN55,Others,Low Fat,14.6,0.059582996,238.8538,OUT049,1999,Medium,Tier 1,Ahmedabad,6008.845
FDG52,Frozen Foods,Low Fat,13.65,0.065732883,45.7402,OUT049,1999,Medium,Tier 1,Ahmedabad,780.9834
FDL43,Meat,Low Fat,10.1,0.027106459,75.367,OUT049,1999,Medium,Tier 1,Ahmedabad,535.969
FDV32,Fruits and Vegetables,Low Fat,7.785,0.088846306,61.451,OUT049,1999,Medium,Tier 1,Ahmedabad,759.012
NCT54,Household,Low Fat,8.695,0.119721451,95.5094,OUT049,1999,Medium,Tier 1,Ahmedabad,1237.7222
FDY59,Baking Goods,Low Fat,8.195,0.031452265,94.3462,OUT049,1999,Medium,Tier 1,Ahmedabad,925.462
FDB45,Fruits and Vegetables,Low Fat,20.85,0.021362955,103.2306,OUT049,1999,Medium,Tier 1,Ahmedabad,2404.2038
DRI37,Soft Drinks,Low Fat,15.85,0.107765165,59.5904,OUT049,1999,Medium,Tier 1,Ahmedabad,703.0848
FDL27,Meat,Low Fat,6.17,0.010647477,66.3826,OUT049,1999,Medium,Tier 1,Ahmedabad,1937.478
NCO30,Household,Low Fat,19.5,0.015749341,182.2608,OUT049,1999,Medium,Tier 1,Ahmedabad,3307.6944
NCB07,Household,Low Fat,19.2,0.077628053,197.611,OUT049,1999,Medium,Tier 1,Ahmedabad,3142.576
FDT22,Snack Foods,Low Fat,10.395,0.112271498,58.222,OUT049,1999,Medium,Tier 1,Ahmedabad,659.142
FDQ56,Fruits and Vegetables,Low Fat,6.59,0.105761491,84.8908,OUT049,1999,Medium,Tier 1,Ahmedabad,1677.816
FDF22,Snack Foods,Low Fat,6.865,0.056919038,212.8218,OUT049,1999,Medium,Tier 1,Ahmedabad,5770.4886
NCU41,Health and Hygiene,Low Fat,18.85,0.05213575,190.1846,OUT049,1999,Medium,Tier 1,Ahmedabad,6687.961
NCJ18,Household,Low Fat,12.35,0.164196823,120.5124,OUT049,1999,Medium,Tier 1,Ahmedabad,2133.2232
FDE16,Frozen Foods,Low Fat,8.895,0.026384672,208.9954,OUT049,1999,Medium,Tier 1,Ahmedabad,4584.6988
FDC15,Dairy,Low Fat,18.1,0.17824575,158.1288,OUT049,1999,Medium,Tier 1,Ahmedabad,3299.7048
NCV42,Household,Low Fat,6.26,0.031470832,110.2228,OUT049,1999,Medium,Tier 1,Ahmedabad,1547.3192
FDZ52,Frozen Foods,Low Fat,19.2,0.100230114,112.9886,OUT049,1999,Medium,Tier 1,Ahmedabad,1667.829
DRF01,Soft Drinks,Low Fat,5.655,0.175352413,147.4102,OUT049,1999,Medium,Tier 1,Ahmedabad,2478.7734
FDB16,Dairy,Low Fat,8.21,0.044995631,89.2198,OUT049,1999,Medium,Tier 1,Ahmedabad,1308.297
FDK15,Meat,Low Fat,10.8,0.098566832,98.3042,OUT049,1999,Medium,Tier 1,Ahmedabad,1488.063
FDJ08,Fruits and Vegetables,Low Fat,11.1,0.11084417,189.2846,OUT049,1999,Medium,Tier 1,Ahmedabad,5159.2842
NCU17,Health and Hygiene,Low Fat,5.32,0.093027718,101.4674,OUT049,1999,Medium,Tier 1,Ahmedabad,2954.1546
FDF14,Canned,Low Fat,7.55,0.027212058,152.734,OUT049,1999,Medium,Tier 1,Ahmedabad,2756.412
FDH21,Seafood,Low Fat,10.395,0.031273559,160.0604,OUT049,1999,Medium,Tier 1,Ahmedabad,1267.6832
DRK23,Hard Drinks,Low Fat,8.395,0.072088552,253.704,OUT049,1999,Medium,Tier 1,Ahmedabad,4554.072
FDA10,Snack Foods,Low Fat,20.35,0.0,120.9072,OUT049,1999,Medium,Tier 1,Ahmedabad,1470.0864
NCQ42,Household,Low Fat,20.35,0.039329257,127.6678,OUT049,1999,Medium,Tier 1,Ahmedabad,2924.8594
FDW49,Canned,Low Fat,19.5,0.0,179.3002,OUT049,1999,Medium,Tier 1,Ahmedabad,2328.3026
FDB09,Fruits and Vegetables,Low Fat,16.25,0.057485328,126.2046,OUT049,1999,Medium,Tier 1,Ahmedabad,1867.569
DRP35,Hard Drinks,Low Fat,18.85,0.091008572,129.6336,OUT049,1999,Medium,Tier 1,Ahmedabad,3195.84
DRG15,Dairy,Low Fat,6.13,0.076855207,59.3536,OUT049,1999,Medium,Tier 1,Ahmedabad,1470.0864
FDT08,Fruits and Vegetables,Low Fat,13.65,0.04929502,150.505,OUT049,1999,Medium,Tier 1,Ahmedabad,2696.49
NCY41,Health and Hygiene,Low Fat,16.75,0.07585337,36.8532,OUT049,1999,Medium,Tier 1,Ahmedabad,1150.5024
FDS47,Breads,Low Fat,16.75,0.129086113,89.4856,OUT049,1999,Medium,Tier 1,Ahmedabad,1054.6272
FDD51,Dairy,Low Fat,11.15,0.120139206,45.0744,OUT049,1999,Medium,Tier 1,Ahmedabad,452.744
DRE60,Soft Drinks,Low Fat,9.395,0.159582185,224.772,OUT049,1999,Medium,Tier 1,Ahmedabad,7017.532
FDK48,Baking Goods,Low Fat,7.445,0.037690731,73.3354,OUT049,1999,Medium,Tier 1,Ahmedabad,451.4124
FDS51,Meat,Low Fat,13.35,0.032230526,61.4194,OUT049,1999,Medium,Tier 1,Ahmedabad,743.0328
NCS54,Household,Low Fat,13.6,0.010008699,176.737,OUT049,1999,Medium,Tier 1,Ahmedabad,4940.236
FDT34,Snack Foods,Low Fat,9.3,0.174621343,104.2964,OUT049,1999,Medium,Tier 1,Ahmedabad,1998.7316
FDG57,Fruits and Vegetables,Low Fat,14.7,0.072410764,48.2034,OUT049,1999,Medium,Tier 1,Ahmedabad,1020.6714
FDZ44,Fruits and Vegetables,Low Fat,8.185,0.038789271,115.6808,OUT049,1999,Medium,Tier 1,Ahmedabad,703.0848
FDT28,Frozen Foods,Low Fat,13.3,0.063664998,151.6708,OUT049,1999,Medium,Tier 1,Ahmedabad,3912.2408
FDO38,Canned,Low Fat,17.25,0.072952298,76.0986,OUT049,1999,Medium,Tier 1,Ahmedabad,623.1888
FDV43,Fruits and Vegetables,Low Fat,16.0,0.076975118,46.2086,OUT049,1999,Medium,Tier 1,Ahmedabad,490.6946
DRE12,Soft Drinks,Low Fat,4.59,0.070890602,111.686,OUT049,1999,Medium,Tier 1,Ahmedabad,1584.604
FDC44,Fruits and Vegetables,Low Fat,15.6,0.0,111.9518,OUT049,1999,Medium,Tier 1,Ahmedabad,2163.1842
NCI18,Household,Low Fat,18.35,0.014045832,222.7746,OUT049,1999,Medium,Tier 1,Ahmedabad,1570.6222
NCM42,Household,Low Fat,6.13,0.028365524,110.0912,OUT049,1999,Medium,Tier 1,Ahmedabad,1637.868
DRH59,Hard Drinks,Low Fat,10.8,0.0,72.338,OUT049,1999,Medium,Tier 1,Ahmedabad,805.618
NCV54,Household,Low Fat,11.1,0.033160417,119.6124,OUT049,1999,Medium,Tier 1,Ahmedabad,2251.7356
NCN05,Health and Hygiene,Low Fat,8.235,0.014482153,182.295,OUT049,1999,Medium,Tier 1,Ahmedabad,3661.9
FDB22,Snack Foods,Low Fat,8.02,0.111613921,152.6998,OUT049,1999,Medium,Tier 1,Ahmedabad,3383.5956
NCR38,Household,Low Fat,17.25,0.113694957,253.4724,OUT049,1999,Medium,Tier 1,Ahmedabad,6040.1376
NCP54,Household,Low Fat,15.35,0.035204319,122.873,OUT049,1999,Medium,Tier 1,Ahmedabad,2832.979
FDT48,Baking Goods,Low Fat,4.92,0.046026479,196.5084,OUT049,1999,Medium,Tier 1,Ahmedabad,3769.7596
FDE58,Snack Foods,Low Fat,18.5,0.052149675,118.3124,OUT049,1999,Medium,Tier 1,Ahmedabad,1540.6612
FDL34,Snack Foods,Low Fat,16.0,0.041009558,141.2496,OUT049,1999,Medium,Tier 1,Ahmedabad,2681.8424
NCM06,Household,Low Fat,7.475,0.075845634,156.0656,OUT049,1999,Medium,Tier 1,Ahmedabad,1853.5872
FDT20,Fruits and Vegetables,Low Fat,10.5,0.041459804,39.2164,OUT049,1999,Medium,Tier 1,Ahmedabad,540.6296
NCQ38,Others,Low Fat,16.35,0.013387211,105.628,OUT049,1999,Medium,Tier 1,Ahmedabad,1065.28
FDB11,Starchy Foods,Low Fat,16.0,0.060942632,225.6404,OUT049,1999,Medium,Tier 1,Ahmedabad,2925.5252
FDY46,Snack Foods,Low Fat,18.6,0.047964395,185.0898,OUT049,1999,Medium,Tier 1,Ahmedabad,2993.4368
FDX45,Snack Foods,Low Fat,16.75,0.105018817,155.263,OUT049,1999,Medium,Tier 1,Ahmedabad,1721.093
FDM39,Dairy,Low Fat,6.42,0.053553794,178.6002,OUT049,1999,Medium,Tier 1,Ahmedabad,3582.004
FDY58,Snack Foods,Low Fat,11.65,0.039980644,227.3694,OUT049,1999,Medium,Tier 1,Ahmedabad,4567.388
FDF16,Frozen Foods,Low Fat,7.3,0.086266286,147.2076,OUT049,1999,Medium,Tier 1,Ahmedabad,1921.4988
FDQ14,Dairy,Low Fat,9.27,0.061883353,147.905,OUT049,1999,Medium,Tier 1,Ahmedabad,1647.855
DRN59,Hard Drinks,Low Fat,15.0,0.064241345,45.206,OUT049,1999,Medium,Tier 1,Ahmedabad,792.302
NCI31,Others,Low Fat,20.0,0.0814536,36.819,OUT049,1999,Medium,Tier 1,Ahmedabad,768.999
NCL29,Health and Hygiene,Low Fat,9.695,0.11411658,158.8604,OUT049,1999,Medium,Tier 1,Ahmedabad,4436.8912
FDB15,Dairy,Low Fat,10.895,0.137023446,263.7568,OUT049,1999,Medium,Tier 1,Ahmedabad,7646.0472
NCS41,Health and Hygiene,Low Fat,12.85,0.053527105,185.1608,OUT049,1999,Medium,Tier 1,Ahmedabad,2388.8904
FDE34,Snack Foods,Low Fat,9.195,0.108059141,181.7634,OUT049,1999,Medium,Tier 1,Ahmedabad,6179.9556
NCL30,Household,Low Fat,18.1,0.049016517,128.7336,OUT049,1999,Medium,Tier 1,Ahmedabad,2173.1712
NCL18,Household,Low Fat,18.85,0.167844438,193.9136,OUT049,1999,Medium,Tier 1,Ahmedabad,3110.6176
NCU05,Health and Hygiene,Low Fat,11.8,0.058827557,80.8618,OUT049,1999,Medium,Tier 1,Ahmedabad,1288.9888
DRL11,Hard Drinks,Low Fat,10.5,0.048092816,159.2946,OUT049,1999,Medium,Tier 1,Ahmedabad,1893.5352
FDO40,Frozen Foods,Low Fat,17.1,0.032678839,150.7392,OUT049,1999,Medium,Tier 1,Ahmedabad,3131.9232
FDB59,Snack Foods,Low Fat,18.25,0.015302653,198.0084,OUT049,1999,Medium,Tier 1,Ahmedabad,793.6336
FDV24,Baking Goods,Low Fat,5.635,0.0,148.705,OUT049,1999,Medium,Tier 1,Ahmedabad,1198.44
NCU54,Household,Low Fat,8.88,0.098775709,208.927,OUT049,1999,Medium,Tier 1,Ahmedabad,7130.718
FDQ09,Snack Foods,Low Fat,7.235,0.058222587,114.8834,OUT049,1999,Medium,Tier 1,Ahmedabad,3340.3186
FDA20,Fruits and Vegetables,Low Fat,6.78,0.066724663,187.724,OUT049,1999,Medium,Tier 1,Ahmedabad,1491.392
FDD04,Dairy,Low Fat,16.0,0.090111173,141.3154,OUT049,1999,Medium,Tier 1,Ahmedabad,3261.7542
NCM18,Household,Low Fat,13.0,0.082970667,60.0194,OUT049,1999,Medium,Tier 1,Ahmedabad,1114.5492
FDP38,Canned,Low Fat,10.1,0.032152004,50.6008,OUT049,1999,Medium,Tier 1,Ahmedabad,404.8064
NCF06,Household,Low Fat,6.235,0.020229757,260.8962,OUT049,1999,Medium,Tier 1,Ahmedabad,5956.9126
FDP19,Fruits and Vegetables,Low Fat,11.5,0.0,128.4652,OUT049,1999,Medium,Tier 1,Ahmedabad,2841.6344
DRN47,Hard Drinks,Low Fat,12.1,0.016852909,180.666,OUT049,1999,Medium,Tier 1,Ahmedabad,2876.256
NCR06,Household,Low Fat,12.5,0.006775667,42.9112,OUT049,1999,Medium,Tier 1,Ahmedabad,1022.6688
NCR18,Household,Low Fat,15.85,0.020519478,42.5112,OUT049,1999,Medium,Tier 1,Ahmedabad,852.224
FDQ22,Snack Foods,Low Fat,16.75,0.029785889,38.9822,OUT049,1999,Medium,Tier 1,Ahmedabad,628.5152
FDX37,Canned,Low Fat,16.2,0.063127333,100.47,OUT049,1999,Medium,Tier 1,Ahmedabad,1597.92
FDR45,Snack Foods,Low Fat,10.8,0.028988288,239.2222,OUT049,1999,Medium,Tier 1,Ahmedabad,6692.6216
FDC41,Frozen Foods,Low Fat,15.6,0.117095014,78.067,OUT049,1999,Medium,Tier 1,Ahmedabad,1148.505
FDF52,Frozen Foods,Low Fat,9.3,0.066887123,183.9292,OUT049,1999,Medium,Tier 1,Ahmedabad,3283.7256
DRF49,Soft Drinks,Low Fat,7.27,0.071188446,111.9518,OUT049,1999,Medium,Tier 1,Ahmedabad,1138.518
FDD53,Frozen Foods,Low Fat,16.2,0.044291251,43.3454,OUT049,1999,Medium,Tier 1,Ahmedabad,503.3448
FDI44,Fruits and Vegetables,Low Fat,16.1,0.100388706,76.0328,OUT049,1999,Medium,Tier 1,Ahmedabad,1853.5872
FDN31,Fruits and Vegetables,Low Fat,11.5,0.072994847,189.253,OUT049,1999,Medium,Tier 1,Ahmedabad,1328.271
NCY54,Household,Low Fat,8.43,0.177971115,174.0422,OUT049,1999,Medium,Tier 1,Ahmedabad,2069.3064
NCK54,Household,Low Fat,12.15,0.029569276,115.015,OUT049,1999,Medium,Tier 1,Ahmedabad,2912.875
FDA56,Fruits and Vegetables,Low Fat,9.21,0.008778413,122.4414,OUT049,1999,Medium,Tier 1,Ahmedabad,1583.9382
FDP04,Frozen Foods,Low Fat,15.35,0.013834247,62.7168,OUT049,1999,Medium,Tier 1,Ahmedabad,958.752
NCA53,Health and Hygiene,Low Fat,11.395,0.009893817,50.3034,OUT049,1999,Medium,Tier 1,Ahmedabad,972.068
FDA38,Dairy,Low Fat,5.44,0.025519534,238.7538,OUT049,1999,Medium,Tier 1,Ahmedabad,3605.307
NCW18,Household,Low Fat,15.1,0.059417055,237.9248,OUT049,1999,Medium,Tier 1,Ahmedabad,2133.2232
FDJ53,Frozen Foods,Low Fat,10.5,0.071368699,121.3098,OUT049,1999,Medium,Tier 1,Ahmedabad,1446.1176
DRO35,Hard Drinks,Low Fat,13.85,0.034624104,115.0492,OUT049,1999,Medium,Tier 1,Ahmedabad,4054.722
NCM53,Health and Hygiene,Low Fat,18.75,0.052121825,104.828,OUT049,1999,Medium,Tier 1,Ahmedabad,2343.616
DRF36,Soft Drinks,Low Fat,16.1,0.023613955,192.8846,OUT049,1999,Medium,Tier 1,Ahmedabad,5350.3688
NCO02,Others,Low Fat,11.15,0.0,65.0142,OUT049,1999,Medium,Tier 1,Ahmedabad,1120.5414
DRF13,Soft Drinks,Low Fat,12.1,0.029827665,144.3444,OUT049,1999,Medium,Tier 1,Ahmedabad,2612.5992
FDE08,Fruits and Vegetables,Low Fat,18.2,0.049396364,146.4734,OUT049,1999,Medium,Tier 1,Ahmedabad,3563.3616
FDB17,Frozen Foods,Low Fat,13.15,0.036729122,179.7976,OUT049,1999,Medium,Tier 1,Ahmedabad,2535.3664
FDG24,Baking Goods,Low Fat,7.975,0.014653896,82.425,OUT049,1999,Medium,Tier 1,Ahmedabad,749.025
NCR53,Health and Hygiene,Low Fat,12.15,0.14526636,224.0404,OUT049,1999,Medium,Tier 1,Ahmedabad,3375.606
DRE27,Dairy,Low Fat,11.85,0.132876847,98.0726,OUT049,1999,Medium,Tier 1,Ahmedabad,1076.5986
NCU42,Household,Low Fat,9.0,0.019536981,170.0474,OUT049,1999,Medium,Tier 1,Ahmedabad,4211.185
FDS57,Snack Foods,Low Fat,15.5,0.103603094,143.547,OUT049,1999,Medium,Tier 1,Ahmedabad,1431.47
FDI52,Frozen Foods,Low Fat,18.7,0.104840884,122.1072,OUT049,1999,Medium,Tier 1,Ahmedabad,490.0288
FDH24,Baking Goods,Low Fat,20.7,0.021464454,156.6288,OUT049,1999,Medium,Tier 1,Ahmedabad,3928.22
FDD05,Frozen Foods,Low Fat,19.35,0.016637301,120.9098,OUT049,1999,Medium,Tier 1,Ahmedabad,1687.1372
FDS50,Dairy,Low Fat,17.0,0.055519561,219.8114,OUT049,1999,Medium,Tier 1,Ahmedabad,1108.557
DRF60,Soft Drinks,Low Fat,10.8,0.052149675,239.9564,OUT049,1999,Medium,Tier 1,Ahmedabad,3813.7024
NCB54,Health and Hygiene,Low Fat,8.76,0.050130529,128.3336,OUT049,1999,Medium,Tier 1,Ahmedabad,2556.672
FDG29,Frozen Foods,Low Fat,17.6,0.056379439,42.7454,OUT049,1999,Medium,Tier 1,Ahmedabad,293.6178
NCA30,Household,Low Fat,19.0,0.129534812,190.1872,OUT049,1999,Medium,Tier 1,Ahmedabad,5105.3544
DRF23,Hard Drinks,Low Fat,4.61,0.122843005,172.4396,OUT049,1999,Medium,Tier 1,Ahmedabad,1569.9564
FDY10,Snack Foods,Low Fat,17.6,0.049144165,112.7176,OUT049,1999,Medium,Tier 1,Ahmedabad,1717.764
FDS43,Fruits and Vegetables,Low Fat,11.65,0.040577878,188.224,OUT049,1999,Medium,Tier 1,Ahmedabad,1304.968
NCM30,Household,Low Fat,19.1,0.067400032,41.9796,OUT049,1999,Medium,Tier 1,Ahmedabad,784.3124
FDX34,Snack Foods,Low Fat,6.195,0.072097449,119.3098,OUT049,1999,Medium,Tier 1,Ahmedabad,1205.098
DRL60,Soft Drinks,Low Fat,8.52,0.027101431,151.7682,OUT049,1999,Medium,Tier 1,Ahmedabad,2439.4912
FDP32,Fruits and Vegetables,Low Fat,6.65,0.087805788,126.7678,OUT049,1999,Medium,Tier 1,Ahmedabad,1907.517
NCJ31,Others,Low Fat,19.2,0.18293775,243.0196,OUT049,1999,Medium,Tier 1,Ahmedabad,3615.294
NCN29,Health and Hygiene,Low Fat,15.2,0.0,47.8034,OUT049,1999,Medium,Tier 1,Ahmedabad,437.4306
FDL04,Frozen Foods,Low Fat,19.0,0.112097433,105.5622,OUT049,1999,Medium,Tier 1,Ahmedabad,1905.5196
FDN44,Fruits and Vegetables,Low Fat,13.15,0.022831052,160.292,OUT049,1999,Medium,Tier 1,Ahmedabad,4793.76
NCB31,Household,Low Fat,6.235,0.118858866,263.291,OUT049,1999,Medium,Tier 1,Ahmedabad,3418.883
FDD22,Snack Foods,Low Fat,10.0,0.099804623,113.7544,OUT049,1999,Medium,Tier 1,Ahmedabad,3243.7776
FDU22,Snack Foods,Low Fat,12.35,0.093441604,119.1124,OUT049,1999,Medium,Tier 1,Ahmedabad,3673.8844
FDC17,Frozen Foods,Low Fat,12.15,0.015484763,211.9928,OUT049,1999,Medium,Tier 1,Ahmedabad,631.1784
NCQ50,Household,Low Fat,18.75,0.034360687,215.7218,OUT049,1999,Medium,Tier 1,Ahmedabad,4274.436
FDK27,Meat,Low Fat,11.0,0.008960445,119.1756,OUT049,1999,Medium,Tier 1,Ahmedabad,1696.4584
NCO07,Others,Low Fat,9.06,0.009791467,213.256,OUT049,1999,Medium,Tier 1,Ahmedabad,4687.232
FDM10,Snack Foods,Low Fat,18.25,0.076089711,212.9218,OUT049,1999,Medium,Tier 1,Ahmedabad,3846.9924
NCP30,Household,Low Fat,20.5,0.032819637,38.9822,OUT049,1999,Medium,Tier 1,Ahmedabad,982.055
FDN57,Snack Foods,Low Fat,18.25,0.054318517,140.9154,OUT049,1999,Medium,Tier 1,Ahmedabad,6381.693
NCL05,Health and Hygiene,Low Fat,19.6,0.0,42.877,OUT049,1999,Medium,Tier 1,Ahmedabad,649.155
NCM41,Health and Hygiene,Low Fat,16.5,0.035711426,93.612,OUT049,1999,Medium,Tier 1,Ahmedabad,1584.604
FDU59,Breads,Low Fat,5.78,0.096536082,162.8552,OUT049,1999,Medium,Tier 1,Ahmedabad,3574.0144
FDZ12,Baking Goods,Low Fat,9.17,0.103138922,141.747,OUT049,1999,Medium,Tier 1,Ahmedabad,3006.087
NCK18,Household,Low Fat,9.6,0.006708517,164.6184,OUT049,1999,Medium,Tier 1,Ahmedabad,2972.1312
FDF17,Frozen Foods,Low Fat,5.19,0.042687151,195.911,OUT049,1999,Medium,Tier 1,Ahmedabad,2946.165
FDB34,Snack Foods,Low Fat,15.25,0.026651184,86.6198,OUT049,1999,Medium,Tier 1,Ahmedabad,1657.1762
FDK38,Canned,Low Fat,6.65,0.053372768,149.5734,OUT049,1999,Medium,Tier 1,Ahmedabad,2524.0478
DRB24,Soft Drinks,Low Fat,8.785,0.020609218,155.1656,OUT049,1999,Medium,Tier 1,Ahmedabad,4016.1056
FDN21,Snack Foods,Low Fat,18.6,0.076975118,161.8236,OUT049,1999,Medium,Tier 1,Ahmedabad,1611.236
NCP18,Household,Low Fat,12.15,0.028642712,149.0708,OUT049,1999,Medium,Tier 1,Ahmedabad,1203.7664
FDW25,Canned,Low Fat,5.175,0.037457098,83.4224,OUT049,1999,Medium,Tier 1,Ahmedabad,1448.7808
FDT38,Dairy,Low Fat,18.7,0.0576269,83.3566,OUT049,1999,Medium,Tier 1,Ahmedabad,1860.2452
FDS26,Dairy,Low Fat,20.35,0.089608321,262.1594,OUT049,1999,Medium,Tier 1,Ahmedabad,3139.9128
NCB18,Household,Low Fat,19.6,0.041355366,88.7514,OUT049,1999,Medium,Tier 1,Ahmedabad,2656.542
DRE13,Soft Drinks,Low Fat,6.28,0.027748176,86.5198,OUT049,1999,Medium,Tier 1,Ahmedabad,1395.5168
DRG23,Hard Drinks,Low Fat,8.88,0.086916126,153.3682,OUT049,1999,Medium,Tier 1,Ahmedabad,1219.7456
FDS23,Breads,Low Fat,4.635,0.141108156,128.2994,OUT049,1999,Medium,Tier 1,Ahmedabad,2698.4874
FDI35,Starchy Foods,Low Fat,14.0,0.041355366,182.0634,OUT049,1999,Medium,Tier 1,Ahmedabad,4544.085
FDZ20,Fruits and Vegetables,Low Fat,16.1,0.0343603,253.4356,OUT049,1999,Medium,Tier 1,Ahmedabad,2797.6916
NCB30,Household,Low Fat,14.6,0.025742955,197.1084,OUT049,1999,Medium,Tier 1,Ahmedabad,4761.8016
FDT43,Fruits and Vegetables,Low Fat,16.35,0.020579897,52.1324,OUT049,1999,Medium,Tier 1,Ahmedabad,934.7832
DRK13,Soft Drinks,Low Fat,11.8,0.115346634,200.2084,OUT049,1999,Medium,Tier 1,Ahmedabad,4563.3932
DRF03,Dairy,Low Fat,19.1,0.045378573,42.4138,OUT049,1999,Medium,Tier 1,Ahmedabad,243.6828
FDJ04,Frozen Foods,Low Fat,18.0,0.124645538,117.2124,OUT049,1999,Medium,Tier 1,Ahmedabad,2133.2232
NCS05,Health and Hygiene,Low Fat,11.5,0.021010687,131.3942,OUT049,1999,Medium,Tier 1,Ahmedabad,927.4594
FDJ45,Seafood,Low Fat,17.75,0.073524776,34.8216,OUT049,1999,Medium,Tier 1,Ahmedabad,207.7296
FDV07,Fruits and Vegetables,Low Fat,9.5,0.031331581,111.1228,OUT049,1999,Medium,Tier 1,Ahmedabad,663.1368
FDY19,Fruits and Vegetables,Low Fat,19.75,0.041429246,117.2466,OUT049,1999,Medium,Tier 1,Ahmedabad,2239.0854
FDP60,Baking Goods,Low Fat,17.35,0.056005781,99.2016,OUT049,1999,Medium,Tier 1,Ahmedabad,1518.024
NCO05,Health and Hygiene,Low Fat,7.27,0.046631836,98.4384,OUT049,1999,Medium,Tier 1,Ahmedabad,1576.6144
FDF20,Fruits and Vegetables,Low Fat,12.85,0.033271818,196.5768,OUT049,1999,Medium,Tier 1,Ahmedabad,5715.2272
FDR43,Fruits and Vegetables,Low Fat,18.2,0.161740582,38.419,OUT049,1999,Medium,Tier 1,Ahmedabad,805.618
NCX18,Household,Low Fat,14.15,0.0,197.111,OUT049,1999,Medium,Tier 1,Ahmedabad,3731.809
FDB52,Dairy,Low Fat,17.75,0.03048292,257.2672,OUT049,1999,Medium,Tier 1,Ahmedabad,3068.0064
FDD46,Snack Foods,Low Fat,6.035,0.141475625,155.0998,OUT049,1999,Medium,Tier 1,Ahmedabad,1230.3984
FDU13,Canned,Low Fat,8.355,0.187850233,146.5418,OUT049,1999,Medium,Tier 1,Ahmedabad,2501.4106
NCR41,Health and Hygiene,Low Fat,17.85,0.018052019,96.6094,OUT049,1999,Medium,Tier 1,Ahmedabad,856.8846
NCS53,Health and Hygiene,Low Fat,14.5,0.089917769,160.3604,OUT049,1999,Medium,Tier 1,Ahmedabad,2852.2872
FDI15,Dairy,Low Fat,13.8,0.0,263.7884,OUT049,1999,Medium,Tier 1,Ahmedabad,3709.8376
FDX21,Snack Foods,Low Fat,7.05,0.08509812,108.2912,OUT049,1999,Medium,Tier 1,Ahmedabad,2293.0152
NCC31,Household,Low Fat,8.02,0.019901356,157.5972,OUT049,1999,Medium,Tier 1,Ahmedabad,3427.5384
DRL35,Hard Drinks,Low Fat,15.7,0.030751366,42.577,OUT049,1999,Medium,Tier 1,Ahmedabad,952.094
FDU36,Baking Goods,Low Fat,6.15,0.046342889,97.3384,OUT049,1999,Medium,Tier 1,Ahmedabad,886.8456
FDL15,Meat,Low Fat,17.85,0.046707264,152.6682,OUT049,1999,Medium,Tier 1,Ahmedabad,1829.6184
NCR50,Household,Low Fat,20.2,0.011838464,155.134,OUT049,1999,Medium,Tier 1,Ahmedabad,2603.278
DRI11,Hard Drinks,Low Fat,8.26,0.034457776,113.3834,OUT049,1999,Medium,Tier 1,Ahmedabad,2073.3012
NCL19,Others,Low Fat,15.35,0.015700603,141.147,OUT049,1999,Medium,Tier 1,Ahmedabad,2719.793
FDH16,Frozen Foods,Low Fat,10.5,0.052637056,88.583,OUT049,1999,Medium,Tier 1,Ahmedabad,808.947
NCN07,Others,Low Fat,18.5,0.033997473,129.9284,OUT049,1999,Medium,Tier 1,Ahmedabad,1845.5976
FDH34,Snack Foods,Low Fat,8.63,0.031143591,183.9582,OUT049,1999,Medium,Tier 1,Ahmedabad,5386.9878
NCE30,Household,Low Fat,16.0,0.099290166,214.0902,OUT049,1999,Medium,Tier 1,Ahmedabad,1486.7314
FDE21,Fruits and Vegetables,Low Fat,12.8,0.022980361,117.7492,OUT049,1999,Medium,Tier 1,Ahmedabad,1274.3412
FDW48,Baking Goods,Low Fat,18.0,0.008554102,79.3618,OUT049,1999,Medium,Tier 1,Ahmedabad,805.618
FDC38,Canned,Low Fat,15.7,0.122684413,132.2942,OUT049,1999,Medium,Tier 1,Ahmedabad,2252.4014
FDX19,Fruits and Vegetables,Low Fat,19.1,0.09688421,233.5958,OUT049,1999,Medium,Tier 1,Ahmedabad,2336.958
FDV46,Snack Foods,Low Fat,18.2,0.012627478,140.818,OUT049,1999,Medium,Tier 1,Ahmedabad,3495.45
NCM07,Others,Low Fat,9.395,0.040023967,85.5908,OUT049,1999,Medium,Tier 1,Ahmedabad,1006.6896
NCK17,Health and Hygiene,Low Fat,11.0,0.037953762,38.448,OUT049,1999,Medium,Tier 1,Ahmedabad,1198.44
DRG37,Soft Drinks,Low Fat,16.2,0.01940856,156.7972,OUT049,1999,Medium,Tier 1,Ahmedabad,3739.1328
FDP10,Snack Foods,Low Fat,19.0,0.128289285,104.9622,OUT049,1999,Medium,Tier 1,Ahmedabad,1164.4842
NCF43,Household,Low Fat,8.51,0.0,142.147,OUT049,1999,Medium,Tier 1,Ahmedabad,1717.764
FDK51,Dairy,Low Fat,19.85,0.005243282,266.1884,OUT049,1999,Medium,Tier 1,Ahmedabad,3179.8608
DRL37,Soft Drinks,Low Fat,15.5,0.053455158,43.677,OUT049,1999,Medium,Tier 1,Ahmedabad,562.601
FDF05,Frozen Foods,Low Fat,17.5,0.026912667,261.291,OUT049,1999,Medium,Tier 1,Ahmedabad,3418.883
NCC07,Household,Low Fat,19.6,0.023988387,104.5964,OUT049,1999,Medium,Tier 1,Ahmedabad,1262.3568
FDJ52,Frozen Foods,Low Fat,7.145,0.017814518,159.8578,OUT049,1999,Medium,Tier 1,Ahmedabad,2246.4092
DRB01,Soft Drinks,Low Fat,7.39,0.082367244,187.753,OUT049,1999,Medium,Tier 1,Ahmedabad,1518.024
FDQ58,Snack Foods,Low Fat,7.315,0.01532563,153.434,OUT049,1999,Medium,Tier 1,Ahmedabad,459.402
FDL16,Frozen Foods,Low Fat,12.85,0.16871476,47.306,OUT049,1999,Medium,Tier 1,Ahmedabad,1071.938
FDR33,Snack Foods,Low Fat,7.31,0.026830586,108.057,OUT049,1999,Medium,Tier 1,Ahmedabad,2087.283
FDH09,Seafood,Low Fat,12.6,0.05616476,51.8982,OUT049,1999,Medium,Tier 1,Ahmedabad,473.3838
FDI45,Fruits and Vegetables,Low Fat,13.1,0.037639672,175.6054,OUT049,1999,Medium,Tier 1,Ahmedabad,1050.6324
DRO59,Hard Drinks,Low Fat,11.8,0.054238448,75.4012,OUT049,1999,Medium,Tier 1,Ahmedabad,986.7156
FDE29,Frozen Foods,Low Fat,8.905,0.143351652,62.0878,OUT049,1999,Medium,Tier 1,Ahmedabad,302.939
FDI26,Canned,Low Fat,5.94,0.034940979,177.3344,OUT049,1999,Medium,Tier 1,Ahmedabad,1605.9096
FDW24,Baking Goods,Low Fat,6.8,0.037555348,49.6034,OUT049,1999,Medium,Tier 1,Ahmedabad,972.068
FDN01,Breakfast,Low Fat,8.895,0.072511335,177.437,OUT049,1999,Medium,Tier 1,Ahmedabad,3528.74
FDV49,Canned,Low Fat,10.0,0.025867353,264.6226,OUT049,1999,Medium,Tier 1,Ahmedabad,4757.8068
FDO57,Snack Foods,Low Fat,20.75,0.108879177,161.5578,OUT049,1999,Medium,Tier 1,Ahmedabad,320.9156
DRD27,Dairy,Low Fat,18.75,0.023876985,97.4042,OUT049,1999,Medium,Tier 1,Ahmedabad,2281.6966
DRL23,Hard Drinks,Low Fat,18.35,0.015328106,107.5938,OUT049,1999,Medium,Tier 1,Ahmedabad,1822.2946
FDV03,Meat,Low Fat,17.6,0.058181585,154.4314,OUT049,1999,Medium,Tier 1,Ahmedabad,2326.971
NCJ05,Health and Hygiene,Low Fat,18.7,0.046159928,152.3682,OUT049,1999,Medium,Tier 1,Ahmedabad,1677.1502
FDZ04,Frozen Foods,Low Fat,9.31,0.038014104,62.351,OUT049,1999,Medium,Tier 1,Ahmedabad,822.263
FDK43,Meat,Low Fat,9.8,0.026882496,126.302,OUT049,1999,Medium,Tier 1,Ahmedabad,3036.048
NCD54,Household,Low Fat,21.1,0.029054046,144.6786,OUT049,1999,Medium,Tier 1,Ahmedabad,2889.572
FDR47,Breads,Low Fat,17.85,0.087604647,196.9794,OUT049,1999,Medium,Tier 1,Ahmedabad,1560.6352
DRF27,Dairy,Low Fat,8.93,0.028461453,152.234,OUT049,1999,Medium,Tier 1,Ahmedabad,5053.422
FDB39,Dairy,Low Fat,11.6,0.038578846,56.1272,OUT049,1999,Medium,Tier 1,Ahmedabad,671.1264
NCI06,Household,Low Fat,11.3,0.047791878,180.766,OUT049,1999,Medium,Tier 1,Ahmedabad,5033.448
FDU23,Breads,Low Fat,12.15,0.021757269,165.0184,OUT049,1999,Medium,Tier 1,Ahmedabad,3302.368
NCM43,Others,Low Fat,14.5,0.01950565,163.921,OUT049,1999,Medium,Tier 1,Ahmedabad,2446.815
FDI46,Snack Foods,Low Fat,9.5,0.074460855,253.6724,OUT049,1999,Medium,Tier 1,Ahmedabad,5033.448
FDO13,Breakfast,Low Fat,7.865,0.061154604,165.3526,OUT049,1999,Medium,Tier 1,Ahmedabad,1151.1682
NCW41,Health and Hygiene,Low Fat,18.0,0.0,158.0604,OUT049,1999,Medium,Tier 1,Ahmedabad,3327.6684
FDO16,Frozen Foods,Low Fat,5.48,0.015131684,83.025,OUT049,1999,Medium,Tier 1,Ahmedabad,1414.825
FDB08,Fruits and Vegetables,Low Fat,6.055,0.031151714,158.7578,OUT049,1999,Medium,Tier 1,Ahmedabad,2085.9514
DRN35,Hard Drinks,Low Fat,8.01,0.070356805,36.8532,OUT049,1999,Medium,Tier 1,Ahmedabad,755.0172
DRG48,Soft Drinks,Low Fat,5.78,0.014577695,147.2102,OUT049,1999,Medium,Tier 1,Ahmedabad,1895.5326
FDW13,Canned,Low Fat,8.5,0.098036903,51.5324,OUT049,1999,Medium,Tier 1,Ahmedabad,882.8508
NCX54,Household,Low Fat,9.195,0.048134591,107.7622,OUT049,1999,Medium,Tier 1,Ahmedabad,529.311
DRJ59,Hard Drinks,Low Fat,11.65,0.019402371,38.7164,OUT049,1999,Medium,Tier 1,Ahmedabad,579.246
FDT44,Fruits and Vegetables,Low Fat,16.6,0.103146658,117.2466,OUT049,1999,Medium,Tier 1,Ahmedabad,2239.0854
FDM44,Fruits and Vegetables,Low Fat,12.5,0.031097948,103.899,OUT049,1999,Medium,Tier 1,Ahmedabad,1960.781
NCQ05,Health and Hygiene,Low Fat,11.395,0.021639678,150.1708,OUT049,1999,Medium,Tier 1,Ahmedabad,2708.4744
DRN11,Hard Drinks,Low Fat,7.85,0.163233667,144.6444,OUT049,1999,Medium,Tier 1,Ahmedabad,2467.4548
FDB27,Dairy,Low Fat,7.575,0.055476238,196.8768,OUT049,1999,Medium,Tier 1,Ahmedabad,1182.4608
DRP47,Hard Drinks,Low Fat,15.75,0.140821917,252.9382,OUT049,1999,Medium,Tier 1,Ahmedabad,2775.7202
NCS30,Household,Low Fat,5.945,0.093170838,127.3652,OUT049,1999,Medium,Tier 1,Ahmedabad,1549.9824
FDI57,Seafood,Low Fat,19.85,0.05410964,195.0768,OUT049,1999,Medium,Tier 1,Ahmedabad,1970.768
FDB53,Frozen Foods,Low Fat,13.35,0.139669224,147.6392,OUT049,1999,Medium,Tier 1,Ahmedabad,1938.8096
NCT42,Household,Low Fat,5.88,0.024926013,149.9392,OUT049,1999,Medium,Tier 1,Ahmedabad,1491.392
DRI23,Hard Drinks,Low Fat,18.85,0.137410256,161.7578,OUT049,1999,Medium,Tier 1,Ahmedabad,1604.578
NCJ29,Health and Hygiene,Low Fat,10.6,0.035247642,84.7224,OUT049,1999,Medium,Tier 1,Ahmedabad,1619.2256
FDA21,Snack Foods,Low Fat,13.65,0.036016619,186.3924,OUT049,1999,Medium,Tier 1,Ahmedabad,1295.6468
DRD15,Dairy,Low Fat,10.6,0.056884225,231.9642,OUT049,1999,Medium,Tier 1,Ahmedabad,3020.7346
NCG19,Household,Low Fat,20.25,0.148163564,232.7616,OUT049,1999,Medium,Tier 1,Ahmedabad,1874.8928
FDY36,Baking Goods,Low Fat,12.3,0.009425158,74.838,OUT049,1999,Medium,Tier 1,Ahmedabad,1537.998
DRI25,Soft Drinks,Low Fat,19.6,0.03395415,56.4614,OUT049,1999,Medium,Tier 1,Ahmedabad,773.6596
NCT30,Household,Low Fat,9.1,0.080417724,48.8718,OUT049,1999,Medium,Tier 1,Ahmedabad,425.4462
DRK12,Soft Drinks,Low Fat,9.5,0.041951439,32.49,OUT049,1999,Medium,Tier 1,Ahmedabad,865.54
FDS37,Canned,Low Fat,7.655,0.031994534,114.3492,OUT049,1999,Medium,Tier 1,Ahmedabad,1853.5872
FDG53,Frozen Foods,Low Fat,10.0,0.045928229,138.118,OUT049,1999,Medium,Tier 1,Ahmedabad,1957.452
FDR21,Snack Foods,Low Fat,19.7,0.067039526,178.337,OUT049,1999,Medium,Tier 1,Ahmedabad,1411.496
FDS40,Frozen Foods,Low Fat,15.35,0.01404119,38.419,OUT049,1999,Medium,Tier 1,Ahmedabad,476.047
FDT31,Fruits and Vegetables,Low Fat,19.75,0.012467648,188.1872,OUT049,1999,Medium,Tier 1,Ahmedabad,2458.1336
FDU02,Dairy,Low Fat,13.35,0.102670882,228.6352,OUT049,1999,Medium,Tier 1,Ahmedabad,3435.528
NCZ30,Household,Low Fat,6.59,0.026225693,119.0098,OUT049,1999,Medium,Tier 1,Ahmedabad,2530.7058
FDG16,Frozen Foods,Low Fat,15.25,0.08995645,217.1192,OUT049,1999,Medium,Tier 1,Ahmedabad,3235.788
FDO50,Canned,Low Fat,16.25,0.078290271,93.1804,OUT049,1999,Medium,Tier 1,Ahmedabad,1194.4452
FDW47,Breads,Low Fat,15.0,0.046447328,121.5414,OUT049,1999,Medium,Tier 1,Ahmedabad,2436.828
NCL06,Household,Low Fat,14.65,0.072178679,262.9594,OUT049,1999,Medium,Tier 1,Ahmedabad,5233.188
FDW36,Baking Goods,Low Fat,11.15,0.057021156,106.8622,OUT049,1999,Medium,Tier 1,Ahmedabad,2011.3818
NCD06,Household,Low Fat,13.0,0.099479703,44.906,OUT049,1999,Medium,Tier 1,Ahmedabad,652.484
FDH38,Canned,Low Fat,6.425,0.010454459,115.6808,OUT049,1999,Medium,Tier 1,Ahmedabad,1406.1696
DRZ24,Soft Drinks,Low Fat,7.535,0.081914677,120.344,OUT049,1999,Medium,Tier 1,Ahmedabad,3835.008
FDW56,Fruits and Vegetables,Low Fat,7.68,0.071010513,190.9162,OUT049,1999,Medium,Tier 1,Ahmedabad,5195.2374
DRG39,Dairy,Low Fat,14.15,0.042246575,54.2982,OUT049,1999,Medium,Tier 1,Ahmedabad,1104.5622
FDS01,Canned,Low Fat,11.6,0.0,178.2686,OUT049,1999,Medium,Tier 1,Ahmedabad,1955.4546
FDT49,Canned,Low Fat,7.0,0.0,105.628,OUT049,1999,Medium,Tier 1,Ahmedabad,1384.864
FDW50,Dairy,Low Fat,13.1,0.075695552,168.4158,OUT049,1999,Medium,Tier 1,Ahmedabad,1504.0422
DRG51,Dairy,Low Fat,12.1,0.011557563,165.3526,OUT049,1999,Medium,Tier 1,Ahmedabad,3453.5046
NCZ06,Household,Low Fat,19.6,0.094308058,251.8698,OUT049,1999,Medium,Tier 1,Ahmedabad,3551.3772
FDH48,Baking Goods,Low Fat,13.5,0.0,84.654,OUT049,1999,Medium,Tier 1,Ahmedabad,1211.756
FDB47,Snack Foods,Low Fat,8.8,0.071540443,210.6612,OUT049,1999,Medium,Tier 1,Ahmedabad,2508.7344
DRC27,Dairy,Low Fat,13.8,0.058192802,246.9802,OUT049,1999,Medium,Tier 1,Ahmedabad,5896.3248
FDE47,Starchy Foods,Low Fat,14.15,0.037967687,125.6046,OUT049,1999,Medium,Tier 1,Ahmedabad,1618.5598
FDP09,Snack Foods,Low Fat,19.75,0.033942546,213.5902,OUT049,1999,Medium,Tier 1,Ahmedabad,4460.1942
DRI47,Hard Drinks,Low Fat,14.7,0.020952705,143.5128,OUT049,1999,Medium,Tier 1,Ahmedabad,2444.8176
NCP05,Health and Hygiene,Low Fat,19.6,0.025325897,150.9024,OUT049,1999,Medium,Tier 1,Ahmedabad,3795.06
FDA50,Dairy,Low Fat,16.25,0.087310672,95.541,OUT049,1999,Medium,Tier 1,Ahmedabad,1544.656
FDX08,Fruits and Vegetables,Low Fat,12.85,0.022639195,179.7318,OUT049,1999,Medium,Tier 1,Ahmedabad,2165.1816
NCH55,Household,Low Fat,16.35,0.034726222,125.602,OUT049,1999,Medium,Tier 1,Ahmedabad,3036.048
DRK01,Soft Drinks,Low Fat,7.63,0.061159246,92.5436,OUT049,1999,Medium,Tier 1,Ahmedabad,1607.2412
NCS29,Health and Hygiene,Low Fat,9.0,0.069653585,266.2884,OUT049,1999,Medium,Tier 1,Ahmedabad,2914.8724
NCL42,Household,Low Fat,18.85,0.040434372,244.3144,OUT049,1999,Medium,Tier 1,Ahmedabad,5635.3312
DRD25,Soft Drinks,Low Fat,6.135,0.079094835,114.386,OUT049,1999,Medium,Tier 1,Ahmedabad,1018.674
FDD34,Snack Foods,Low Fat,7.945,0.015900971,163.821,OUT049,1999,Medium,Tier 1,Ahmedabad,1794.331
FDB50,Canned,Low Fat,13.0,0.153857402,76.3986,OUT049,1999,Medium,Tier 1,Ahmedabad,778.986
FDS55,Fruits and Vegetables,Low Fat,7.02,0.081290366,147.3734,OUT049,1999,Medium,Tier 1,Ahmedabad,2524.0478
NCD07,Household,Low Fat,9.1,0.055514919,112.5518,OUT049,1999,Medium,Tier 1,Ahmedabad,341.5554
FDV35,Breads,Low Fat,19.5,0.128405328,156.4314,OUT049,1999,Medium,Tier 1,Ahmedabad,2326.971
NCS18,Household,Low Fat,12.65,0.042276746,108.4938,OUT049,1999,Medium,Tier 1,Ahmedabad,1500.7132
DRE49,Soft Drinks,Low Fat,20.75,0.02128304,153.5024,OUT049,1999,Medium,Tier 1,Ahmedabad,2428.8384
FDF09,Fruits and Vegetables,Low Fat,6.215,0.012167793,37.4848,OUT049,1999,Medium,Tier 1,Ahmedabad,111.8544
FDD02,Canned,Low Fat,16.6,0.050369191,117.2124,OUT049,1999,Medium,Tier 1,Ahmedabad,1422.1488
NCM55,Others,Low Fat,15.6,0.066829875,185.5924,OUT049,1999,Medium,Tier 1,Ahmedabad,3146.5708
FDQ39,Meat,Low Fat,14.8,0.081168135,190.5846,OUT049,1999,Medium,Tier 1,Ahmedabad,3630.6074
DRH11,Hard Drinks,Low Fat,5.98,0.075675438,53.3614,OUT049,1999,Medium,Tier 1,Ahmedabad,331.5684
NCI42,Household,Low Fat,18.75,0.010381661,207.8954,OUT049,1999,Medium,Tier 1,Ahmedabad,2292.3494
NCF31,Household,Low Fat,9.13,0.051928034,151.4024,OUT049,1999,Medium,Tier 1,Ahmedabad,1973.4312
FDQ52,Frozen Foods,Low Fat,17.0,0.119570595,249.7434,OUT049,1999,Medium,Tier 1,Ahmedabad,4221.8378
FDH22,Snack Foods,Low Fat,6.405,0.136512858,128.7678,OUT049,1999,Medium,Tier 1,Ahmedabad,3052.0272
FDO36,Baking Goods,Low Fat,19.7,0.078034976,178.066,OUT049,1999,Medium,Tier 1,Ahmedabad,3954.852
FDN32,Fruits and Vegetables,Low Fat,17.5,0.01558456,185.1266,OUT049,1999,Medium,Tier 1,Ahmedabad,4795.0916
DRK39,Dairy,Low Fat,7.02,0.049942926,82.425,OUT049,1999,Medium,Tier 1,Ahmedabad,1414.825
FDC26,Canned,Low Fat,10.195,0.126579586,112.2886,OUT049,1999,Medium,Tier 1,Ahmedabad,2557.3378
NCY17,Health and Hygiene,Low Fat,18.2,0.16334971,45.1086,OUT049,1999,Medium,Tier 1,Ahmedabad,669.129
NCE19,Household,Low Fat,8.97,0.093159233,55.7956,OUT049,1999,Medium,Tier 1,Ahmedabad,1037.3164
FDU25,Canned,Low Fat,12.35,0.026722744,59.2246,OUT049,1999,Medium,Tier 1,Ahmedabad,984.7182
FDG44,Fruits and Vegetables,Low Fat,6.13,0.10234983,55.0298,OUT049,1999,Medium,Tier 1,Ahmedabad,539.298
FDX58,Snack Foods,Low Fat,13.15,0.043831721,184.195,OUT049,1999,Medium,Tier 1,Ahmedabad,2746.425
NCY05,Health and Hygiene,Low Fat,13.5,0.055075504,33.3874,OUT049,1999,Medium,Tier 1,Ahmedabad,282.2992
FDH27,Dairy,Low Fat,7.075,0.058437653,143.0128,OUT049,1999,Medium,Tier 1,Ahmedabad,1150.5024
NCG42,Household,Low Fat,19.2,0.041291929,130.131,OUT049,1999,Medium,Tier 1,Ahmedabad,1038.648
FDU04,Frozen Foods,Low Fat,7.93,0.005557062,122.1414,OUT049,1999,Medium,Tier 1,Ahmedabad,2924.1936
FDO32,Fruits and Vegetables,Low Fat,6.36,0.120731024,46.506,OUT049,1999,Medium,Tier 1,Ahmedabad,652.484
NCG55,Household,Low Fat,16.25,0.039207025,116.1176,OUT049,1999,Medium,Tier 1,Ahmedabad,2633.9048
FDF35,Starchy Foods,Low Fat,15.0,0.154228739,107.3938,OUT049,1999,Medium,Tier 1,Ahmedabad,750.3566
NCV41,Health and Hygiene,Low Fat,14.35,0.017065268,109.5228,OUT049,1999,Medium,Tier 1,Ahmedabad,1768.3648
NCN43,Others,Low Fat,12.15,0.006770252,124.473,OUT049,1999,Medium,Tier 1,Ahmedabad,1231.73
NCU06,Household,Low Fat,17.6,0.074522745,228.801,OUT049,1999,Medium,Tier 1,Ahmedabad,3215.814
DRE37,Soft Drinks,Low Fat,13.5,0.094366079,190.9872,OUT049,1999,Medium,Tier 1,Ahmedabad,2836.308
FDJ09,Snack Foods,Low Fat,15.0,0.058485617,44.7744,OUT049,1999,Medium,Tier 1,Ahmedabad,679.116
NCH07,Household,Low Fat,13.15,0.092811105,159.7604,OUT049,1999,Medium,Tier 1,Ahmedabad,4119.9704
FDB33,Fruits and Vegetables,Low Fat,17.75,0.014602837,158.6262,OUT049,1999,Medium,Tier 1,Ahmedabad,3819.0288
DRK49,Soft Drinks,Low Fat,14.15,0.035999599,41.5138,OUT049,1999,Medium,Tier 1,Ahmedabad,162.4552
NCO54,Household,Low Fat,19.5,0.014296484,53.7614,OUT049,1999,Medium,Tier 1,Ahmedabad,1436.7964
DRE25,Soft Drinks,Low Fat,15.35,0.073397129,91.912,OUT049,1999,Medium,Tier 1,Ahmedabad,2609.936
NCH30,Household,Low Fat,17.1,0.06725846,115.186,OUT049,1999,Medium,Tier 1,Ahmedabad,2490.092
FDH12,Baking Goods,Low Fat,9.6,0.085085743,105.128,OUT049,1999,Medium,Tier 1,Ahmedabad,1065.28
NCH18,Household,Low Fat,9.3,0.044730667,245.1802,OUT049,1999,Medium,Tier 1,Ahmedabad,2456.802
DRJ25,Soft Drinks,Low Fat,14.6,0.150801606,48.7692,OUT049,1999,Medium,Tier 1,Ahmedabad,1231.73
FDV58,Snack Foods,Low Fat,20.85,0.121438886,196.1452,OUT049,1999,Medium,Tier 1,Ahmedabad,1565.9616
FDY45,Snack Foods,Low Fat,17.5,0.026182758,253.6356,OUT049,1999,Medium,Tier 1,Ahmedabad,5086.712
FDF59,Starchy Foods,Low Fat,12.5,0.071354774,125.702,OUT049,1999,Medium,Tier 1,Ahmedabad,2530.04
NCA41,Health and Hygiene,Low Fat,16.75,0.032637373,191.6162,OUT049,1999,Medium,Tier 1,Ahmedabad,3463.4916
FDQ04,Frozen Foods,Low Fat,6.4,0.084885375,39.2796,OUT049,1999,Medium,Tier 1,Ahmedabad,701.7532
NCV29,Health and Hygiene,Low Fat,11.8,0.022879017,176.0686,OUT049,1999,Medium,Tier 1,Ahmedabad,533.3058
NCO26,Household,Low Fat,7.235,0.076975118,116.6492,OUT049,1999,Medium,Tier 1,Ahmedabad,2664.5316
FDA14,Dairy,Low Fat,16.1,0.06528457,145.076,OUT049,1999,Medium,Tier 1,Ahmedabad,1904.188
FDO25,Canned,Low Fat,6.3,0.127647181,207.927,OUT049,1999,Medium,Tier 1,Ahmedabad,2097.27
DRE03,Dairy,Low Fat,19.6,0.024264569,46.5718,OUT049,1999,Medium,Tier 1,Ahmedabad,1607.2412
NCQ06,Household,Low Fat,13.0,0.04188955,255.9014,OUT049,1999,Medium,Tier 1,Ahmedabad,3315.0182
FDA19,Fruits and Vegetables,Low Fat,7.52,0.055213208,129.5994,OUT049,1999,Medium,Tier 1,Ahmedabad,642.497
DRM48,Soft Drinks,Low Fat,15.2,0.113072194,35.8848,OUT049,1999,Medium,Tier 1,Ahmedabad,596.5568
NCR30,Household,Low Fat,20.6,0.071103348,75.4696,OUT049,1999,Medium,Tier 1,Ahmedabad,1416.8224
DRF25,Soft Drinks,Low Fat,9.0,0.03898577,34.619,OUT049,1999,Medium,Tier 1,Ahmedabad,732.38
NCQ02,Household,Low Fat,12.6,0.007468056,186.9556,OUT049,1999,Medium,Tier 1,Ahmedabad,3379.6008
NCC54,Health and Hygiene,Low Fat,17.75,0.097862839,239.3196,OUT049,1999,Medium,Tier 1,Ahmedabad,3615.294
DRH51,Dairy,Low Fat,17.6,0.097367722,89.3856,OUT049,1999,Medium,Tier 1,Ahmedabad,878.856
NCQ43,Others,Low Fat,17.75,0.11147467,108.0912,OUT049,1999,Medium,Tier 1,Ahmedabad,1637.868
FDW08,Fruits and Vegetables,Low Fat,12.1,0.148612263,104.528,OUT049,1999,Medium,Tier 1,Ahmedabad,1384.864
FDD50,Canned,Low Fat,18.85,0.141862435,171.0132,OUT049,1999,Medium,Tier 1,Ahmedabad,4396.9432
FDI32,Fruits and Vegetables,Low Fat,17.7,0.174644552,113.2834,OUT049,1999,Medium,Tier 1,Ahmedabad,1727.751
NCK29,Health and Hygiene,Low Fat,5.615,0.125964559,124.773,OUT049,1999,Medium,Tier 1,Ahmedabad,2956.152
FDJ16,Frozen Foods,Low Fat,9.195,0.115064263,58.6246,OUT049,1999,Medium,Tier 1,Ahmedabad,868.869
NCA05,Health and Hygiene,Low Fat,20.75,0.025169703,150.4734,OUT049,1999,Medium,Tier 1,Ahmedabad,1187.7872
NCF30,Household,Low Fat,17.0,0.126440335,125.2362,OUT049,1999,Medium,Tier 1,Ahmedabad,1384.1982
FDA44,Fruits and Vegetables,Low Fat,19.7,0.053305463,58.193,OUT049,1999,Medium,Tier 1,Ahmedabad,848.895
NCY18,Household,Low Fat,7.285,0.031200065,174.7054,OUT049,1999,Medium,Tier 1,Ahmedabad,6303.7944
NCI55,Household,Low Fat,18.6,0.012673238,121.5414,OUT049,1999,Medium,Tier 1,Ahmedabad,4020.7662
FDW35,Breads,Low Fat,10.6,0.011106465,42.7454,OUT049,1999,Medium,Tier 1,Ahmedabad,419.454
FDR02,Dairy,Low Fat,16.7,0.022099982,110.1886,OUT049,1999,Medium,Tier 1,Ahmedabad,1334.2632
NCQ30,Household,Low Fat,7.725,0.029117482,123.0414,OUT049,1999,Medium,Tier 1,Ahmedabad,1583.9382
FDW45,Snack Foods,Low Fat,18.0,0.039071642,145.3418,OUT049,1999,Medium,Tier 1,Ahmedabad,882.8508
FDR10,Snack Foods,Low Fat,17.6,0.010055503,163.7552,OUT049,1999,Medium,Tier 1,Ahmedabad,1787.0072
DRJ51,Dairy,Low Fat,14.1,0.0,231.9668,OUT049,1999,Medium,Tier 1,Ahmedabad,1842.9344
NCO29,Health and Hygiene,Low Fat,11.15,0.032306341,166.3526,OUT049,1999,Medium,Tier 1,Ahmedabad,986.7156
FDO12,Baking Goods,Low Fat,15.75,0.055015935,194.3452,OUT049,1999,Medium,Tier 1,Ahmedabad,2740.4328
DRJ24,Soft Drinks,Low Fat,11.8,0.11350542,186.8924,OUT049,1999,Medium,Tier 1,Ahmedabad,2961.4784
NCD55,Household,Low Fat,14.0,0.024369007,40.2454,OUT049,1999,Medium,Tier 1,Ahmedabad,922.7988
DRN37,Soft Drinks,Low Fat,9.6,0.0,166.5158,OUT049,1999,Medium,Tier 1,Ahmedabad,3509.4318
FDE26,Canned,Low Fat,9.3,0.089144149,144.9786,OUT049,1999,Medium,Tier 1,Ahmedabad,1011.3502
FDH10,Snack Foods,Low Fat,21.0,0.049381666,193.0478,OUT049,1999,Medium,Tier 1,Ahmedabad,1549.9824
NCC43,Household,Low Fat,7.39,0.092927148,249.5066,OUT049,1999,Medium,Tier 1,Ahmedabad,4267.1122
FDC37,Baking Goods,Low Fat,15.5,0.032924463,107.2938,OUT049,1999,Medium,Tier 1,Ahmedabad,2143.876
FDB60,Baking Goods,Low Fat,9.3,0.028566433,193.0136,OUT049,1999,Medium,Tier 1,Ahmedabad,4860.34
FDE59,Starchy Foods,Low Fat,12.15,0.062384659,34.6532,OUT049,1999,Medium,Tier 1,Ahmedabad,719.064
NCL41,Health and Hygiene,Low Fat,12.35,0.041802518,34.8216,OUT049,1999,Medium,Tier 1,Ahmedabad,311.5944
FDR09,Snack Foods,Low Fat,18.25,0.07784544,260.5962,OUT049,1999,Medium,Tier 1,Ahmedabad,3884.943
FDV25,Canned,Low Fat,5.905,0.04572322,222.1456,OUT049,1999,Medium,Tier 1,Ahmedabad,5747.1856
FDC46,Snack Foods,Low Fat,17.7,0.116723677,182.4266,OUT049,1999,Medium,Tier 1,Ahmedabad,5163.9448
NCO53,Health and Hygiene,Low Fat,16.2,0.0,182.1608,OUT049,1999,Medium,Tier 1,Ahmedabad,3123.9336
FDG26,Canned,Low Fat,18.85,0.042716162,257.833,OUT049,1999,Medium,Tier 1,Ahmedabad,3332.329
DRM23,Hard Drinks,Low Fat,16.6,0.135944247,172.0422,OUT049,1999,Medium,Tier 1,Ahmedabad,2586.633
FDY51,Meat,Low Fat,12.5,0.081260969,221.7798,OUT049,1999,Medium,Tier 1,Ahmedabad,3085.3172
FDW33,Snack Foods,Low Fat,9.395,0.099274694,104.528,OUT049,1999,Medium,Tier 1,Ahmedabad,852.224
FDD28,Frozen Foods,Low Fat,10.695,0.05337973,56.7904,OUT049,1999,Medium,Tier 1,Ahmedabad,1113.2176
FDR04,Frozen Foods,Low Fat,7.075,0.022602061,98.1068,OUT049,1999,Medium,Tier 1,Ahmedabad,1458.102
FDA39,Meat,Low Fat,6.32,0.012737719,38.5822,OUT049,1999,Medium,Tier 1,Ahmedabad,353.5398
FDH57,Fruits and Vegetables,Low Fat,10.895,0.0358031,130.3284,OUT049,1999,Medium,Tier 1,Ahmedabad,2504.7396
FDG31,Meat,Low Fat,12.15,0.037955309,62.8826,OUT049,1999,Medium,Tier 1,Ahmedabad,710.4086
FDV14,Dairy,Low Fat,19.85,0.044566659,88.5856,OUT049,1999,Medium,Tier 1,Ahmedabad,703.0848
FDB20,Fruits and Vegetables,Low Fat,7.72,0.052061483,76.7986,OUT049,1999,Medium,Tier 1,Ahmedabad,1324.2762
DRL47,Hard Drinks,Low Fat,19.7,0.0,125.9362,OUT049,1999,Medium,Tier 1,Ahmedabad,1635.8706
FDR58,Snack Foods,Low Fat,6.675,0.041986639,93.2462,OUT049,1999,Medium,Tier 1,Ahmedabad,1480.7392
NCE31,Household,Low Fat,7.67,0.185130961,32.9216,OUT049,1999,Medium,Tier 1,Ahmedabad,588.5672
DRH23,Hard Drinks,Low Fat,14.65,0.0,54.9614,OUT049,1999,Medium,Tier 1,Ahmedabad,552.614
FDG50,Canned,Low Fat,7.405,0.015295536,89.7146,OUT049,1999,Medium,Tier 1,Ahmedabad,547.2876
FDX44,Fruits and Vegetables,Low Fat,9.3,0.043033346,89.4172,OUT049,1999,Medium,Tier 1,Ahmedabad,1159.8236
FDZ09,Snack Foods,Low Fat,17.6,0.105042025,163.8868,OUT049,1999,Medium,Tier 1,Ahmedabad,3111.9492
DRK11,Hard Drinks,Low Fat,8.21,0.010781158,149.9392,OUT049,1999,Medium,Tier 1,Ahmedabad,1938.8096
FDM46,Snack Foods,Low Fat,7.365,0.160216552,93.512,OUT049,1999,Medium,Tier 1,Ahmedabad,1677.816
FDL36,Baking Goods,Low Fat,15.1,0.076193763,89.783,OUT049,1999,Medium,Tier 1,Ahmedabad,2247.075
FDA23,Baking Goods,Low Fat,9.8,0.047260402,102.8016,OUT049,1999,Medium,Tier 1,Ahmedabad,1922.8304
FDZ56,Fruits and Vegetables,Low Fat,16.25,0.025776994,169.9474,OUT049,1999,Medium,Tier 1,Ahmedabad,2863.6058
FDO24,Baking Goods,Low Fat,11.1,0.0,156.4604,OUT049,1999,Medium,Tier 1,Ahmedabad,2376.906
DRJ11,Hard Drinks,Low Fat,9.5,0.085223447,189.2872,OUT049,1999,Medium,Tier 1,Ahmedabad,6050.7904
FDN13,Breakfast,Low Fat,18.6,0.152294691,98.9358,OUT049,1999,Medium,Tier 1,Ahmedabad,1508.037
FDO37,Breakfast,Low Fat,8.06,0.021409913,229.7326,OUT049,1999,Medium,Tier 1,Ahmedabad,6930.978
DRH03,Dairy,Low Fat,17.25,0.035118834,93.412,OUT049,1999,Medium,Tier 1,Ahmedabad,932.12
FDF47,Starchy Foods,Low Fat,20.85,0.097770004,222.8746,OUT049,1999,Medium,Tier 1,Ahmedabad,3589.9936
NCP42,Household,Low Fat,8.51,0.016135764,195.6478,OUT049,1999,Medium,Tier 1,Ahmedabad,4262.4516
FDX09,Snack Foods,Low Fat,9.0,0.065350715,175.437,OUT049,1999,Medium,Tier 1,Ahmedabad,3175.866
NCX41,Health and Hygiene,Low Fat,19.0,0.017746826,210.8244,OUT049,1999,Medium,Tier 1,Ahmedabad,2540.6928
FDX14,Dairy,Low Fat,13.1,0.075056542,76.0354,OUT049,1999,Medium,Tier 1,Ahmedabad,601.8832
FDP25,Canned,Low Fat,15.2,0.021240491,216.9824,OUT049,1999,Medium,Tier 1,Ahmedabad,4804.4128
NCV17,Health and Hygiene,Low Fat,18.85,0.016132592,130.2626,OUT049,1999,Medium,Tier 1,Ahmedabad,3016.7398
FDZ15,Dairy,Low Fat,13.1,0.020903193,119.2782,OUT049,1999,Medium,Tier 1,Ahmedabad,3098.6332
FDA32,Fruits and Vegetables,Low Fat,14.0,0.030140981,216.0192,OUT049,1999,Medium,Tier 1,Ahmedabad,2588.6304
NCZ53,Health and Hygiene,Low Fat,9.6,0.024515221,189.2214,OUT049,1999,Medium,Tier 1,Ahmedabad,3956.8494
FDL20,Fruits and Vegetables,Low Fat,17.1,0.128614205,111.6886,OUT049,1999,Medium,Tier 1,Ahmedabad,1556.6404
FDZ22,Snack Foods,Low Fat,9.395,0.045340279,85.025,OUT049,1999,Medium,Tier 1,Ahmedabad,2080.625
FDE57,Fruits and Vegetables,Low Fat,9.6,0.036341539,142.9154,OUT049,1999,Medium,Tier 1,Ahmedabad,3261.7542
FDT21,Snack Foods,Low Fat,7.42,0.020423549,249.0092,OUT049,1999,Medium,Tier 1,Ahmedabad,2988.1104
NCO17,Health and Hygiene,Low Fat,10.0,0.073493831,118.344,OUT049,1999,Medium,Tier 1,Ahmedabad,1797.66
NCN14,Others,Low Fat,19.1,0.092060694,183.7608,OUT049,1999,Medium,Tier 1,Ahmedabad,4777.7808
NCK07,Others,Low Fat,10.65,0.048762383,165.2526,OUT049,1999,Medium,Tier 1,Ahmedabad,3946.8624
FDD29,Frozen Foods,Low Fat,12.15,0.018439138,254.7698,OUT049,1999,Medium,Tier 1,Ahmedabad,5073.396
FDY55,Fruits and Vegetables,Low Fat,16.75,0.081446638,257.0988,OUT049,1999,Medium,Tier 1,Ahmedabad,6424.97
DRH37,Soft Drinks,Low Fat,17.6,0.041681059,164.2526,OUT049,1999,Medium,Tier 1,Ahmedabad,1315.6208
FDE09,Fruits and Vegetables,Low Fat,8.775,0.0,111.3228,OUT049,1999,Medium,Tier 1,Ahmedabad,1436.7964
FDT57,Snack Foods,Low Fat,15.2,0.019064377,238.2248,OUT049,1999,Medium,Tier 1,Ahmedabad,3555.372
FDH35,Starchy Foods,Low Fat,18.25,0.060342304,165.9526,OUT049,1999,Medium,Tier 1,Ahmedabad,1644.526
FDJ50,Canned,Low Fat,8.645,0.021619564,50.6982,OUT049,1999,Medium,Tier 1,Ahmedabad,736.3748
FDQ21,Snack Foods,Low Fat,21.25,0.01945343,120.8756,OUT049,1999,Medium,Tier 1,Ahmedabad,1454.1072
NCA06,Household,Low Fat,20.5,0.143506376,34.719,OUT049,1999,Medium,Tier 1,Ahmedabad,768.999
FDZ45,Snack Foods,Low Fat,14.1,0.066979957,196.7084,OUT049,1999,Medium,Tier 1,Ahmedabad,3174.5344
DRD37,Soft Drinks,Low Fat,9.8,0.013863257,45.106,OUT049,1999,Medium,Tier 1,Ahmedabad,1398.18
FDZ60,Baking Goods,Low Fat,20.5,0.119547387,108.9596,OUT049,1999,Medium,Tier 1,Ahmedabad,539.298
NCJ30,Household,Low Fat,5.82,0.080765853,169.179,OUT049,1999,Medium,Tier 1,Ahmedabad,2037.348
NCC42,Health and Hygiene,Low Fat,15.0,0.044978225,140.8838,OUT049,1999,Medium,Tier 1,Ahmedabad,2247.7408
FDM28,Frozen Foods,Low Fat,15.7,0.045274134,177.966,OUT049,1999,Medium,Tier 1,Ahmedabad,3415.554
NCW54,Household,Low Fat,7.5,0.0,59.2588,OUT049,1999,Medium,Tier 1,Ahmedabad,916.1408
FDD14,Canned,Low Fat,20.7,0.170072462,183.8266,OUT049,1999,Medium,Tier 1,Ahmedabad,1844.266
FDP58,Snack Foods,Low Fat,11.1,0.0,220.7482,OUT049,1999,Medium,Tier 1,Ahmedabad,4380.964
FDD57,Fruits and Vegetables,Low Fat,18.1,0.022434418,96.2094,OUT049,1999,Medium,Tier 1,Ahmedabad,952.094
FDP34,Snack Foods,Low Fat,12.85,0.137441201,157.663,OUT049,1999,Medium,Tier 1,Ahmedabad,2659.871
NCW05,Health and Hygiene,Low Fat,20.25,0.148302815,108.3938,OUT049,1999,Medium,Tier 1,Ahmedabad,2787.0388
FDR23,Breads,Low Fat,15.85,0.081914677,177.637,OUT049,1999,Medium,Tier 1,Ahmedabad,3352.303
DRI03,Dairy,Low Fat,6.03,0.0,175.1028,OUT049,1999,Medium,Tier 1,Ahmedabad,1593.9252
FDL26,Canned,Low Fat,18.0,0.073306615,155.0972,OUT049,1999,Medium,Tier 1,Ahmedabad,3894.93
NCQ53,Health and Hygiene,Low Fat,17.6,0.018934719,237.759,OUT049,1999,Medium,Tier 1,Ahmedabad,3545.385
NCO42,Household,Low Fat,21.25,0.024693927,144.1102,OUT049,1999,Medium,Tier 1,Ahmedabad,1749.7224
FDZ40,Frozen Foods,Low Fat,8.935,0.040245222,54.9298,OUT049,1999,Medium,Tier 1,Ahmedabad,1348.245
FDZ46,Snack Foods,Low Fat,7.485,0.069231189,112.1228,OUT049,1999,Medium,Tier 1,Ahmedabad,1215.7508
NCW53,Health and Hygiene,Low Fat,18.35,0.030542489,193.1162,OUT049,1999,Medium,Tier 1,Ahmedabad,2693.8268
FDY52,Frozen Foods,Low Fat,6.365,0.007359711,60.1536,OUT049,1999,Medium,Tier 1,Ahmedabad,490.0288
FDU07,Fruits and Vegetables,Low Fat,11.1,0.059940022,149.1366,OUT049,1999,Medium,Tier 1,Ahmedabad,4231.8248
DRM59,Hard Drinks,Low Fat,5.88,0.003597678,153.8998,OUT049,1999,Medium,Tier 1,Ahmedabad,2922.1962
FDV47,Breads,Low Fat,17.1,0.0,85.5566,OUT049,1999,Medium,Tier 1,Ahmedabad,1860.2452
FDG60,Baking Goods,Low Fat,20.35,0.060794097,233.6616,OUT049,1999,Medium,Tier 1,Ahmedabad,2577.9776
FDL22,Snack Foods,Low Fat,16.85,0.036446751,90.3488,OUT049,1999,Medium,Tier 1,Ahmedabad,996.0368
NCP17,Health and Hygiene,Low Fat,19.35,0.02775746,62.5168,OUT049,1999,Medium,Tier 1,Ahmedabad,1534.0032
DRC12,Soft Drinks,Low Fat,17.85,0.037885683,190.4188,OUT049,1999,Medium,Tier 1,Ahmedabad,952.094
NCD42,Health and Hygiene,Low Fat,16.5,0.012657494,36.3506,OUT049,1999,Medium,Tier 1,Ahmedabad,872.8638
FDW11,Breads,Low Fat,12.6,0.048857925,61.0194,OUT049,1999,Medium,Tier 1,Ahmedabad,1052.6298
NCY42,Household,Low Fat,6.38,0.015186146,144.947,OUT049,1999,Medium,Tier 1,Ahmedabad,3435.528
NCK53,Health and Hygiene,Low Fat,11.6,0.037639672,98.4042,OUT049,1999,Medium,Tier 1,Ahmedabad,1388.8588
DRK47,Hard Drinks,Low Fat,7.905,0.064163983,229.9694,OUT049,1999,Medium,Tier 1,Ahmedabad,4567.388
FDD08,Fruits and Vegetables,Low Fat,8.3,0.035409328,36.2506,OUT049,1999,Medium,Tier 1,Ahmedabad,834.9132
FDB05,Frozen Foods,Low Fat,5.155,0.083327693,247.2776,OUT049,1999,Medium,Tier 1,Ahmedabad,5944.2624
DRD60,Soft Drinks,Low Fat,15.7,0.037289996,182.7634,OUT049,1999,Medium,Tier 1,Ahmedabad,3453.5046
NCI29,Health and Hygiene,Low Fat,8.6,0.032672263,141.2154,OUT049,1999,Medium,Tier 1,Ahmedabad,709.077
DRH39,Dairy,Low Fat,20.7,0.092834313,77.667,OUT049,1999,Medium,Tier 1,Ahmedabad,2220.443
DRL49,Soft Drinks,Low Fat,13.15,0.056516756,143.4812,OUT049,1999,Medium,Tier 1,Ahmedabad,854.8872
FDS20,Fruits and Vegetables,Low Fat,8.85,0.053950661,182.7292,OUT049,1999,Medium,Tier 1,Ahmedabad,4925.5884
FDC45,Fruits and Vegetables,Low Fat,17.0,0.135944247,171.5106,OUT049,1999,Medium,Tier 1,Ahmedabad,1539.9954
NCG30,Household,Low Fat,20.2,0.112495847,124.4046,OUT049,1999,Medium,Tier 1,Ahmedabad,1120.5414
FDI14,Canned,Low Fat,14.1,0.089817198,142.7496,OUT049,1999,Medium,Tier 1,Ahmedabad,3528.74
FDX01,Canned,Low Fat,10.1,0.024201905,114.915,OUT049,1999,Medium,Tier 1,Ahmedabad,2796.36
NCC06,Household,Low Fat,19.0,0.027028323,127.0336,OUT049,1999,Medium,Tier 1,Ahmedabad,3962.8416
FDQ13,Canned,Low Fat,11.1,0.010658153,83.0908,OUT049,1999,Medium,Tier 1,Ahmedabad,1593.9252
FDZ58,Snack Foods,Low Fat,17.85,0.052257982,121.8072,OUT049,1999,Medium,Tier 1,Ahmedabad,2450.144
NCI54,Household,Low Fat,15.2,0.033651278,108.9912,OUT049,1999,Medium,Tier 1,Ahmedabad,1965.4416
FDU34,Snack Foods,Low Fat,18.25,0.075311837,122.6046,OUT049,1999,Medium,Tier 1,Ahmedabad,2988.1104
NCZ54,Household,Low Fat,14.65,0.083488992,161.3552,OUT049,1999,Medium,Tier 1,Ahmedabad,7148.0288
FDT59,Breads,Low Fat,13.65,0.0,229.4668,OUT049,1999,Medium,Tier 1,Ahmedabad,4837.7028
FDO58,Snack Foods,Low Fat,19.6,0.039638705,166.0526,OUT049,1999,Medium,Tier 1,Ahmedabad,3124.5994
FDI28,Frozen Foods,Low Fat,14.3,0.026362624,78.3302,OUT049,1999,Medium,Tier 1,Ahmedabad,1267.6832
FDR35,Breads,Low Fat,12.5,0.020729902,197.2742,OUT049,1999,Medium,Tier 1,Ahmedabad,3782.4098
DRD24,Soft Drinks,Low Fat,13.85,0.030842963,143.1154,OUT049,1999,Medium,Tier 1,Ahmedabad,2552.6772
FDV45,Snack Foods,Low Fat,16.75,0.045117476,187.9556,OUT049,1999,Medium,Tier 1,Ahmedabad,2440.8228
FDZ27,Dairy,Low Fat,7.935,0.017182935,51.235,OUT049,1999,Medium,Tier 1,Ahmedabad,848.895
FDV02,Dairy,Low Fat,16.75,0.06063976,173.0106,OUT049,1999,Medium,Tier 1,Ahmedabad,3593.3226
FDQ57,Snack Foods,Low Fat,7.275,0.027991093,145.976,OUT049,1999,Medium,Tier 1,Ahmedabad,3515.424
FDH58,Snack Foods,Low Fat,12.3,0.036997104,115.9834,OUT049,1999,Medium,Tier 1,Ahmedabad,2073.3012
FDF02,Canned,Low Fat,16.2,0.103634038,101.399,OUT049,1999,Medium,Tier 1,Ahmedabad,1031.99
FDC04,Dairy,Low Fat,15.6,0.045055587,242.3854,OUT049,1999,Medium,Tier 1,Ahmedabad,2416.854
NCD31,Household,Low Fat,12.1,0.01545846,166.0526,OUT049,1999,Medium,Tier 1,Ahmedabad,3617.9572
FDT25,Canned,Low Fat,7.5,0.050829881,122.7072,OUT049,1999,Medium,Tier 1,Ahmedabad,1470.0864
FDW23,Baking Goods,Low Fat,5.765,0.0821398,37.2164,OUT049,1999,Medium,Tier 1,Ahmedabad,579.246
NCS42,Household,Low Fat,8.6,0.069524391,91.8146,OUT049,1999,Medium,Tier 1,Ahmedabad,2371.5796
FDZ33,Snack Foods,Low Fat,10.195,0.107564024,149.0076,OUT049,1999,Medium,Tier 1,Ahmedabad,1182.4608
DRD13,Soft Drinks,Low Fat,15.0,0.049155769,65.2168,OUT049,1999,Medium,Tier 1,Ahmedabad,958.752
DRQ35,Hard Drinks,Low Fat,9.3,0.042357203,123.2388,OUT049,1999,Medium,Tier 1,Ahmedabad,1857.582
FDV38,Dairy,Low Fat,19.25,0.101932076,54.5956,OUT049,1999,Medium,Tier 1,Ahmedabad,764.3384
FDR08,Fruits and Vegetables,Low Fat,18.7,0.037681448,111.0886,OUT049,1999,Medium,Tier 1,Ahmedabad,222.3772
NCF07,Household,Low Fat,9.0,0.032072321,102.2016,OUT049,1999,Medium,Tier 1,Ahmedabad,1416.8224
FDO28,Frozen Foods,Low Fat,5.765,0.072410764,122.5098,OUT049,1999,Medium,Tier 1,Ahmedabad,1084.5882
FDZ10,Snack Foods,Low Fat,17.85,0.04453262,127.202,OUT049,1999,Medium,Tier 1,Ahmedabad,2656.542
FDA13,Canned,Low Fat,15.85,0.07867708,37.8506,OUT049,1999,Medium,Tier 1,Ahmedabad,341.5554
NCM05,Health and Hygiene,Low Fat,6.825,0.059940022,262.4226,OUT049,1999,Medium,Tier 1,Ahmedabad,3964.839
FDU55,Fruits and Vegetables,Low Fat,16.2,0.035967107,260.3278,OUT049,1999,Medium,Tier 1,Ahmedabad,7549.5062
NCP06,Household,Low Fat,20.7,0.039306822,150.7366,OUT049,1999,Medium,Tier 1,Ahmedabad,3325.0052
FDV09,Snack Foods,Low Fat,12.1,0.020600553,147.5734,OUT049,1999,Medium,Tier 1,Ahmedabad,3414.8882
FDV50,Dairy,Low Fat,14.3,0.122761775,124.373,OUT049,1999,Medium,Tier 1,Ahmedabad,2093.941
FDV55,Fruits and Vegetables,Low Fat,17.75,0.055159054,145.6444,OUT049,1999,Medium,Tier 1,Ahmedabad,2467.4548
FDK02,Canned,Low Fat,12.5,0.112399145,120.444,OUT049,1999,Medium,Tier 1,Ahmedabad,1438.128
FDQ33,Snack Foods,Low Fat,13.35,0.091348964,150.3708,OUT049,1999,Medium,Tier 1,Ahmedabad,4363.6532
FDB10,Snack Foods,Low Fat,10.0,0.067312613,234.359,OUT049,1999,Medium,Tier 1,Ahmedabad,3072.667
FDA34,Starchy Foods,Low Fat,11.5,0.014883661,174.508,OUT049,1999,Medium,Tier 1,Ahmedabad,3635.268
FDT58,Snack Foods,Low Fat,9.0,0.086088353,168.7816,OUT049,1999,Medium,Tier 1,Ahmedabad,3355.632
DRO47,Hard Drinks,Low Fat,10.195,0.112399145,111.686,OUT049,1999,Medium,Tier 1,Ahmedabad,2263.72
FDP39,Meat,Low Fat,12.65,0.069532901,51.8324,OUT049,1999,Medium,Tier 1,Ahmedabad,1090.5804
FDK21,Snack Foods,Low Fat,7.905,0.010027885,249.6408,OUT049,1999,Medium,Tier 1,Ahmedabad,3254.4304
NCS17,Health and Hygiene,Low Fat,18.6,0.080626601,92.5436,OUT049,1999,Medium,Tier 1,Ahmedabad,378.1744
FDL10,Snack Foods,Low Fat,8.395,0.039553606,99.1042,OUT049,1999,Medium,Tier 1,Ahmedabad,2579.3092
NCD19,Household,Low Fat,8.93,0.0,53.8614,OUT013,1987,High,Tier 3,Ahmedabad,994.7052
FDF32,Fruits and Vegetables,Low Fat,16.35,0.0680243,196.4426,OUT013,1987,High,Tier 3,Ahmedabad,1977.426
DRJ59,Hard Drinks,Low Fat,11.65,0.019356132,39.1164,OUT013,1987,High,Tier 3,Ahmedabad,308.9312
FDK43,Meat,Low Fat,9.8,0.02681843,126.002,OUT013,1987,High,Tier 3,Ahmedabad,2150.534
FDM40,Frozen Foods,Low Fat,10.195,0.159803853,141.5154,OUT013,1987,High,Tier 3,Ahmedabad,850.8924
DRK49,Soft Drinks,Low Fat,14.15,0.035913805,41.4138,OUT013,1987,High,Tier 3,Ahmedabad,812.276
DRG23,Hard Drinks,Low Fat,8.88,0.086708987,151.7682,OUT013,1987,High,Tier 3,Ahmedabad,762.341
FDX15,Meat,Low Fat,17.2,0.15616879,160.6578,OUT013,1987,High,Tier 3,Ahmedabad,3690.5294
DRJ13,Soft Drinks,Low Fat,12.65,0.062837968,161.5578,OUT013,1987,High,Tier 3,Ahmedabad,2406.867
FDW20,Fruits and Vegetables,Low Fat,20.75,0.024129332,124.173,OUT013,1987,High,Tier 3,Ahmedabad,2956.152
FDY25,Canned,Low Fat,12.0,0.033946163,179.3976,OUT013,1987,High,Tier 3,Ahmedabad,3440.8544
NCI17,Health and Hygiene,Low Fat,8.645,0.143303291,96.341,OUT013,1987,High,Tier 3,Ahmedabad,193.082
NCR54,Household,Low Fat,16.35,0.090486828,195.211,OUT013,1987,High,Tier 3,Ahmedabad,2553.343
FDG29,Frozen Foods,Low Fat,17.6,0.056245075,43.3454,OUT013,1987,High,Tier 3,Ahmedabad,1006.6896
FDG24,Baking Goods,Low Fat,7.975,0.014618973,85.225,OUT013,1987,High,Tier 3,Ahmedabad,1081.925
FDM28,Frozen Foods,Low Fat,15.7,0.045166237,178.666,OUT013,1987,High,Tier 3,Ahmedabad,2516.724
FDS26,Dairy,Low Fat,20.35,0.089394766,260.1594,OUT013,1987,High,Tier 3,Ahmedabad,2093.2752
FDQ56,Fruits and Vegetables,Low Fat,6.59,0.10550944,85.6908,OUT013,1987,High,Tier 3,Ahmedabad,1929.4884
FDY55,Fruits and Vegetables,Low Fat,16.75,0.081252534,256.4988,OUT013,1987,High,Tier 3,Ahmedabad,7452.9652
FDV51,Meat,Low Fat,16.35,0.032511818,165.0842,OUT013,1987,High,Tier 3,Ahmedabad,994.7052
DRH39,Dairy,Low Fat,20.7,0.09261307,76.367,OUT013,1987,High,Tier 3,Ahmedabad,306.268
NCY18,Household,Low Fat,7.285,0.031125709,174.3054,OUT013,1987,High,Tier 3,Ahmedabad,4377.635
FDG45,Fruits and Vegetables,Low Fat,8.1,0.127929521,211.4902,OUT013,1987,High,Tier 3,Ahmedabad,3610.6334
FDV02,Dairy,Low Fat,16.75,0.060495243,169.8106,OUT013,1987,High,Tier 3,Ahmedabad,3251.1014
FDR02,Dairy,Low Fat,16.7,0.022047313,110.2886,OUT013,1987,High,Tier 3,Ahmedabad,1890.2062
DRI13,Soft Drinks,Low Fat,15.35,0.020310046,218.0508,OUT013,1987,High,Tier 3,Ahmedabad,3038.7112
DRH15,Dairy,Low Fat,8.775,0.0,45.9428,OUT013,1987,High,Tier 3,Ahmedabad,790.9704
NCC42,Health and Hygiene,Low Fat,15.0,0.044871033,140.3838,OUT013,1987,High,Tier 3,Ahmedabad,2528.7084
FDQ20,Fruits and Vegetables,Low Fat,8.325,0.029760052,38.7138,OUT013,1987,High,Tier 3,Ahmedabad,284.2966
NCS54,Household,Low Fat,13.6,0.009984847,175.437,OUT013,1987,High,Tier 3,Ahmedabad,1940.807
FDW28,Frozen Foods,Low Fat,18.25,0.088750333,196.5452,OUT013,1987,High,Tier 3,Ahmedabad,2348.9424
FDD08,Fruits and Vegetables,Low Fat,8.3,0.03532494,38.9506,OUT013,1987,High,Tier 3,Ahmedabad,721.0614
FDG53,Frozen Foods,Low Fat,10.0,0.045818773,138.718,OUT013,1987,High,Tier 3,Ahmedabad,1398.18
DRM11,Hard Drinks,Low Fat,6.57,0.066014596,259.7278,OUT013,1987,High,Tier 3,Ahmedabad,2863.6058
FDL08,Fruits and Vegetables,Low Fat,10.8,0.049677651,245.9144,OUT013,1987,High,Tier 3,Ahmedabad,4655.2736
NCK19,Others,Low Fat,9.8,0.090390357,192.1478,OUT013,1987,High,Tier 3,Ahmedabad,2324.9736
NCQ41,Health and Hygiene,Low Fat,14.8,0.01946418,196.3794,OUT013,1987,High,Tier 3,Ahmedabad,1950.794
DRJ35,Hard Drinks,Low Fat,10.1,0.046545786,59.9878,OUT013,1987,High,Tier 3,Ahmedabad,484.7024
FDE58,Snack Foods,Low Fat,18.5,0.052025392,118.4124,OUT013,1987,High,Tier 3,Ahmedabad,2370.248
NCL18,Household,Low Fat,18.85,0.167444431,194.6136,OUT013,1987,High,Tier 3,Ahmedabad,1166.4816
NCE31,Household,Low Fat,7.67,0.184689756,35.4216,OUT013,1987,High,Tier 3,Ahmedabad,450.0808
FDU11,Breads,Low Fat,4.785,0.092516598,120.1098,OUT013,1987,High,Tier 3,Ahmedabad,1325.6078
FDU56,Fruits and Vegetables,Low Fat,16.85,0.044377096,185.8266,OUT013,1987,High,Tier 3,Ahmedabad,1659.8394
NCQ02,Household,Low Fat,12.6,0.007450258,186.7556,OUT013,1987,High,Tier 3,Ahmedabad,2816.334
FDC46,Snack Foods,Low Fat,17.7,0.1164455,182.8266,OUT013,1987,High,Tier 3,Ahmedabad,5163.9448
FDZ04,Frozen Foods,Low Fat,9.31,0.037923509,61.651,OUT013,1987,High,Tier 3,Ahmedabad,379.506
NCL19,Others,Low Fat,15.35,0.015663185,143.947,OUT013,1987,High,Tier 3,Ahmedabad,3006.087
DRK39,Dairy,Low Fat,7.02,0.049823902,82.225,OUT013,1987,High,Tier 3,Ahmedabad,2746.425
FDK34,Snack Foods,Low Fat,13.35,0.038494623,240.2564,OUT013,1987,High,Tier 3,Ahmedabad,2860.2768
FDE02,Canned,Low Fat,8.71,0.121149472,93.7778,OUT013,1987,High,Tier 3,Ahmedabad,1783.6782
NCZ06,Household,Low Fat,19.6,0.094083303,252.2698,OUT013,1987,High,Tier 3,Ahmedabad,2790.3678
NCN41,Health and Hygiene,Low Fat,17.0,0.052165855,125.073,OUT013,1987,High,Tier 3,Ahmedabad,1108.557
FDO13,Breakfast,Low Fat,7.865,0.06100886,166.0526,OUT013,1987,High,Tier 3,Ahmedabad,3617.9572
FDR58,Snack Foods,Low Fat,6.675,0.041886576,92.1462,OUT013,1987,High,Tier 3,Ahmedabad,1203.1006
NCP50,Others,Low Fat,17.35,0.020542737,80.5618,OUT013,1987,High,Tier 3,Ahmedabad,322.2472
DRJ24,Soft Drinks,Low Fat,11.8,0.113234914,186.3924,OUT013,1987,High,Tier 3,Ahmedabad,5367.6796
FDA46,Snack Foods,Low Fat,13.6,0.117537563,195.4136,OUT013,1987,High,Tier 3,Ahmedabad,5443.5808
NCX42,Household,Low Fat,6.36,0.00597362,164.5526,OUT013,1987,High,Tier 3,Ahmedabad,2137.8838
FDN02,Canned,Low Fat,16.5,0.07376631,208.5638,OUT013,1987,High,Tier 3,Ahmedabad,2691.8294
FDP24,Baking Goods,Low Fat,20.6,0.082935004,119.5756,OUT013,1987,High,Tier 3,Ahmedabad,2665.8632
NCZ41,Health and Hygiene,Low Fat,19.85,0.064367627,126.1704,OUT013,1987,High,Tier 3,Ahmedabad,876.1928
FDU40,Frozen Foods,Low Fat,20.85,0.037372847,192.7478,OUT013,1987,High,Tier 3,Ahmedabad,3099.9648
FDB44,Fruits and Vegetables,Low Fat,6.655,0.016944719,209.2586,OUT013,1987,High,Tier 3,Ahmedabad,2954.8204
FDG52,Frozen Foods,Low Fat,13.65,0.065576228,47.7402,OUT013,1987,High,Tier 3,Ahmedabad,643.1628
FDA43,Fruits and Vegetables,Low Fat,10.895,0.064621927,196.6794,OUT013,1987,High,Tier 3,Ahmedabad,1170.4764
FDH10,Snack Foods,Low Fat,21.0,0.049263979,195.0478,OUT013,1987,High,Tier 3,Ahmedabad,1549.9824
FDD05,Frozen Foods,Low Fat,19.35,0.016597651,121.5098,OUT013,1987,High,Tier 3,Ahmedabad,2892.2352
FDZ56,Fruits and Vegetables,Low Fat,16.25,0.025715562,168.1474,OUT013,1987,High,Tier 3,Ahmedabad,1516.0266
NCJ31,Others,Low Fat,19.2,0.182501773,239.2196,OUT013,1987,High,Tier 3,Ahmedabad,5061.4116
DRK11,Hard Drinks,Low Fat,8.21,0.010755465,150.8392,OUT013,1987,High,Tier 3,Ahmedabad,2982.784
DRG03,Dairy,Low Fat,14.5,0.061934991,154.4998,OUT013,1987,High,Tier 3,Ahmedabad,1691.7978
FDI57,Seafood,Low Fat,19.85,0.053980686,196.8768,OUT013,1987,High,Tier 3,Ahmedabad,2561.9984
FDR43,Fruits and Vegetables,Low Fat,18.2,0.161355122,38.319,OUT013,1987,High,Tier 3,Ahmedabad,585.904
DRE27,Dairy,Low Fat,11.85,0.132560174,97.2726,OUT013,1987,High,Tier 3,Ahmedabad,782.9808
FDG16,Frozen Foods,Low Fat,15.25,0.089742065,213.7192,OUT013,1987,High,Tier 3,Ahmedabad,1078.596
FDO24,Baking Goods,Low Fat,11.1,0.176069023,156.7604,OUT013,1987,High,Tier 3,Ahmedabad,1901.5248
FDD09,Fruits and Vegetables,Low Fat,13.5,0.0,179.9976,OUT013,1987,High,Tier 3,Ahmedabad,4889.6352
FDO58,Snack Foods,Low Fat,19.6,0.039544237,163.6526,OUT013,1987,High,Tier 3,Ahmedabad,1151.1682
NCN07,Others,Low Fat,18.5,0.03391645,130.9284,OUT013,1987,High,Tier 3,Ahmedabad,1713.7692
DRG01,Soft Drinks,Low Fat,14.8,0.044840933,78.367,OUT013,1987,High,Tier 3,Ahmedabad,918.804
NCP55,Others,Low Fat,14.65,0.011180713,53.8614,OUT013,1987,High,Tier 3,Ahmedabad,221.0456
NCG19,Household,Low Fat,20.25,0.14781046,234.8616,OUT013,1987,High,Tier 3,Ahmedabad,2812.3392
DRA12,Soft Drinks,Low Fat,11.6,0.040911824,142.3154,OUT013,1987,High,Tier 3,Ahmedabad,2552.6772
FDX02,Dairy,Low Fat,16.0,0.057012606,225.0404,OUT013,1987,High,Tier 3,Ahmedabad,5851.0504
NCY29,Health and Hygiene,Low Fat,13.65,0.077169841,55.593,OUT013,1987,High,Tier 3,Ahmedabad,282.965
FDX44,Fruits and Vegetables,Low Fat,9.3,0.042930789,88.5172,OUT013,1987,High,Tier 3,Ahmedabad,1427.4752
FDW50,Dairy,Low Fat,13.1,0.075515154,167.2158,OUT013,1987,High,Tier 3,Ahmedabad,3008.0844
FDX16,Frozen Foods,Low Fat,17.85,0.06575528,151.505,OUT013,1987,High,Tier 3,Ahmedabad,2546.685
FDF04,Frozen Foods,Low Fat,17.5,0.0,258.3304,OUT013,1987,High,Tier 3,Ahmedabad,3358.2952
FDH19,Meat,Low Fat,19.35,0.033060937,172.4738,OUT013,1987,High,Tier 3,Ahmedabad,1911.5118
FDD50,Canned,Low Fat,18.85,0.141524348,168.4132,OUT013,1987,High,Tier 3,Ahmedabad,2874.9244
NCV54,Household,Low Fat,11.1,0.033081389,116.5124,OUT013,1987,High,Tier 3,Ahmedabad,1066.6116
FDH35,Starchy Foods,Low Fat,18.25,0.060198496,162.9526,OUT013,1987,High,Tier 3,Ahmedabad,1151.1682
NCR06,Household,Low Fat,12.5,0.006759519,42.8112,OUT013,1987,High,Tier 3,Ahmedabad,639.168
NCF42,Household,Low Fat,17.35,0.167243769,176.2712,OUT013,1987,High,Tier 3,Ahmedabad,2988.1104
NCJ29,Health and Hygiene,Low Fat,10.6,0.035163639,84.4224,OUT013,1987,High,Tier 3,Ahmedabad,852.224
NCK05,Health and Hygiene,Low Fat,20.1,0.077389797,60.8536,OUT013,1987,High,Tier 3,Ahmedabad,1347.5792
FDJ41,Frozen Foods,Low Fat,6.85,0.022864238,260.0594,OUT013,1987,High,Tier 3,Ahmedabad,6018.1662
FDL46,Snack Foods,Low Fat,20.35,0.054011943,116.5466,OUT013,1987,High,Tier 3,Ahmedabad,1885.5456
FDB60,Baking Goods,Low Fat,9.3,0.028498354,195.8136,OUT013,1987,High,Tier 3,Ahmedabad,2332.9632
FDA20,Fruits and Vegetables,Low Fat,6.78,0.066565644,185.324,OUT013,1987,High,Tier 3,Ahmedabad,3914.904
NCC31,Household,Low Fat,8.02,0.0,157.7972,OUT013,1987,High,Tier 3,Ahmedabad,1713.7692
FDM13,Breakfast,Low Fat,6.425,0.063122753,131.3626,OUT013,1987,High,Tier 3,Ahmedabad,262.3252
NCT06,Household,Low Fat,17.1,0.038705317,165.0842,OUT013,1987,High,Tier 3,Ahmedabad,2320.9788
FDP26,Dairy,Low Fat,7.785,0.139436695,103.0306,OUT013,1987,High,Tier 3,Ahmedabad,2404.2038
FDK52,Frozen Foods,Low Fat,18.25,0.079152918,223.8062,OUT013,1987,High,Tier 3,Ahmedabad,4288.4178
FDW11,Breads,Low Fat,12.6,0.048741487,60.4194,OUT013,1987,High,Tier 3,Ahmedabad,990.7104
DRH23,Hard Drinks,Low Fat,14.65,0.170176516,55.2614,OUT013,1987,High,Tier 3,Ahmedabad,718.3982
FDZ34,Starchy Foods,Low Fat,6.695,0.0,191.882,OUT013,1987,High,Tier 3,Ahmedabad,3861.64
FDO36,Baking Goods,Low Fat,19.7,0.077849003,179.166,OUT013,1987,High,Tier 3,Ahmedabad,3056.022
FDD51,Dairy,Low Fat,11.15,0.119852889,44.9744,OUT013,1987,High,Tier 3,Ahmedabad,498.0184
NCS06,Household,Low Fat,7.935,0.031710329,263.091,OUT013,1987,High,Tier 3,Ahmedabad,5522.811
FDT40,Frozen Foods,Low Fat,5.985,0.095715608,125.8678,OUT013,1987,High,Tier 3,Ahmedabad,3560.6984
FDB15,Dairy,Low Fat,10.895,0.136696892,264.5568,OUT013,1987,High,Tier 3,Ahmedabad,5536.7928
FDX45,Snack Foods,Low Fat,16.75,0.104768536,155.163,OUT013,1987,High,Tier 3,Ahmedabad,2972.797
FDR35,Breads,Low Fat,12.5,0.020680499,197.2742,OUT013,1987,High,Tier 3,Ahmedabad,2587.9646
NCJ18,Household,Low Fat,12.35,0.163805509,117.6124,OUT013,1987,High,Tier 3,Ahmedabad,3910.9092
NCG07,Household,Low Fat,12.3,0.052458358,188.753,OUT013,1987,High,Tier 3,Ahmedabad,3795.06
FDS12,Baking Goods,Low Fat,9.1,0.173973652,126.5362,OUT013,1987,High,Tier 3,Ahmedabad,1761.7068
FDQ52,Frozen Foods,Low Fat,17.0,0.119285634,247.4434,OUT013,1987,High,Tier 3,Ahmedabad,2980.1208
FDX37,Canned,Low Fat,16.2,0.0,100.57,OUT013,1987,High,Tier 3,Ahmedabad,1398.18
FDF16,Frozen Foods,Low Fat,7.3,0.086060695,149.8076,OUT013,1987,High,Tier 3,Ahmedabad,2808.3444
FDE59,Starchy Foods,Low Fat,12.15,0.062235983,34.5532,OUT013,1987,High,Tier 3,Ahmedabad,359.532
NCL42,Household,Low Fat,18.85,0.040338009,246.7144,OUT013,1987,High,Tier 3,Ahmedabad,6615.3888
FDQ37,Breakfast,Low Fat,20.75,0.089186387,193.3478,OUT013,1987,High,Tier 3,Ahmedabad,6006.1818
FDG47,Starchy Foods,Low Fat,12.8,0.069560905,263.0252,OUT013,1987,High,Tier 3,Ahmedabad,2885.5772
NCN19,Others,Low Fat,13.1,0.012089479,189.853,OUT013,1987,High,Tier 3,Ahmedabad,3415.554
FDM56,Fruits and Vegetables,Low Fat,16.7,0.070133177,109.8912,OUT013,1987,High,Tier 3,Ahmedabad,873.5296
NCI43,Household,Low Fat,19.85,0.025947095,46.9376,OUT013,1987,High,Tier 3,Ahmedabad,575.2512
FDA39,Meat,Low Fat,6.32,0.012707362,41.0822,OUT013,1987,High,Tier 3,Ahmedabad,942.7728
FDZ10,Snack Foods,Low Fat,17.85,0.04442649,124.902,OUT013,1987,High,Tier 3,Ahmedabad,1897.53
DRD24,Soft Drinks,Low Fat,13.85,0.030769458,141.7154,OUT013,1987,High,Tier 3,Ahmedabad,2978.1234
FDV50,Dairy,Low Fat,14.3,0.122469209,121.973,OUT013,1987,High,Tier 3,Ahmedabad,2709.806
FDL43,Meat,Low Fat,10.1,0.027041859,77.567,OUT013,1987,High,Tier 3,Ahmedabad,306.268
FDX59,Breads,Low Fat,10.195,0.051618281,31.9558,OUT013,1987,High,Tier 3,Ahmedabad,373.5138
DRH36,Soft Drinks,Low Fat,16.2,0.0,73.4696,OUT013,1987,High,Tier 3,Ahmedabad,2087.9488
FDZ52,Frozen Foods,Low Fat,19.2,0.099991245,112.7886,OUT013,1987,High,Tier 3,Ahmedabad,1779.0176
NCD54,Household,Low Fat,21.1,0.028984804,146.1786,OUT013,1987,High,Tier 3,Ahmedabad,3034.0506
NCD43,Household,Low Fat,8.85,0.016006626,105.6964,OUT013,1987,High,Tier 3,Ahmedabad,210.3928
FDY19,Fruits and Vegetables,Low Fat,19.75,0.041330512,115.8466,OUT013,1987,High,Tier 3,Ahmedabad,2474.7786
FDT21,Snack Foods,Low Fat,7.42,0.020374875,248.0092,OUT013,1987,High,Tier 3,Ahmedabad,1245.046
FDW47,Breads,Low Fat,15.0,0.046336634,120.0414,OUT013,1987,High,Tier 3,Ahmedabad,3533.4006
FDB17,Frozen Foods,Low Fat,13.15,0.036641589,180.7976,OUT013,1987,High,Tier 3,Ahmedabad,6157.3184
FDQ10,Snack Foods,Low Fat,12.85,0.03315162,170.6422,OUT013,1987,High,Tier 3,Ahmedabad,2931.5174
FDR49,Canned,Low Fat,8.71,0.0,46.5376,OUT013,1987,High,Tier 3,Ahmedabad,575.2512
FDP38,Canned,Low Fat,10.1,0.032075379,50.9008,OUT013,1987,High,Tier 3,Ahmedabad,354.2056
FDO23,Breads,Low Fat,17.85,0.146305498,94.1436,OUT013,1987,High,Tier 3,Ahmedabad,1607.2412
NCE54,Household,Low Fat,20.7,0.026877471,74.6354,OUT013,1987,High,Tier 3,Ahmedabad,1053.2956
FDF09,Fruits and Vegetables,Low Fat,6.215,0.012138795,39.2848,OUT013,1987,High,Tier 3,Ahmedabad,521.9872
DRE48,Soft Drinks,Low Fat,8.43,0.017311312,197.8768,OUT013,1987,High,Tier 3,Ahmedabad,3744.4592
FDJ09,Snack Foods,Low Fat,15.0,0.058346234,44.0744,OUT013,1987,High,Tier 3,Ahmedabad,633.8416
FDE32,Fruits and Vegetables,Low Fat,20.7,0.048718334,38.7506,OUT013,1987,High,Tier 3,Ahmedabad,227.7036
FDS37,Canned,Low Fat,7.655,0.031918284,117.7492,OUT013,1987,High,Tier 3,Ahmedabad,695.0952
FDB20,Fruits and Vegetables,Low Fat,7.72,0.05193741,77.9986,OUT013,1987,High,Tier 3,Ahmedabad,934.7832
NCI30,Household,Low Fat,20.25,0.058886477,245.546,OUT013,1987,High,Tier 3,Ahmedabad,1724.422
FDX60,Baking Goods,Low Fat,14.35,0.080527065,79.296,OUT013,1987,High,Tier 3,Ahmedabad,719.064
DRJ39,Dairy,Low Fat,20.25,0.036295834,217.5482,OUT013,1987,High,Tier 3,Ahmedabad,1095.241
FDC32,Fruits and Vegetables,Low Fat,18.35,0.099026525,93.8462,OUT013,1987,High,Tier 3,Ahmedabad,1295.6468
FDU36,Baking Goods,Low Fat,6.15,0.046232445,99.4384,OUT013,1987,High,Tier 3,Ahmedabad,1379.5376
NCA06,Household,Low Fat,20.5,0.143164371,34.919,OUT013,1987,High,Tier 3,Ahmedabad,73.238
FDP60,Baking Goods,Low Fat,17.35,0.0,101.9016,OUT013,1987,High,Tier 3,Ahmedabad,1821.6288
NCB18,Household,Low Fat,19.6,0.041256807,88.8514,OUT013,1987,High,Tier 3,Ahmedabad,2125.2336
NCV41,Health and Hygiene,Low Fat,14.35,0.017024598,109.8228,OUT013,1987,High,Tier 3,Ahmedabad,2099.9332
NCP53,Health and Hygiene,Low Fat,14.75,0.032862976,238.6906,OUT013,1987,High,Tier 3,Ahmedabad,4278.4308
NCZ30,Household,Low Fat,6.59,0.026163192,121.5098,OUT013,1987,High,Tier 3,Ahmedabad,602.549
FDI56,Fruits and Vegetables,Low Fat,7.325,0.093307668,92.7146,OUT013,1987,High,Tier 3,Ahmedabad,2006.7212
NCB06,Health and Hygiene,Low Fat,17.6,0.08226356,160.492,OUT013,1987,High,Tier 3,Ahmedabad,1278.336
FDT25,Canned,Low Fat,7.5,0.050708743,123.4072,OUT013,1987,High,Tier 3,Ahmedabad,3185.1872
FDN31,Fruits and Vegetables,Low Fat,11.5,0.072820885,191.253,OUT013,1987,High,Tier 3,Ahmedabad,3036.048
FDZ45,Snack Foods,Low Fat,14.1,0.06682033,198.9084,OUT013,1987,High,Tier 3,Ahmedabad,4761.8016
FDK21,Snack Foods,Low Fat,7.905,0.010003987,250.7408,OUT013,1987,High,Tier 3,Ahmedabad,5757.8384
FDD45,Fruits and Vegetables,Low Fat,8.615,0.116152226,94.1436,OUT013,1987,High,Tier 3,Ahmedabad,1512.6976
NCU17,Health and Hygiene,Low Fat,5.32,0.0,101.7674,OUT013,1987,High,Tier 3,Ahmedabad,1120.5414
DRQ35,Hard Drinks,Low Fat,9.3,0.042256257,124.4388,OUT013,1987,High,Tier 3,Ahmedabad,1609.9044
NCC07,Household,Low Fat,19.6,0.023931217,103.1964,OUT013,1987,High,Tier 3,Ahmedabad,736.3748
FDU23,Breads,Low Fat,12.15,0.021705417,163.5184,OUT013,1987,High,Tier 3,Ahmedabad,3137.2496
FDP19,Fruits and Vegetables,Low Fat,11.5,0.0,129.3652,OUT013,1987,High,Tier 3,Ahmedabad,2066.6432
NCC43,Household,Low Fat,7.39,0.092705683,251.9066,OUT013,1987,High,Tier 3,Ahmedabad,4267.1122
DRN47,Hard Drinks,Low Fat,12.1,0.016812745,180.666,OUT013,1987,High,Tier 3,Ahmedabad,4134.618
FDU13,Canned,Low Fat,8.355,0.0,145.6418,OUT013,1987,High,Tier 3,Ahmedabad,3384.2614
NCQ18,Household,Low Fat,15.75,0.134960397,101.37,OUT013,1987,High,Tier 3,Ahmedabad,2097.27
FDV25,Canned,Low Fat,5.905,0.045614252,221.5456,OUT013,1987,High,Tier 3,Ahmedabad,6852.4136
FDS49,Canned,Low Fat,9.0,0.079279489,77.2644,OUT013,1987,High,Tier 3,Ahmedabad,1335.5948
NCY17,Health and Hygiene,Low Fat,18.2,0.162960415,43.5086,OUT013,1987,High,Tier 3,Ahmedabad,1070.6064
DRE60,Soft Drinks,Low Fat,9.395,0.159201868,226.072,OUT013,1987,High,Tier 3,Ahmedabad,3621.952
NCS18,Household,Low Fat,12.65,0.042175992,106.4938,OUT013,1987,High,Tier 3,Ahmedabad,2465.4574
FDV03,Meat,Low Fat,17.6,0.058042926,154.6314,OUT013,1987,High,Tier 3,Ahmedabad,1861.5768
NCR05,Health and Hygiene,Low Fat,10.1,0.054585372,196.5084,OUT013,1987,High,Tier 3,Ahmedabad,595.2252
NCD18,Household,Low Fat,16.0,0.072608647,228.3668,OUT013,1987,High,Tier 3,Ahmedabad,5298.4364
FDC02,Canned,Low Fat,21.35,0.068765205,260.4278,OUT013,1987,High,Tier 3,Ahmedabad,3644.5892
NCF43,Household,Low Fat,8.51,0.05190268,142.247,OUT013,1987,High,Tier 3,Ahmedabad,2862.94
FDR60,Baking Goods,Low Fat,14.3,0.13030659,75.7328,OUT013,1987,High,Tier 3,Ahmedabad,617.8624
FDB33,Fruits and Vegetables,Low Fat,17.75,0.014568036,158.1262,OUT013,1987,High,Tier 3,Ahmedabad,4137.2812
FDK40,Frozen Foods,Low Fat,7.035,0.0,262.691,OUT013,1987,High,Tier 3,Ahmedabad,6048.793
FDP07,Fruits and Vegetables,Low Fat,18.2,0.08982696,197.111,OUT013,1987,High,Tier 3,Ahmedabad,589.233
NCJ30,Household,Low Fat,5.82,0.0,169.379,OUT013,1987,High,Tier 3,Ahmedabad,2376.906
NCI42,Household,Low Fat,18.75,0.01035692,208.3954,OUT013,1987,High,Tier 3,Ahmedabad,2709.1402
FDA44,Fruits and Vegetables,Low Fat,19.7,0.053178425,55.993,OUT013,1987,High,Tier 3,Ahmedabad,905.488
DRE49,Soft Drinks,Low Fat,20.75,0.021232318,151.1024,OUT013,1987,High,Tier 3,Ahmedabad,2428.8384
FDV40,Frozen Foods,Low Fat,17.35,0.014679558,73.6038,OUT013,1987,High,Tier 3,Ahmedabad,739.038
FDS07,Fruits and Vegetables,Low Fat,12.35,0.099674817,112.2518,OUT013,1987,High,Tier 3,Ahmedabad,1366.2216
FDH58,Snack Foods,Low Fat,12.3,0.036908933,115.9834,OUT013,1987,High,Tier 3,Ahmedabad,2073.3012
DRH11,Hard Drinks,Low Fat,5.98,0.075495088,55.3614,OUT013,1987,High,Tier 3,Ahmedabad,497.3526
DRK23,Hard Drinks,Low Fat,8.395,0.07191675,254.804,OUT013,1987,High,Tier 3,Ahmedabad,7843.124
FDO37,Breakfast,Low Fat,8.06,0.021358889,232.3326,OUT013,1987,High,Tier 3,Ahmedabad,2541.3586
FDX50,Dairy,Low Fat,20.1,0.074565098,111.3228,OUT013,1987,High,Tier 3,Ahmedabad,663.1368
FDW08,Fruits and Vegetables,Low Fat,12.1,0.14825809,108.428,OUT013,1987,High,Tier 3,Ahmedabad,1278.336
NCH43,Household,Low Fat,8.42,0.070510189,214.4192,OUT013,1987,High,Tier 3,Ahmedabad,1725.7536
DRB25,Soft Drinks,Low Fat,12.3,0.069401919,107.9938,OUT013,1987,High,Tier 3,Ahmedabad,2036.6822
FDB47,Snack Foods,Low Fat,8.8,0.071369947,209.1612,OUT013,1987,High,Tier 3,Ahmedabad,2090.612
FDV14,Dairy,Low Fat,19.85,0.044460448,88.7856,OUT013,1987,High,Tier 3,Ahmedabad,1142.5128
DRP47,Hard Drinks,Low Fat,15.75,0.14048631,252.7382,OUT013,1987,High,Tier 3,Ahmedabad,3280.3966
FDL33,Snack Foods,Low Fat,7.235,0.099879337,195.1452,OUT013,1987,High,Tier 3,Ahmedabad,1761.7068
FDK56,Fruits and Vegetables,Low Fat,9.695,0.129889831,185.3898,OUT013,1987,High,Tier 3,Ahmedabad,3554.7062
FDP46,Snack Foods,Low Fat,15.35,0.074553522,91.883,OUT013,1987,High,Tier 3,Ahmedabad,2606.607
FDK41,Frozen Foods,Low Fat,14.3,0.127435585,86.8224,OUT013,1987,High,Tier 3,Ahmedabad,852.224
NCZ05,Health and Hygiene,Low Fat,8.485,0.058083831,103.199,OUT013,1987,High,Tier 3,Ahmedabad,722.393
FDF47,Starchy Foods,Low Fat,20.85,0.097536998,225.3746,OUT013,1987,High,Tier 3,Ahmedabad,3365.619
NCK29,Health and Hygiene,Low Fat,5.615,0.12566436,123.473,OUT013,1987,High,Tier 3,Ahmedabad,1231.73
FDT57,Snack Foods,Low Fat,15.2,0.019018943,238.7248,OUT013,1987,High,Tier 3,Ahmedabad,1659.1736
NCD42,Health and Hygiene,Low Fat,16.5,0.012627329,38.7506,OUT013,1987,High,Tier 3,Ahmedabad,759.012
DRH37,Soft Drinks,Low Fat,17.6,0.041581725,163.3526,OUT013,1987,High,Tier 3,Ahmedabad,3453.5046
FDE47,Starchy Foods,Low Fat,14.15,0.037877202,124.0046,OUT013,1987,High,Tier 3,Ahmedabad,1618.5598
DRI01,Soft Drinks,Low Fat,7.97,0.034424278,171.8422,OUT013,1987,High,Tier 3,Ahmedabad,2069.3064
FDO44,Fruits and Vegetables,Low Fat,12.6,0.087380432,109.7228,OUT013,1987,High,Tier 3,Ahmedabad,1547.3192
FDX58,Snack Foods,Low Fat,13.15,0.043727261,182.595,OUT013,1987,High,Tier 3,Ahmedabad,3478.805
NCQ42,Household,Low Fat,20.35,0.039235527,127.2678,OUT013,1987,High,Tier 3,Ahmedabad,1017.3424
DRD13,Soft Drinks,Low Fat,15.0,0.049038621,65.4168,OUT013,1987,High,Tier 3,Ahmedabad,1661.8368
FDU32,Fruits and Vegetables,Low Fat,8.785,0.0,120.5414,OUT013,1987,High,Tier 3,Ahmedabad,1583.9382
NCK06,Household,Low Fat,5.03,0.008639333,122.2756,OUT013,1987,High,Tier 3,Ahmedabad,2059.9852
NCS53,Health and Hygiene,Low Fat,14.5,0.089703476,158.3604,OUT013,1987,High,Tier 3,Ahmedabad,1109.2228
FDD14,Canned,Low Fat,20.7,0.169667145,183.5266,OUT013,1987,High,Tier 3,Ahmedabad,4426.2384
FDA58,Snack Foods,Low Fat,9.395,0.103664897,233.6932,OUT013,1987,High,Tier 3,Ahmedabad,1414.1592
NCH29,Health and Hygiene,Low Fat,5.51,0.034445116,95.8726,OUT013,1987,High,Tier 3,Ahmedabad,2153.1972
NCN30,Household,Low Fat,16.35,0.016979063,97.441,OUT013,1987,High,Tier 3,Ahmedabad,772.328
FDA13,Canned,Low Fat,15.85,0.078489577,39.9506,OUT013,1987,High,Tier 3,Ahmedabad,645.1602
NCF31,Household,Low Fat,9.13,0.051804278,150.2024,OUT013,1987,High,Tier 3,Ahmedabad,1821.6288
FDL40,Frozen Foods,Low Fat,17.7,0.011603492,97.741,OUT013,1987,High,Tier 3,Ahmedabad,1158.492
NCC54,Health and Hygiene,Low Fat,17.75,0.097629611,240.4196,OUT013,1987,High,Tier 3,Ahmedabad,4579.3724
NCV53,Health and Hygiene,Low Fat,8.27,0.018797945,241.288,OUT013,1987,High,Tier 3,Ahmedabad,5512.824
NCJ54,Household,Low Fat,9.895,0.060017128,230.8642,OUT013,1987,High,Tier 3,Ahmedabad,4414.9198
NCM54,Household,Low Fat,17.7,0.05089667,125.5678,OUT013,1987,High,Tier 3,Ahmedabad,1398.8458
DRB01,Soft Drinks,Low Fat,7.39,0.082170947,190.953,OUT013,1987,High,Tier 3,Ahmedabad,2466.789
FDP37,Breakfast,Low Fat,15.6,0.142986863,130.3994,OUT013,1987,High,Tier 3,Ahmedabad,2826.9868
FDX19,Fruits and Vegetables,Low Fat,19.1,0.096653315,235.1958,OUT013,1987,High,Tier 3,Ahmedabad,4673.916
NCY42,Household,Low Fat,6.38,0.015149955,144.047,OUT013,1987,High,Tier 3,Ahmedabad,3149.234
FDE44,Fruits and Vegetables,Low Fat,14.65,0.171245426,50.3692,OUT013,1987,High,Tier 3,Ahmedabad,591.2304
FDK33,Snack Foods,Low Fat,17.85,0.0112259,211.956,OUT013,1987,High,Tier 3,Ahmedabad,4474.176
NCG30,Household,Low Fat,20.2,0.112227747,123.5046,OUT013,1987,High,Tier 3,Ahmedabad,2739.1012
FDV38,Dairy,Low Fat,19.25,0.101689151,54.6956,OUT013,1987,High,Tier 3,Ahmedabad,163.7868
NCV06,Household,Low Fat,11.3,0.066625843,194.2478,OUT013,1987,High,Tier 3,Ahmedabad,2712.4692
NCY53,Health and Hygiene,Low Fat,20.0,0.0,110.2544,OUT013,1987,High,Tier 3,Ahmedabad,1454.1072
FDB51,Dairy,Low Fat,6.92,0.038422076,62.5852,OUT013,1987,High,Tier 3,Ahmedabad,438.0964
FDC44,Fruits and Vegetables,Low Fat,15.6,0.172453254,115.1518,OUT013,1987,High,Tier 3,Ahmedabad,683.1108
FDS13,Canned,Low Fat,6.465,0.124402507,266.1884,OUT013,1987,High,Tier 3,Ahmedabad,5299.768
FDJ22,Snack Foods,Low Fat,18.75,0.052766297,189.7504,OUT013,1987,High,Tier 3,Ahmedabad,2492.7552
NCW53,Health and Hygiene,Low Fat,18.35,0.0304697,191.3162,OUT013,1987,High,Tier 3,Ahmedabad,1346.9134
NCZ42,Household,Low Fat,10.5,0.011278535,237.0248,OUT013,1987,High,Tier 3,Ahmedabad,5451.5704
FDS14,Dairy,Low Fat,7.285,0.049922304,156.9288,OUT013,1987,High,Tier 3,Ahmedabad,1571.288
DRD37,Soft Drinks,Low Fat,9.8,0.013830218,45.306,OUT013,1987,High,Tier 3,Ahmedabad,1304.968
NCK18,Household,Low Fat,9.6,0.006692529,164.9184,OUT013,1987,High,Tier 3,Ahmedabad,2972.1312
NCA05,Health and Hygiene,Low Fat,20.75,0.0,149.4734,OUT013,1987,High,Tier 3,Ahmedabad,2969.468
FDR10,Snack Foods,Low Fat,17.6,0.010031539,161.5552,OUT013,1987,High,Tier 3,Ahmedabad,1787.0072
NCU06,Household,Low Fat,17.6,0.074345142,230.901,OUT013,1987,High,Tier 3,Ahmedabad,4364.319
DRH49,Soft Drinks,Low Fat,19.7,0.024635077,84.1592,OUT013,1987,High,Tier 3,Ahmedabad,1073.2696
FDX40,Frozen Foods,Low Fat,12.85,0.098910759,37.6164,OUT013,1987,High,Tier 3,Ahmedabad,308.9312
DRM59,Hard Drinks,Low Fat,5.88,0.003589104,155.5998,OUT013,1987,High,Tier 3,Ahmedabad,1691.7978
FDZ15,Dairy,Low Fat,13.1,0.020853376,117.4782,OUT013,1987,High,Tier 3,Ahmedabad,1906.8512
FDZ20,Fruits and Vegetables,Low Fat,16.1,0.034278413,255.2356,OUT013,1987,High,Tier 3,Ahmedabad,6867.0612
FDV46,Snack Foods,Low Fat,18.2,0.012597384,141.218,OUT013,1987,High,Tier 3,Ahmedabad,2936.178
NCZ53,Health and Hygiene,Low Fat,9.6,0.024456797,186.6214,OUT013,1987,High,Tier 3,Ahmedabad,3203.1638
FDH48,Baking Goods,Low Fat,13.5,0.0,88.054,OUT013,1987,High,Tier 3,Ahmedabad,1211.756
FDL10,Snack Foods,Low Fat,8.395,0.0,98.7042,OUT013,1987,High,Tier 3,Ahmedabad,892.8378
NCN18,Household,Low Fat,8.895,0.124610886,113.1544,OUT013,1987,High,Tier 3,Ahmedabad,4250.4672
NCN06,Household,Low Fat,8.39,0.120396991,163.4868,OUT013,1987,High,Tier 3,Ahmedabad,4586.0304
NCE30,Household,Low Fat,16.0,0.099053537,212.6902,OUT013,1987,High,Tier 3,Ahmedabad,637.1706
FDW24,Baking Goods,Low Fat,6.8,0.037465846,47.5034,OUT013,1987,High,Tier 3,Ahmedabad,534.6374
DRD15,Dairy,Low Fat,10.6,0.056748659,233.6642,OUT013,1987,High,Tier 3,Ahmedabad,3950.1914
FDA56,Fruits and Vegetables,Low Fat,9.21,0.008757492,120.8414,OUT013,1987,High,Tier 3,Ahmedabad,2071.3038
FDV39,Meat,Low Fat,11.3,0.007273831,196.6426,OUT013,1987,High,Tier 3,Ahmedabad,5141.3076
FDE57,Fruits and Vegetables,Low Fat,9.6,0.03625493,141.0154,OUT013,1987,High,Tier 3,Ahmedabad,2694.4926
NCA42,Household,Low Fat,6.965,0.0,159.4604,OUT013,1987,High,Tier 3,Ahmedabad,3169.208
FDK51,Dairy,Low Fat,19.85,0.005230786,265.1884,OUT013,1987,High,Tier 3,Ahmedabad,5034.7796
FDU02,Dairy,Low Fat,13.35,0.102426197,230.6352,OUT013,1987,High,Tier 3,Ahmedabad,5725.88
NCE19,Household,Low Fat,8.97,0.092937216,54.6956,OUT013,1987,High,Tier 3,Ahmedabad,764.3384
NCO26,Household,Low Fat,7.235,0.076791671,116.4492,OUT013,1987,High,Tier 3,Ahmedabad,2316.984
FDG31,Meat,Low Fat,12.15,0.037864854,63.0826,OUT013,1987,High,Tier 3,Ahmedabad,322.913
FDI20,Fruits and Vegetables,Low Fat,19.1,0.038531668,210.6586,OUT013,1987,High,Tier 3,Ahmedabad,5487.5236
FDC58,Snack Foods,Low Fat,10.195,0.041907414,43.8428,OUT013,1987,High,Tier 3,Ahmedabad,175.7712
NCC30,Household,Low Fat,16.6,0.027556247,176.6344,OUT013,1987,High,Tier 3,Ahmedabad,1962.7784
FDR46,Snack Foods,Low Fat,16.85,0.139301634,144.976,OUT013,1987,High,Tier 3,Ahmedabad,2783.044
FDE46,Snack Foods,Low Fat,18.6,0.01575657,153.1366,OUT013,1987,High,Tier 3,Ahmedabad,3173.8686
NCO14,Household,Low Fat,9.6,0.029619203,43.6086,OUT013,1987,High,Tier 3,Ahmedabad,624.5204
NCO18,Household,Low Fat,13.15,0.024630755,178.2686,OUT013,1987,High,Tier 3,Ahmedabad,2666.529
FDJ45,Seafood,Low Fat,17.75,0.073349552,34.2216,OUT013,1987,High,Tier 3,Ahmedabad,934.7832
DRD12,Soft Drinks,Low Fat,6.96,0.077129323,92.7146,OUT013,1987,High,Tier 3,Ahmedabad,1733.0774
DRC25,Soft Drinks,Low Fat,5.73,0.045334098,87.0882,OUT013,1987,High,Tier 3,Ahmedabad,1803.6522
NCW54,Household,Low Fat,7.5,0.096333029,57.8588,OUT013,1987,High,Tier 3,Ahmedabad,1145.176
NCU41,Health and Hygiene,Low Fat,18.85,0.0520115,190.3846,OUT013,1987,High,Tier 3,Ahmedabad,3630.6074
DRG13,Soft Drinks,Low Fat,17.25,0.037155206,166.4526,OUT013,1987,High,Tier 3,Ahmedabad,3782.4098
DRP35,Hard Drinks,Low Fat,18.85,0.09079168,127.1336,OUT013,1987,High,Tier 3,Ahmedabad,3579.3408
DRM23,Hard Drinks,Low Fat,16.6,0.135620265,172.9422,OUT013,1987,High,Tier 3,Ahmedabad,2931.5174
DRL35,Hard Drinks,Low Fat,15.7,0.03067808,44.777,OUT013,1987,High,Tier 3,Ahmedabad,605.878
NCN43,Others,Low Fat,12.15,0.006754117,122.173,OUT013,1987,High,Tier 3,Ahmedabad,2586.633
NCD07,Household,Low Fat,9.1,0.055382616,115.0518,OUT013,1987,High,Tier 3,Ahmedabad,683.1108
FDK50,Canned,Low Fat,7.96,0.028339599,162.4894,OUT013,1987,High,Tier 3,Ahmedabad,1779.6834
NCE42,Household,Low Fat,21.1,0.010593469,234.2958,OUT013,1987,High,Tier 3,Ahmedabad,3739.1328
DRK47,Hard Drinks,Low Fat,7.905,0.064011067,230.2694,OUT013,1987,High,Tier 3,Ahmedabad,4567.388
FDQ09,Snack Foods,Low Fat,7.235,0.058083831,113.6834,OUT013,1987,High,Tier 3,Ahmedabad,230.3668
DRE13,Soft Drinks,Low Fat,6.28,0.027682047,85.5198,OUT013,1987,High,Tier 3,Ahmedabad,1744.396
FDI24,Baking Goods,Low Fat,10.3,0.078678276,177.037,OUT013,1987,High,Tier 3,Ahmedabad,3705.177
FDM32,Fruits and Vegetables,Low Fat,20.5,0.020587886,89.583,OUT013,1987,High,Tier 3,Ahmedabad,1797.66
FDZ09,Snack Foods,Low Fat,17.6,0.104791689,165.2868,OUT013,1987,High,Tier 3,Ahmedabad,3111.9492
DRL37,Soft Drinks,Low Fat,15.5,0.053327763,44.477,OUT013,1987,High,Tier 3,Ahmedabad,865.54
FDY14,Dairy,Low Fat,10.3,0.069981909,263.0226,OUT013,1987,High,Tier 3,Ahmedabad,6079.4198
NCO05,Health and Hygiene,Low Fat,7.27,0.046520703,97.7384,OUT013,1987,High,Tier 3,Ahmedabad,591.2304
FDG57,Fruits and Vegetables,Low Fat,14.7,0.072238195,47.5034,OUT013,1987,High,Tier 3,Ahmedabad,972.068
NCE18,Household,Low Fat,10.0,0.021407511,248.175,OUT013,1987,High,Tier 3,Ahmedabad,3495.45
NCR53,Health and Hygiene,Low Fat,12.15,0.14492016,224.4404,OUT013,1987,High,Tier 3,Ahmedabad,1800.3232
NCJ05,Health and Hygiene,Low Fat,18.7,0.04604992,151.9682,OUT013,1987,High,Tier 3,Ahmedabad,3354.3004
DRJ47,Hard Drinks,Low Fat,18.25,0.04421348,173.408,OUT013,1987,High,Tier 3,Ahmedabad,1038.648
FDS20,Fruits and Vegetables,Low Fat,8.85,0.053822086,183.8292,OUT013,1987,High,Tier 3,Ahmedabad,2554.0088
FDC37,Baking Goods,Low Fat,15.5,0.032845997,106.7938,OUT013,1987,High,Tier 3,Ahmedabad,3215.814
FDL04,Frozen Foods,Low Fat,19.0,0.111830282,105.4622,OUT013,1987,High,Tier 3,Ahmedabad,952.7598
FDK16,Frozen Foods,Low Fat,9.065,0.115233813,94.4094,OUT013,1987,High,Tier 3,Ahmedabad,2856.282
FDF52,Frozen Foods,Low Fat,9.3,0.066727717,181.6292,OUT013,1987,High,Tier 3,Ahmedabad,2371.5796
FDS48,Baking Goods,Low Fat,15.15,0.027756137,150.4708,OUT013,1987,High,Tier 3,Ahmedabad,2106.5912
NCH07,Household,Low Fat,13.15,0.092589917,159.5604,OUT013,1987,High,Tier 3,Ahmedabad,1901.5248
NCK54,Household,Low Fat,12.15,0.0,117.615,OUT013,1987,High,Tier 3,Ahmedabad,1514.695
FDK55,Meat,Low Fat,18.5,0.025740259,89.4172,OUT013,1987,High,Tier 3,Ahmedabad,1605.9096
FDZ38,Dairy,Low Fat,17.6,0.00799436,171.6422,OUT013,1987,High,Tier 3,Ahmedabad,3793.7284
FDG60,Baking Goods,Low Fat,20.35,0.060649213,232.7616,OUT013,1987,High,Tier 3,Ahmedabad,2812.3392
NCQ38,Others,Low Fat,16.35,0.013355306,105.528,OUT013,1987,High,Tier 3,Ahmedabad,2024.032
FDN09,Snack Foods,Low Fat,14.15,0.034845668,242.7828,OUT013,1987,High,Tier 3,Ahmedabad,3167.8764
NCX05,Health and Hygiene,Low Fat,15.2,0.09698132,116.3492,OUT013,1987,High,Tier 3,Ahmedabad,2548.6824
FDH41,Frozen Foods,Low Fat,9.0,0.081943273,214.5534,OUT013,1987,High,Tier 3,Ahmedabad,3440.8544
FDN15,Meat,Low Fat,17.5,0.016720132,139.918,OUT013,1987,High,Tier 3,Ahmedabad,419.454
NCF18,Household,Low Fat,18.35,0.088908547,192.8504,OUT013,1987,High,Tier 3,Ahmedabad,2876.256
NCA29,Household,Low Fat,10.5,0.027253711,170.9106,OUT013,1987,High,Tier 3,Ahmedabad,3251.1014
FDY13,Canned,Low Fat,12.1,0.030102335,74.767,OUT013,1987,High,Tier 3,Ahmedabad,2220.443
NCL31,Others,Low Fat,7.39,0.120180894,141.447,OUT013,1987,High,Tier 3,Ahmedabad,2290.352
DRI25,Soft Drinks,Low Fat,19.6,0.03387323,56.1614,OUT013,1987,High,Tier 3,Ahmedabad,828.921
NCP14,Household,Low Fat,8.275,0.110197977,104.2306,OUT013,1987,High,Tier 3,Ahmedabad,3658.571
FDP20,Fruits and Vegetables,Low Fat,19.85,0.045631231,128.102,OUT013,1987,High,Tier 3,Ahmedabad,1265.02
NCB55,Household,Low Fat,15.7,0.160529322,59.2562,OUT013,1987,High,Tier 3,Ahmedabad,296.281
FDD03,Dairy,Low Fat,13.3,0.079739853,233.03,OUT013,1987,High,Tier 3,Ahmedabad,5359.69
NCC06,Household,Low Fat,19.0,0.026963909,129.8336,OUT013,1987,High,Tier 3,Ahmedabad,3451.5072
FDW48,Baking Goods,Low Fat,18.0,0.008533716,78.5618,OUT013,1987,High,Tier 3,Ahmedabad,402.809
FDP11,Breads,Low Fat,15.85,0.069043044,218.7166,OUT013,1987,High,Tier 3,Ahmedabad,4136.6154
NCK17,Health and Hygiene,Low Fat,11.0,0.03786331,40.948,OUT013,1987,High,Tier 3,Ahmedabad,319.584
FDC38,Canned,Low Fat,15.7,0.122392031,133.1942,OUT013,1987,High,Tier 3,Ahmedabad,2782.3782
FDI52,Frozen Foods,Low Fat,18.7,0.104591027,121.4072,OUT013,1987,High,Tier 3,Ahmedabad,2450.144
FDO60,Baking Goods,Low Fat,20.0,0.034340926,45.4086,OUT013,1987,High,Tier 3,Ahmedabad,981.3892
FDC39,Dairy,Low Fat,7.405,0.159062948,208.9296,OUT013,1987,High,Tier 3,Ahmedabad,2700.4848
NCF19,Household,Low Fat,13.0,0.035079516,47.9034,OUT013,1987,High,Tier 3,Ahmedabad,583.2408
NCN53,Health and Hygiene,Low Fat,5.175,0.030330202,35.4874,OUT013,1987,High,Tier 3,Ahmedabad,388.1614
DRF37,Soft Drinks,Low Fat,17.25,0.084262458,261.591,OUT013,1987,High,Tier 3,Ahmedabad,3418.883
DRK13,Soft Drinks,Low Fat,11.8,0.11507174,198.2084,OUT013,1987,High,Tier 3,Ahmedabad,3769.7596
FDT28,Frozen Foods,Low Fat,13.3,0.063513272,149.9708,OUT013,1987,High,Tier 3,Ahmedabad,2106.5912
FDU22,Snack Foods,Low Fat,12.35,0.0,118.9124,OUT013,1987,High,Tier 3,Ahmedabad,3199.8348
FDT37,Canned,Low Fat,14.15,0.035240817,255.5014,OUT013,1987,High,Tier 3,Ahmedabad,5355.0294
DRG37,Soft Drinks,Low Fat,16.2,0.019362306,154.6972,OUT013,1987,High,Tier 3,Ahmedabad,1713.7692
NCS29,Health and Hygiene,Low Fat,9.0,0.069487587,266.6884,OUT013,1987,High,Tier 3,Ahmedabad,3974.826
FDB45,Fruits and Vegetables,Low Fat,20.85,0.021312043,104.9306,OUT013,1987,High,Tier 3,Ahmedabad,2299.6732
NCD30,Household,Low Fat,19.7,0.026826919,98.7726,OUT013,1987,High,Tier 3,Ahmedabad,1859.5794
NCB54,Health and Hygiene,Low Fat,8.76,0.050011058,126.7336,OUT013,1987,High,Tier 3,Ahmedabad,639.168
FDT31,Fruits and Vegetables,Low Fat,19.75,0.012437935,189.9872,OUT013,1987,High,Tier 3,Ahmedabad,3781.744
NCD06,Household,Low Fat,13.0,0.099242622,46.306,OUT013,1987,High,Tier 3,Ahmedabad,699.09
FDS39,Meat,Low Fat,6.895,0.022441883,143.8812,OUT013,1987,High,Tier 3,Ahmedabad,2707.1428
FDA15,Dairy,Low Fat,9.3,0.016009057,250.6092,OUT013,1987,High,Tier 3,Ahmedabad,6474.2392
DRI03,Dairy,Low Fat,6.03,0.0226848,178.1028,OUT013,1987,High,Tier 3,Ahmedabad,4604.6728
NCA54,Household,Low Fat,16.5,0.036611104,180.9318,OUT013,1987,High,Tier 3,Ahmedabad,3247.7724
FDM10,Snack Foods,Low Fat,18.25,0.075908374,213.4218,OUT013,1987,High,Tier 3,Ahmedabad,3846.9924
NCR17,Health and Hygiene,Low Fat,9.8,0.024363026,114.0492,OUT013,1987,High,Tier 3,Ahmedabad,2085.2856
NCQ17,Health and Hygiene,Low Fat,10.3,0.0,154.663,OUT013,1987,High,Tier 3,Ahmedabad,2816.334
FDE45,Fruits and Vegetables,Low Fat,12.1,0.040323731,180.0002,OUT013,1987,High,Tier 3,Ahmedabad,4656.6052
FDU34,Snack Foods,Low Fat,18.25,0.075132353,125.9046,OUT013,1987,High,Tier 3,Ahmedabad,2365.5874
FDO28,Frozen Foods,Low Fat,5.765,0.072238195,120.0098,OUT013,1987,High,Tier 3,Ahmedabad,1687.1372
FDG32,Fruits and Vegetables,Low Fat,19.85,0.175849067,222.0772,OUT013,1987,High,Tier 3,Ahmedabad,2001.3948
FDU38,Dairy,Low Fat,10.8,0.0824812,191.6504,OUT013,1987,High,Tier 3,Ahmedabad,2492.7552
FDS57,Snack Foods,Low Fat,15.5,0.103356186,142.847,OUT013,1987,High,Tier 3,Ahmedabad,1574.617
FDV45,Snack Foods,Low Fat,16.75,0.045009952,186.8556,OUT013,1987,High,Tier 3,Ahmedabad,2440.8228
FDN40,Frozen Foods,Low Fat,5.88,0.086384841,153.2998,OUT013,1987,High,Tier 3,Ahmedabad,2153.1972
FDA34,Starchy Foods,Low Fat,11.5,0.01484819,172.108,OUT013,1987,High,Tier 3,Ahmedabad,2077.296
FDD29,Frozen Foods,Low Fat,12.15,0.018395194,251.6698,OUT013,1987,High,Tier 3,Ahmedabad,6088.0752
DRJ23,Hard Drinks,Low Fat,18.35,0.041634206,188.1872,OUT013,1987,High,Tier 3,Ahmedabad,3781.744
NCC19,Household,Low Fat,6.57,0.096799953,192.382,OUT013,1987,High,Tier 3,Ahmedabad,4247.804
NCT54,Household,Low Fat,8.695,0.119436131,94.7094,OUT013,1987,High,Tier 3,Ahmedabad,1047.3034
FDQ24,Baking Goods,Low Fat,15.7,0.073605395,249.6724,OUT013,1987,High,Tier 3,Ahmedabad,6543.4824
FDA45,Snack Foods,Low Fat,21.25,0.155250377,175.737,OUT013,1987,High,Tier 3,Ahmedabad,2117.244
FDK45,Seafood,Low Fat,11.65,0.033830011,111.686,OUT013,1987,High,Tier 3,Ahmedabad,1584.604
DRN37,Soft Drinks,Low Fat,9.6,0.096217262,168.5158,OUT013,1987,High,Tier 3,Ahmedabad,3342.316
FDC11,Starchy Foods,Low Fat,20.5,0.141674844,90.7172,OUT013,1987,High,Tier 3,Ahmedabad,1605.9096
NCW29,Health and Hygiene,Low Fat,14.0,0.028838938,129.331,OUT013,1987,High,Tier 3,Ahmedabad,259.662
FDG50,Canned,Low Fat,7.405,0.015259084,91.0146,OUT013,1987,High,Tier 3,Ahmedabad,729.7168
NCM19,Others,Low Fat,12.65,0.047197936,114.1202,OUT013,1987,High,Tier 3,Ahmedabad,3488.1262
NCW18,Household,Low Fat,15.1,0.059275452,238.9248,OUT013,1987,High,Tier 3,Ahmedabad,6636.6944
FDG26,Canned,Low Fat,18.85,0.042614361,255.333,OUT013,1987,High,Tier 3,Ahmedabad,1794.331
NCB43,Household,Low Fat,20.2,0.0,187.1898,OUT013,1987,High,Tier 3,Ahmedabad,2993.4368
FDJ04,Frozen Foods,Low Fat,18.0,0.124348482,118.3124,OUT013,1987,High,Tier 3,Ahmedabad,948.0992
FDD11,Starchy Foods,Low Fat,12.85,0.030591255,251.404,OUT013,1987,High,Tier 3,Ahmedabad,2277.036
NCA30,Household,Low Fat,19.0,0.129226104,190.5872,OUT013,1987,High,Tier 3,Ahmedabad,1890.872
NCN26,Household,Low Fat,10.85,0.0,119.0808,OUT013,1987,High,Tier 3,Ahmedabad,2343.616
FDT20,Fruits and Vegetables,Low Fat,10.5,0.041360997,39.5164,OUT013,1987,High,Tier 3,Ahmedabad,926.7936
FDY52,Frozen Foods,Low Fat,6.365,0.007342171,59.9536,OUT013,1987,High,Tier 3,Ahmedabad,980.0576
NCA18,Household,Low Fat,10.1,0.056030907,115.1492,OUT013,1987,High,Tier 3,Ahmedabad,1737.738
NCJ06,Household,Low Fat,20.1,0.034623782,118.9782,OUT013,1987,High,Tier 3,Ahmedabad,1549.3166
FDE29,Frozen Foods,Low Fat,8.905,0.143010016,61.6878,OUT013,1987,High,Tier 3,Ahmedabad,1029.9926
NCO06,Household,Low Fat,19.25,0.107940533,35.5558,OUT013,1987,High,Tier 3,Ahmedabad,305.6022
FDQ21,Snack Foods,Low Fat,21.25,0.019407069,119.3756,OUT013,1987,High,Tier 3,Ahmedabad,3271.7412
FDF05,Frozen Foods,Low Fat,17.5,0.026848529,264.891,OUT013,1987,High,Tier 3,Ahmedabad,4996.829
DRG25,Soft Drinks,Low Fat,10.5,0.019033838,185.624,OUT013,1987,High,Tier 3,Ahmedabad,6897.688
FDR23,Breads,Low Fat,15.85,0.081719458,178.037,OUT013,1987,High,Tier 3,Ahmedabad,2646.555
NCY30,Household,Low Fat,20.25,0.02593166,182.5976,OUT013,1987,High,Tier 3,Ahmedabad,3078.6592
DRD27,Dairy,Low Fat,18.75,0.023820082,97.6042,OUT013,1987,High,Tier 3,Ahmedabad,1488.063
NCK53,Health and Hygiene,Low Fat,11.6,0.037549969,101.2042,OUT013,1987,High,Tier 3,Ahmedabad,2281.6966
FDB28,Dairy,Low Fat,6.615,0.093307668,195.9426,OUT013,1987,High,Tier 3,Ahmedabad,2570.6538
FDA57,Snack Foods,Low Fat,18.85,0.03961061,41.648,OUT013,1987,High,Tier 3,Ahmedabad,759.012
FDX23,Baking Goods,Low Fat,6.445,0.029667053,94.4436,OUT013,1987,High,Tier 3,Ahmedabad,1134.5232
FDX13,Canned,Low Fat,7.725,0.047743195,248.3092,OUT013,1987,High,Tier 3,Ahmedabad,6474.2392
DRG36,Soft Drinks,Low Fat,14.15,0.095298849,171.8106,OUT013,1987,High,Tier 3,Ahmedabad,3935.5438
NCM07,Others,Low Fat,9.395,0.039928582,83.2908,OUT013,1987,High,Tier 3,Ahmedabad,1258.362
NCQ06,Household,Low Fat,13.0,0.041789718,256.1014,OUT013,1987,High,Tier 3,Ahmedabad,2550.014
FDR04,Frozen Foods,Low Fat,7.075,0.022548195,95.7068,OUT013,1987,High,Tier 3,Ahmedabad,583.2408
FDW34,Snack Foods,Low Fat,9.6,0.035549527,244.117,OUT013,1987,High,Tier 3,Ahmedabad,5346.374
FDU07,Fruits and Vegetables,Low Fat,11.1,0.059797172,151.8366,OUT013,1987,High,Tier 3,Ahmedabad,1057.9562
NCQ53,Health and Hygiene,Low Fat,17.6,0.018889593,236.259,OUT013,1987,High,Tier 3,Ahmedabad,4727.18
FDL44,Fruits and Vegetables,Low Fat,18.25,0.012264903,162.8894,OUT013,1987,High,Tier 3,Ahmedabad,3397.5774
FDI22,Snack Foods,Low Fat,12.6,0.096132367,208.9612,OUT013,1987,High,Tier 3,Ahmedabad,4181.224
DRF01,Soft Drinks,Low Fat,5.655,0.174934513,145.0102,OUT013,1987,High,Tier 3,Ahmedabad,1895.5326
FDV09,Snack Foods,Low Fat,12.1,0.020551458,146.6734,OUT013,1987,High,Tier 3,Ahmedabad,2227.101
FDQ34,Snack Foods,Low Fat,10.85,0.162107603,106.3622,OUT013,1987,High,Tier 3,Ahmedabad,2117.244
FDT36,Baking Goods,Low Fat,12.3,0.0,37.2874,OUT013,1987,High,Tier 3,Ahmedabad,705.748
FDY07,Fruits and Vegetables,Low Fat,11.8,0.12150063,46.8402,OUT013,1987,High,Tier 3,Ahmedabad,413.4618
FDA38,Dairy,Low Fat,5.44,0.025458716,241.2538,OUT013,1987,High,Tier 3,Ahmedabad,3124.5994
NCP30,Household,Low Fat,20.5,0.032741422,40.4822,OUT013,1987,High,Tier 3,Ahmedabad,589.233
FDS40,Frozen Foods,Low Fat,15.35,0.014007727,38.319,OUT013,1987,High,Tier 3,Ahmedabad,292.952
NCG18,Household,Low Fat,15.3,0.02295878,101.6332,OUT013,1987,High,Tier 3,Ahmedabad,1845.5976
DRF27,Dairy,Low Fat,8.93,0.028393624,153.434,OUT013,1987,High,Tier 3,Ahmedabad,1378.206
FDA21,Snack Foods,Low Fat,13.65,0.035930784,184.4924,OUT013,1987,High,Tier 3,Ahmedabad,9069.5276
NCI55,Household,Low Fat,18.6,0.012643035,119.8414,OUT013,1987,High,Tier 3,Ahmedabad,365.5242
NCG55,Household,Low Fat,16.25,0.039113587,116.0176,OUT013,1987,High,Tier 3,Ahmedabad,1488.7288
DRE12,Soft Drinks,Low Fat,4.59,0.070721656,113.286,OUT013,1987,High,Tier 3,Ahmedabad,1471.418
FDC53,Frozen Foods,Low Fat,8.68,0.008828341,99.9384,OUT013,1987,High,Tier 3,Ahmedabad,689.7688
NCP02,Household,Low Fat,7.105,0.044771473,58.2562,OUT013,1987,High,Tier 3,Ahmedabad,592.562
FDT45,Snack Foods,Low Fat,15.85,0.0,55.1956,OUT013,1987,High,Tier 3,Ahmedabad,1255.6988
NCM41,Health and Hygiene,Low Fat,16.5,0.035626319,93.112,OUT013,1987,High,Tier 3,Ahmedabad,932.12
FDL22,Snack Foods,Low Fat,16.85,0.036359891,90.7488,OUT013,1987,High,Tier 3,Ahmedabad,2263.72
FDJ48,Baking Goods,Low Fat,11.3,0.056387854,245.4118,OUT013,1987,High,Tier 3,Ahmedabad,6669.3186
FDM20,Fruits and Vegetables,Low Fat,10.0,0.038653608,245.4144,OUT013,1987,High,Tier 3,Ahmedabad,7105.4176
FDR48,Baking Goods,Low Fat,11.65,0.131394793,151.9024,OUT013,1987,High,Tier 3,Ahmedabad,1669.8264
FDD46,Snack Foods,Low Fat,6.035,0.14113846,155.0998,OUT013,1987,High,Tier 3,Ahmedabad,3691.1952
DRH13,Soft Drinks,Low Fat,8.575,0.023866079,107.128,OUT013,1987,High,Tier 3,Ahmedabad,958.752
FDI32,Fruits and Vegetables,Low Fat,17.7,0.174228338,117.1834,OUT013,1987,High,Tier 3,Ahmedabad,691.1004
FDU59,Breads,Low Fat,5.78,0.096306016,161.9552,OUT013,1987,High,Tier 3,Ahmedabad,2111.9176
FDY31,Fruits and Vegetables,Low Fat,5.98,0.043526599,148.4418,OUT013,1987,High,Tier 3,Ahmedabad,2354.2688
FDX20,Fruits and Vegetables,Low Fat,7.365,0.042524835,228.372,OUT013,1987,High,Tier 3,Ahmedabad,4527.44
FDN12,Baking Goods,Low Fat,15.6,0.081036436,112.3544,OUT013,1987,High,Tier 3,Ahmedabad,2572.6512
FDS55,Fruits and Vegetables,Low Fat,7.02,0.081096635,148.4734,OUT013,1987,High,Tier 3,Ahmedabad,3563.3616
NCS05,Health and Hygiene,Low Fat,11.5,0.020960615,133.2942,OUT013,1987,High,Tier 3,Ahmedabad,2649.884
FDD34,Snack Foods,Low Fat,7.945,0.015863075,161.821,OUT013,1987,High,Tier 3,Ahmedabad,2446.815
FDA23,Baking Goods,Low Fat,9.8,0.04714777,102.4016,OUT013,1987,High,Tier 3,Ahmedabad,1720.4272
FDD39,Dairy,Low Fat,16.7,0.070096518,217.885,OUT013,1987,High,Tier 3,Ahmedabad,3894.93
FDL34,Snack Foods,Low Fat,16.0,0.040911824,141.2496,OUT013,1987,High,Tier 3,Ahmedabad,3387.5904
FDL56,Fruits and Vegetables,Low Fat,14.1,0.125675936,86.9198,OUT013,1987,High,Tier 3,Ahmedabad,1133.8574
DRF13,Soft Drinks,Low Fat,12.1,0.0,145.1444,OUT013,1987,High,Tier 3,Ahmedabad,3338.3212
FDZ33,Snack Foods,Low Fat,10.195,0.107307677,149.8076,OUT013,1987,High,Tier 3,Ahmedabad,2217.114
NCJ17,Health and Hygiene,Low Fat,7.68,0.152429537,85.5224,OUT013,1987,High,Tier 3,Ahmedabad,1278.336
DRG11,Hard Drinks,Low Fat,6.385,0.083768522,109.8596,OUT013,1987,High,Tier 3,Ahmedabad,3235.788
DRJ51,Dairy,Low Fat,14.1,0.087920675,228.5668,OUT013,1987,High,Tier 3,Ahmedabad,1151.834
FDI15,Dairy,Low Fat,13.8,0.141234932,263.7884,OUT013,1987,High,Tier 3,Ahmedabad,5564.7564
NCH18,Household,Low Fat,9.3,0.044624064,245.4802,OUT013,1987,High,Tier 3,Ahmedabad,3193.8426
DRN35,Hard Drinks,Low Fat,8.01,0.070189131,37.9532,OUT013,1987,High,Tier 3,Ahmedabad,826.9236
FDS35,Breads,Low Fat,9.3,0.111127966,63.1826,OUT013,1987,High,Tier 3,Ahmedabad,2002.0606
NCO43,Others,Low Fat,5.5,0.047059016,100.1016,OUT013,1987,High,Tier 3,Ahmedabad,2125.2336
DRK12,Soft Drinks,Low Fat,9.5,0.041851461,31.49,OUT013,1987,High,Tier 3,Ahmedabad,466.06
FDH32,Fruits and Vegetables,Low Fat,12.8,0.075996742,97.141,OUT013,1987,High,Tier 3,Ahmedabad,2799.689
NCO54,Household,Low Fat,19.5,0.014262413,57.1614,OUT013,1987,High,Tier 3,Ahmedabad,331.5684
DRJ11,Hard Drinks,Low Fat,9.5,0.085020342,188.7872,OUT013,1987,High,Tier 3,Ahmedabad,1701.7848
FDW13,Canned,Low Fat,8.5,0.097803261,50.5324,OUT013,1987,High,Tier 3,Ahmedabad,882.8508
FDY27,Dairy,Low Fat,6.38,0.03187163,179.5344,OUT013,1987,High,Tier 3,Ahmedabad,4103.9912
NCL53,Health and Hygiene,Low Fat,7.5,0.036204764,176.1028,OUT013,1987,High,Tier 3,Ahmedabad,1948.1308
FDQ39,Meat,Low Fat,14.8,0.0,189.3846,OUT013,1987,High,Tier 3,Ahmedabad,4777.115
NCZ29,Health and Hygiene,Low Fat,15.0,0.071312064,125.7362,OUT013,1987,High,Tier 3,Ahmedabad,3020.0688
FDS47,Breads,Low Fat,16.75,0.128778474,89.1856,OUT013,1987,High,Tier 3,Ahmedabad,1581.9408
DRH51,Dairy,Low Fat,17.6,0.097135675,89.3856,OUT013,1987,High,Tier 3,Ahmedabad,1318.284
FDD58,Snack Foods,Low Fat,7.76,0.05930285,98.77,OUT013,1987,High,Tier 3,Ahmedabad,1697.79
NCS17,Health and Hygiene,Low Fat,18.6,0.080434451,93.4436,OUT013,1987,High,Tier 3,Ahmedabad,1701.7848
DRD60,Soft Drinks,Low Fat,15.7,0.037201127,181.7634,OUT013,1987,High,Tier 3,Ahmedabad,2544.6876
FDA36,Baking Goods,Low Fat,5.985,0.005661669,186.5924,OUT013,1987,High,Tier 3,Ahmedabad,2591.2936
FDH27,Dairy,Low Fat,7.075,0.058298384,145.8128,OUT013,1987,High,Tier 3,Ahmedabad,1725.7536
FDY48,Baking Goods,Low Fat,14.0,0.02371512,103.8332,OUT013,1987,High,Tier 3,Ahmedabad,1743.0644
NCP29,Health and Hygiene,Low Fat,8.42,0.112177581,65.9168,OUT013,1987,High,Tier 3,Ahmedabad,958.752
DRG15,Dairy,Low Fat,6.13,0.0,60.1536,OUT013,1987,High,Tier 3,Ahmedabad,1102.5648
FDO34,Snack Foods,Low Fat,17.7,0.029914022,166.2816,OUT013,1987,High,Tier 3,Ahmedabad,2516.724
NCG43,Household,Low Fat,20.2,0.074177667,93.2462,OUT013,1987,High,Tier 3,Ahmedabad,1018.0082
NCU18,Household,Low Fat,15.1,0.055793586,139.7496,OUT013,1987,High,Tier 3,Ahmedabad,3952.1888
NCX53,Health and Hygiene,Low Fat,20.1,0.014925407,143.4154,OUT013,1987,High,Tier 3,Ahmedabad,3545.385
FDZ12,Baking Goods,Low Fat,9.17,0.102893121,141.947,OUT013,1987,High,Tier 3,Ahmedabad,4008.116
FDD33,Fruits and Vegetables,Low Fat,12.85,0.108102606,233.3642,OUT013,1987,High,Tier 3,Ahmedabad,3950.1914
FDI33,Snack Foods,Low Fat,16.5,0.028395167,91.7146,OUT013,1987,High,Tier 3,Ahmedabad,2462.7942
FDA50,Dairy,Low Fat,16.25,0.087102593,96.041,OUT013,1987,High,Tier 3,Ahmedabad,868.869
FDQ13,Canned,Low Fat,11.1,0.010632752,82.5908,OUT013,1987,High,Tier 3,Ahmedabad,1510.0344
FDQ23,Breads,Low Fat,6.55,0.024505418,102.9332,OUT013,1987,High,Tier 3,Ahmedabad,1845.5976
NCN42,Household,Low Fat,20.25,0.0,145.6418,OUT013,1987,High,Tier 3,Ahmedabad,3384.2614
FDN21,Snack Foods,Low Fat,18.6,0.076791671,161.0236,OUT013,1987,High,Tier 3,Ahmedabad,3705.8428
FDI28,Frozen Foods,Low Fat,14.3,0.026299797,79.4302,OUT013,1987,High,Tier 3,Ahmedabad,1743.0644
FDX26,Dairy,Low Fat,17.7,0.0,182.5292,OUT013,1987,High,Tier 3,Ahmedabad,2736.438
FDO12,Baking Goods,Low Fat,15.75,0.054884821,195.3452,OUT013,1987,High,Tier 3,Ahmedabad,1761.7068
NCI06,Household,Low Fat,11.3,0.04767798,181.466,OUT013,1987,High,Tier 3,Ahmedabad,3775.086
FDM33,Snack Foods,Low Fat,15.6,0.087646694,221.5798,OUT013,1987,High,Tier 3,Ahmedabad,5509.495
FDV08,Fruits and Vegetables,Low Fat,7.35,0.028571132,40.8454,OUT013,1987,High,Tier 3,Ahmedabad,587.2356
FDI19,Meat,Low Fat,15.1,0.052295514,242.9512,OUT013,1987,High,Tier 3,Ahmedabad,4847.024
FDB52,Dairy,Low Fat,17.75,0.030410273,256.0672,OUT013,1987,High,Tier 3,Ahmedabad,2045.3376
NCM17,Health and Hygiene,Low Fat,7.93,0.071076672,44.9086,OUT013,1987,High,Tier 3,Ahmedabad,802.9548
FDC47,Snack Foods,Low Fat,15.0,0.118791698,229.9694,OUT013,1987,High,Tier 3,Ahmedabad,4339.0186
FDU08,Fruits and Vegetables,Low Fat,10.3,0.027292686,101.2042,OUT013,1987,High,Tier 3,Ahmedabad,396.8168
NCK30,Household,Low Fat,14.85,0.060927824,254.8698,OUT013,1987,High,Tier 3,Ahmedabad,4819.7262
NCM43,Others,Low Fat,14.5,0.019459164,161.621,OUT013,1987,High,Tier 3,Ahmedabad,2120.573
FDP33,Snack Foods,Low Fat,18.7,0.089197963,257.3672,OUT013,1987,High,Tier 3,Ahmedabad,2045.3376
FDT49,Canned,Low Fat,7.0,0.151279591,107.028,OUT013,1987,High,Tier 3,Ahmedabad,2876.256
FDW23,Baking Goods,Low Fat,5.765,0.081944045,36.7164,OUT013,1987,High,Tier 3,Ahmedabad,849.5608
FDR09,Snack Foods,Low Fat,18.25,0.077659918,260.2962,OUT013,1987,High,Tier 3,Ahmedabad,1035.9848
NCP41,Health and Hygiene,Low Fat,16.6,0.016197216,108.8596,OUT013,1987,High,Tier 3,Ahmedabad,970.7364
FDL16,Frozen Foods,Low Fat,12.85,0.168312678,45.906,OUT013,1987,High,Tier 3,Ahmedabad,885.514
NCF55,Household,Low Fat,6.675,0.021648305,35.6874,OUT013,1987,High,Tier 3,Ahmedabad,952.7598
FDQ46,Snack Foods,Low Fat,7.51,0.103726639,110.6544,OUT013,1987,High,Tier 3,Ahmedabad,1901.5248
FDO32,Fruits and Vegetables,Low Fat,6.36,0.120443298,45.406,OUT013,1987,High,Tier 3,Ahmedabad,1118.544
NCO29,Health and Hygiene,Low Fat,11.15,0.032229348,163.2526,OUT013,1987,High,Tier 3,Ahmedabad,1480.0734
FDH16,Frozen Foods,Low Fat,10.5,0.052511611,90.783,OUT013,1987,High,Tier 3,Ahmedabad,1258.362
FDV47,Breads,Low Fat,17.1,0.054162439,85.3566,OUT013,1987,High,Tier 3,Ahmedabad,1775.6886
NCL05,Health and Hygiene,Low Fat,19.6,0.047857804,45.077,OUT013,1987,High,Tier 3,Ahmedabad,605.878
NCR50,Household,Low Fat,20.2,0.01181025,154.634,OUT013,1987,High,Tier 3,Ahmedabad,4287.752
FDS60,Baking Goods,Low Fat,20.85,0.032421521,181.666,OUT013,1987,High,Tier 3,Ahmedabad,1438.128
FDP10,Snack Foods,Low Fat,19.0,0.127983545,107.6622,OUT013,1987,High,Tier 3,Ahmedabad,1270.3464
FDD17,Frozen Foods,Low Fat,7.5,0.032599801,238.1906,OUT013,1987,High,Tier 3,Ahmedabad,3327.6684
FDP23,Breads,Low Fat,6.71,0.0,218.9166,OUT013,1987,High,Tier 3,Ahmedabad,2394.8826
FDM39,Dairy,Low Fat,6.42,0.053426165,178.7002,OUT013,1987,High,Tier 3,Ahmedabad,4477.505
DRI47,Hard Drinks,Low Fat,14.7,0.02090277,144.5128,OUT013,1987,High,Tier 3,Ahmedabad,3307.6944
FDF35,Starchy Foods,Low Fat,15.0,0.153861181,108.5938,OUT013,1987,High,Tier 3,Ahmedabad,1393.5194
DRM37,Soft Drinks,Low Fat,15.35,0.096317593,197.3768,OUT013,1987,High,Tier 3,Ahmedabad,3350.3056
FDQ44,Fruits and Vegetables,Low Fat,20.5,0.036110222,120.1756,OUT013,1987,High,Tier 3,Ahmedabad,2059.9852
NCX29,Health and Hygiene,Low Fat,10.0,0.089078338,147.1102,OUT013,1987,High,Tier 3,Ahmedabad,2916.204
FDW58,Snack Foods,Low Fat,20.75,0.007546808,104.1622,OUT013,1987,High,Tier 3,Ahmedabad,1693.7952
DRF25,Soft Drinks,Low Fat,9.0,0.038892859,36.119,OUT013,1987,High,Tier 3,Ahmedabad,1098.57
DRF03,Dairy,Low Fat,19.1,0.045270426,38.8138,OUT013,1987,High,Tier 3,Ahmedabad,731.0484
FDH21,Seafood,Low Fat,10.395,0.031199028,159.4604,OUT013,1987,High,Tier 3,Ahmedabad,316.9208
FDO50,Canned,Low Fat,16.25,0.078103689,91.1804,OUT013,1987,High,Tier 3,Ahmedabad,1929.4884
FDF20,Fruits and Vegetables,Low Fat,12.85,0.033192524,199.0768,OUT013,1987,High,Tier 3,Ahmedabad,3153.2288
NCN17,Health and Hygiene,Low Fat,11.0,0.05489331,101.9358,OUT013,1987,High,Tier 3,Ahmedabad,1105.8938
NCR30,Household,Low Fat,20.6,0.070933894,74.8696,OUT013,1987,High,Tier 3,Ahmedabad,223.7088
FDC35,Starchy Foods,Low Fat,7.435,0.122735471,205.2638,OUT013,1987,High,Tier 3,Ahmedabad,3520.0846
DRH25,Soft Drinks,Low Fat,18.7,0.014580886,50.2324,OUT013,1987,High,Tier 3,Ahmedabad,623.1888
FDY21,Snack Foods,Low Fat,15.1,0.0,195.211,OUT013,1987,High,Tier 3,Ahmedabad,3142.576
NCG06,Household,Low Fat,16.35,0.029420857,256.9646,OUT013,1987,High,Tier 3,Ahmedabad,4637.9628
FDD04,Dairy,Low Fat,16.0,0.08989642,143.4154,OUT013,1987,High,Tier 3,Ahmedabad,1985.4156
FDR14,Dairy,Low Fat,11.65,0.173904193,52.3298,OUT013,1987,High,Tier 3,Ahmedabad,269.649
DRL23,Hard Drinks,Low Fat,18.35,0.015291576,106.1938,OUT013,1987,High,Tier 3,Ahmedabad,1607.907
NCX30,Household,Low Fat,16.7,0.026598474,245.8776,OUT013,1987,High,Tier 3,Ahmedabad,4210.5192
FDB16,Dairy,Low Fat,8.21,0.044888397,87.3198,OUT013,1987,High,Tier 3,Ahmedabad,610.5386
FDC41,Frozen Foods,Low Fat,15.6,0.116815953,75.567,OUT013,1987,High,Tier 3,Ahmedabad,1684.474
FDW59,Breads,Low Fat,13.15,0.020698674,86.3566,OUT013,1987,High,Tier 3,Ahmedabad,1099.2358
FDW45,Snack Foods,Low Fat,18.0,0.038978526,148.6418,OUT013,1987,High,Tier 3,Ahmedabad,2795.6942
FDF12,Baking Goods,Low Fat,8.235,0.08235926,147.6076,OUT013,1987,High,Tier 3,Ahmedabad,3103.9596
NCU53,Health and Hygiene,Low Fat,5.485,0.042716235,164.8842,OUT013,1987,High,Tier 3,Ahmedabad,2155.1946
FDM44,Fruits and Vegetables,Low Fat,12.5,0.031023835,104.099,OUT013,1987,High,Tier 3,Ahmedabad,309.597
NCT05,Health and Hygiene,Low Fat,10.895,0.020934413,256.5672,OUT013,1987,High,Tier 3,Ahmedabad,4090.6752
FDY59,Baking Goods,Low Fat,8.195,0.031377308,93.6462,OUT013,1987,High,Tier 3,Ahmedabad,925.462
NCO30,Household,Low Fat,19.5,0.015711807,181.8608,OUT013,1987,High,Tier 3,Ahmedabad,4042.7376
FDE26,Canned,Low Fat,9.3,0.088931701,143.3786,OUT013,1987,High,Tier 3,Ahmedabad,3034.0506
FDJ32,Fruits and Vegetables,Low Fat,10.695,0.057744249,61.2536,OUT013,1987,High,Tier 3,Ahmedabad,673.7896
DRJ49,Soft Drinks,Low Fat,6.865,0.0,129.9652,OUT013,1987,High,Tier 3,Ahmedabad,2324.9736
FDR26,Dairy,Low Fat,20.7,0.04280113,178.3028,OUT013,1987,High,Tier 3,Ahmedabad,2479.4392
FDF22,Snack Foods,Low Fat,6.865,0.056783389,214.5218,OUT013,1987,High,Tier 3,Ahmedabad,2778.3834
FDU02,Dairy,Low Fat,13.35,0.10249212,230.5352,OUT035,2004,Small,Tier 2,Ahmedabad,2748.4224
NCB30,Household,Low Fat,14.6,0.025698134,196.5084,OUT035,2004,Small,Tier 2,Ahmedabad,1587.2672
FDH19,Meat,Low Fat,19.35,0.033082215,172.5738,OUT035,2004,Small,Tier 2,Ahmedabad,4865.6664
FDZ55,Fruits and Vegetables,Low Fat,6.055,0.025403898,160.992,OUT035,2004,Small,Tier 2,Ahmedabad,2716.464
FDA44,Fruits and Vegetables,Low Fat,19.7,0.053212652,57.893,OUT035,2004,Small,Tier 2,Ahmedabad,622.523
NCR17,Health and Hygiene,Low Fat,9.8,0.024378706,114.5492,OUT035,2004,Small,Tier 2,Ahmedabad,1274.3412
FDZ46,Snack Foods,Low Fat,7.485,0.06911065,109.0228,OUT035,2004,Small,Tier 2,Ahmedabad,2542.0244
FDL40,Frozen Foods,Low Fat,17.7,0.01161096,95.041,OUT035,2004,Small,Tier 2,Ahmedabad,868.869
NCC31,Household,Low Fat,8.02,0.019866705,154.5972,OUT035,2004,Small,Tier 2,Ahmedabad,1402.1748
FDB11,Starchy Foods,Low Fat,16.0,0.060836524,226.8404,OUT035,2004,Small,Tier 2,Ahmedabad,6301.1312
NCB06,Health and Hygiene,Low Fat,17.6,0.082316506,160.692,OUT035,2004,Small,Tier 2,Ahmedabad,1597.92
FDA45,Snack Foods,Low Fat,21.25,0.155350299,178.237,OUT035,2004,Small,Tier 2,Ahmedabad,529.311
NCO26,Household,Low Fat,7.235,0.076841095,117.5492,OUT035,2004,Small,Tier 2,Ahmedabad,1969.4364
NCM43,Others,Low Fat,14.5,0.019471688,164.821,OUT035,2004,Small,Tier 2,Ahmedabad,2120.573
DRC27,Dairy,Low Fat,13.8,0.058091482,245.1802,OUT035,2004,Small,Tier 2,Ahmedabad,5650.6446
FDS49,Canned,Low Fat,9.0,0.0,79.7644,OUT035,2004,Small,Tier 2,Ahmedabad,1649.8524
FDF14,Canned,Low Fat,7.55,0.027164679,152.334,OUT035,2004,Small,Tier 2,Ahmedabad,2603.278
NCU41,Health and Hygiene,Low Fat,18.85,0.052044976,192.1846,OUT035,2004,Small,Tier 2,Ahmedabad,3248.4382
DRJ51,Dairy,Low Fat,14.1,0.087977262,229.0668,OUT035,2004,Small,Tier 2,Ahmedabad,3225.1352
FDK21,Snack Foods,Low Fat,7.905,0.010010425,249.0408,OUT035,2004,Small,Tier 2,Ahmedabad,3755.112
DRK01,Soft Drinks,Low Fat,7.63,0.06105276,95.4436,OUT035,2004,Small,Tier 2,Ahmedabad,1418.154
FDK51,Dairy,Low Fat,19.85,0.005234153,264.0884,OUT035,2004,Small,Tier 2,Ahmedabad,5829.7448
NCZ18,Household,Low Fat,7.825,0.186032678,253.0698,OUT035,2004,Small,Tier 2,Ahmedabad,6088.0752
FDK36,Baking Goods,Low Fat,7.09,0.00721395,47.9034,OUT035,2004,Small,Tier 2,Ahmedabad,583.2408
NCQ54,Household,Low Fat,17.7,0.012540003,167.0474,OUT035,2004,Small,Tier 2,Ahmedabad,5895.659
FDX19,Fruits and Vegetables,Low Fat,19.1,0.096715523,235.0958,OUT035,2004,Small,Tier 2,Ahmedabad,3038.0454
FDX09,Snack Foods,Low Fat,9.0,0.065236932,176.437,OUT035,2004,Small,Tier 2,Ahmedabad,7763.228
FDB34,Snack Foods,Low Fat,15.25,0.026604781,86.2198,OUT035,2004,Small,Tier 2,Ahmedabad,610.5386
FDC50,Canned,Low Fat,15.85,0.0,96.4094,OUT035,2004,Small,Tier 2,Ahmedabad,1237.7222
FDT59,Breads,Low Fat,13.65,0.015908424,231.1668,OUT035,2004,Small,Tier 2,Ahmedabad,6911.004
FDU08,Fruits and Vegetables,Low Fat,10.3,0.027310252,101.0042,OUT035,2004,Small,Tier 2,Ahmedabad,1289.6546
FDE24,Baking Goods,Low Fat,14.85,0.09344495,141.0812,OUT035,2004,Small,Tier 2,Ahmedabad,1139.8496
FDO28,Frozen Foods,Low Fat,5.765,0.072284689,119.9098,OUT035,2004,Small,Tier 2,Ahmedabad,2048.6666
NCT54,Household,Low Fat,8.695,0.119513002,93.4094,OUT035,2004,Small,Tier 2,Ahmedabad,856.8846
FDR21,Snack Foods,Low Fat,19.7,0.066922802,174.837,OUT035,2004,Small,Tier 2,Ahmedabad,2999.429
FDP32,Fruits and Vegetables,Low Fat,6.65,0.087652908,128.8678,OUT035,2004,Small,Tier 2,Ahmedabad,1398.8458
NCM07,Others,Low Fat,9.395,0.039954281,82.4908,OUT035,2004,Small,Tier 2,Ahmedabad,2013.3792
FDA16,Frozen Foods,Low Fat,6.695,0.033935576,221.9456,OUT035,2004,Small,Tier 2,Ahmedabad,2210.456
NCL19,Others,Low Fat,15.35,0.015673267,145.047,OUT035,2004,Small,Tier 2,Ahmedabad,2719.793
DRG01,Soft Drinks,Low Fat,14.8,0.044869794,76.467,OUT035,2004,Small,Tier 2,Ahmedabad,1531.34
DRE25,Soft Drinks,Low Fat,15.35,0.073269336,92.112,OUT035,2004,Small,Tier 2,Ahmedabad,1118.544
FDP10,Snack Foods,Low Fat,19.0,0.128065918,104.3622,OUT035,2004,Small,Tier 2,Ahmedabad,1905.5196
NCH30,Household,Low Fat,17.1,0.067141355,114.586,OUT035,2004,Small,Tier 2,Ahmedabad,2942.836
FDR58,Snack Foods,Low Fat,6.675,0.041913535,90.7462,OUT035,2004,Small,Tier 2,Ahmedabad,1665.8316
FDB21,Fruits and Vegetables,Low Fat,7.475,0.148492521,240.6854,OUT035,2004,Small,Tier 2,Ahmedabad,1691.7978
FDE32,Fruits and Vegetables,Low Fat,20.7,0.04874969,37.5506,OUT035,2004,Small,Tier 2,Ahmedabad,113.8518
FDD58,Snack Foods,Low Fat,7.76,0.059341019,99.77,OUT035,2004,Small,Tier 2,Ahmedabad,798.96
NCI43,Household,Low Fat,19.85,0.025963795,46.3376,OUT035,2004,Small,Tier 2,Ahmedabad,1150.5024
NCT18,Household,Low Fat,14.6,0.059393919,181.7976,OUT035,2004,Small,Tier 2,Ahmedabad,3259.7568
NCK06,Household,Low Fat,5.03,0.008644894,122.6756,OUT035,2004,Small,Tier 2,Ahmedabad,2665.8632
NCY18,Household,Low Fat,7.285,0.031145743,173.6054,OUT035,2004,Small,Tier 2,Ahmedabad,2626.581
DRE13,Soft Drinks,Low Fat,6.28,0.027699863,87.9198,OUT035,2004,Small,Tier 2,Ahmedabad,1221.0772
DRB25,Soft Drinks,Low Fat,12.3,0.069446588,106.3938,OUT035,2004,Small,Tier 2,Ahmedabad,857.5504
DRF03,Dairy,Low Fat,19.1,0.045299563,38.8138,OUT035,2004,Small,Tier 2,Ahmedabad,365.5242
FDQ23,Breads,Low Fat,6.55,0.024521191,100.6332,OUT035,2004,Small,Tier 2,Ahmedabad,2665.8632
DRD49,Soft Drinks,Low Fat,9.895,0.167799329,239.4564,OUT035,2004,Small,Tier 2,Ahmedabad,5243.8408
NCF42,Household,Low Fat,17.35,0.167351411,176.0712,OUT035,2004,Small,Tier 2,Ahmedabad,2109.2544
DRK35,Hard Drinks,Low Fat,8.365,0.071832909,36.1506,OUT035,2004,Small,Tier 2,Ahmedabad,721.0614
FDF46,Snack Foods,Low Fat,7.07,0.093653464,113.3834,OUT035,2004,Small,Tier 2,Ahmedabad,1267.0174
FDQ56,Fruits and Vegetables,Low Fat,6.59,0.105577348,85.6908,OUT035,2004,Small,Tier 2,Ahmedabad,1929.4884
FDO36,Baking Goods,Low Fat,19.7,0.077899109,177.766,OUT035,2004,Small,Tier 2,Ahmedabad,2696.49
FDX50,Dairy,Low Fat,20.1,0.07461309,108.7228,OUT035,2004,Small,Tier 2,Ahmedabad,1215.7508
DRL37,Soft Drinks,Low Fat,15.5,0.053362086,41.577,OUT035,2004,Small,Tier 2,Ahmedabad,735.709
FDU25,Canned,Low Fat,12.35,0.026676216,57.0246,OUT035,2004,Small,Tier 2,Ahmedabad,1737.738
NCO17,Health and Hygiene,Low Fat,10.0,0.0,120.644,OUT035,2004,Small,Tier 2,Ahmedabad,1917.504
FDH22,Snack Foods,Low Fat,6.405,0.136275173,128.1678,OUT035,2004,Small,Tier 2,Ahmedabad,1017.3424
FDZ33,Snack Foods,Low Fat,10.195,0.107376743,147.6076,OUT035,2004,Small,Tier 2,Ahmedabad,3547.3824
NCL30,Household,Low Fat,18.1,0.048931174,127.3336,OUT035,2004,Small,Tier 2,Ahmedabad,1150.5024
DRJ39,Dairy,Low Fat,20.25,0.036319195,219.3482,OUT035,2004,Small,Tier 2,Ahmedabad,5038.1086
FDC26,Canned,Low Fat,10.195,0.126359196,109.2886,OUT035,2004,Small,Tier 2,Ahmedabad,1334.2632
NCB31,Household,Low Fat,6.235,0.118651919,263.991,OUT035,2004,Small,Tier 2,Ahmedabad,4207.856
FDF04,Frozen Foods,Low Fat,17.5,0.013634468,256.4304,OUT035,2004,Small,Tier 2,Ahmedabad,1808.3128
NCD54,Household,Low Fat,21.1,0.029003459,143.4786,OUT035,2004,Small,Tier 2,Ahmedabad,2311.6576
FDO23,Breads,Low Fat,17.85,0.146399663,93.8436,OUT035,2004,Small,Tier 2,Ahmedabad,1418.154
FDZ56,Fruits and Vegetables,Low Fat,16.25,0.025732114,166.4474,OUT035,2004,Small,Tier 2,Ahmedabad,5390.3168
NCO18,Household,Low Fat,13.15,0.024646608,177.4686,OUT035,2004,Small,Tier 2,Ahmedabad,5510.8266
NCE07,Household,Low Fat,8.18,0.013127548,142.0154,OUT035,2004,Small,Tier 2,Ahmedabad,1985.4156
DRI51,Dairy,Low Fat,17.25,0.042233642,173.3764,OUT035,2004,Small,Tier 2,Ahmedabad,2061.3168
FDP11,Breads,Low Fat,15.85,0.069087481,218.7166,OUT035,2004,Small,Tier 2,Ahmedabad,1088.583
FDQ46,Snack Foods,Low Fat,7.51,0.103793399,110.1544,OUT035,2004,Small,Tier 2,Ahmedabad,2684.5056
FDB22,Snack Foods,Low Fat,8.02,0.111419588,154.3998,OUT035,2004,Small,Tier 2,Ahmedabad,3383.5956
FDW13,Canned,Low Fat,8.5,0.097866209,51.1324,OUT035,2004,Small,Tier 2,Ahmedabad,1350.2424
DRN36,Soft Drinks,Low Fat,15.2,0.050168354,95.3752,OUT035,2004,Small,Tier 2,Ahmedabad,1438.128
FDX15,Meat,Low Fat,17.2,0.156269303,159.6578,OUT035,2004,Small,Tier 2,Ahmedabad,3048.6982
FDT22,Snack Foods,Low Fat,10.395,0.11207602,58.022,OUT035,2004,Small,Tier 2,Ahmedabad,659.142
DRI39,Dairy,Low Fat,13.8,0.097043739,57.493,OUT035,2004,Small,Tier 2,Ahmedabad,1358.232
NCZ05,Health and Hygiene,Low Fat,8.485,0.058121214,104.499,OUT035,2004,Small,Tier 2,Ahmedabad,1238.388
NCJ18,Household,Low Fat,12.35,0.163910938,119.2124,OUT035,2004,Small,Tier 2,Ahmedabad,1303.6364
FDL44,Fruits and Vegetables,Low Fat,18.25,0.012272797,160.2894,OUT035,2004,Small,Tier 2,Ahmedabad,3235.788
FDT34,Snack Foods,Low Fat,9.3,0.174317307,106.7964,OUT035,2004,Small,Tier 2,Ahmedabad,841.5712
DRM23,Hard Drinks,Low Fat,16.6,0.135707553,170.6422,OUT035,2004,Small,Tier 2,Ahmedabad,1379.5376
FDT13,Canned,Low Fat,14.85,0.018568129,188.2214,OUT035,2004,Small,Tier 2,Ahmedabad,3014.7424
FDG26,Canned,Low Fat,18.85,0.042641788,257.833,OUT035,2004,Small,Tier 2,Ahmedabad,5382.993
FDH24,Baking Goods,Low Fat,20.7,0.021427082,156.5288,OUT035,2004,Small,Tier 2,Ahmedabad,1571.288
FDV40,Frozen Foods,Low Fat,17.35,0.014689006,74.5038,OUT035,2004,Small,Tier 2,Ahmedabad,739.038
FDB33,Fruits and Vegetables,Low Fat,17.75,0.014577412,160.7262,OUT035,2004,Small,Tier 2,Ahmedabad,2864.2716
FDQ10,Snack Foods,Low Fat,12.85,0.033172957,172.0422,OUT035,2004,Small,Tier 2,Ahmedabad,5345.7082
FDA23,Baking Goods,Low Fat,9.8,0.047178116,99.4016,OUT035,2004,Small,Tier 2,Ahmedabad,2428.8384
NCB42,Health and Hygiene,Low Fat,11.8,0.008559557,117.2492,OUT035,2004,Small,Tier 2,Ahmedabad,2432.8332
NCX18,Household,Low Fat,14.15,0.00879232,195.011,OUT035,2004,Small,Tier 2,Ahmedabad,1964.11
FDM46,Snack Foods,Low Fat,7.365,0.159937597,93.912,OUT035,2004,Small,Tier 2,Ahmedabad,1304.968
FDV39,Meat,Low Fat,11.3,0.007278512,196.7426,OUT035,2004,Small,Tier 2,Ahmedabad,2768.3964
FDG59,Starchy Foods,Low Fat,15.85,0.043226398,37.5164,OUT035,2004,Small,Tier 2,Ahmedabad,270.3148
FDA10,Snack Foods,Low Fat,20.35,0.141789197,121.9072,OUT035,2004,Small,Tier 2,Ahmedabad,1347.5792
DRH51,Dairy,Low Fat,17.6,0.097198194,89.8856,OUT035,2004,Small,Tier 2,Ahmedabad,351.5424
FDZ58,Snack Foods,Low Fat,17.85,0.052166995,121.7072,OUT035,2004,Small,Tier 2,Ahmedabad,2817.6656
NCJ30,Household,Low Fat,5.82,0.08062523,168.379,OUT035,2004,Small,Tier 2,Ahmedabad,1188.453
NCA41,Health and Hygiene,Low Fat,16.75,0.032580547,192.1162,OUT035,2004,Small,Tier 2,Ahmedabad,3848.324
FDT58,Snack Foods,Low Fat,9.0,0.085938463,168.6816,OUT035,2004,Small,Tier 2,Ahmedabad,1342.2528
FDO32,Fruits and Vegetables,Low Fat,6.36,0.120520818,45.906,OUT035,2004,Small,Tier 2,Ahmedabad,419.454
FDU48,Baking Goods,Low Fat,18.85,0.055347985,131.5284,OUT035,2004,Small,Tier 2,Ahmedabad,1581.9408
NCO30,Household,Low Fat,19.5,0.01572192,185.6608,OUT035,2004,Small,Tier 2,Ahmedabad,918.804
FDY51,Meat,Low Fat,12.5,0.081119484,220.0798,OUT035,2004,Small,Tier 2,Ahmedabad,1322.2788
DRI47,Hard Drinks,Low Fat,14.7,0.020916223,141.8128,OUT035,2004,Small,Tier 2,Ahmedabad,1869.5664
FDL45,Snack Foods,Low Fat,15.6,0.037680711,123.7704,OUT035,2004,Small,Tier 2,Ahmedabad,3129.26
DRD60,Soft Drinks,Low Fat,15.7,0.03722507,182.4634,OUT035,2004,Small,Tier 2,Ahmedabad,1999.3974
FDL34,Snack Foods,Low Fat,16.0,0.040938155,141.1496,OUT035,2004,Small,Tier 2,Ahmedabad,4516.7872
FDM52,Frozen Foods,Low Fat,15.1,0.025988508,146.6076,OUT035,2004,Small,Tier 2,Ahmedabad,2364.9216
FDY55,Fruits and Vegetables,Low Fat,16.75,0.081304829,258.4988,OUT035,2004,Small,Tier 2,Ahmedabad,4111.9808
NCV17,Health and Hygiene,Low Fat,18.85,0.016104504,130.2626,OUT035,2004,Small,Tier 2,Ahmedabad,2360.9268
FDI45,Fruits and Vegetables,Low Fat,13.1,0.037574137,174.2054,OUT035,2004,Small,Tier 2,Ahmedabad,3677.2134
NCR54,Household,Low Fat,16.35,0.0,198.211,OUT035,2004,Small,Tier 2,Ahmedabad,2946.165
DRK11,Hard Drinks,Low Fat,8.21,0.010762387,149.5392,OUT035,2004,Small,Tier 2,Ahmedabad,1789.6704
FDU38,Dairy,Low Fat,10.8,0.082534287,191.1504,OUT035,2004,Small,Tier 2,Ahmedabad,4410.2592
FDW35,Breads,Low Fat,10.6,0.011087128,41.4454,OUT035,2004,Small,Tier 2,Ahmedabad,1468.089
FDO58,Snack Foods,Low Fat,19.6,0.039569689,165.9526,OUT035,2004,Small,Tier 2,Ahmedabad,2631.2416
FDT40,Frozen Foods,Low Fat,5.985,0.0,125.2678,OUT035,2004,Small,Tier 2,Ahmedabad,1017.3424
FDH09,Seafood,Low Fat,12.6,0.05606697,50.7982,OUT035,2004,Small,Tier 2,Ahmedabad,473.3838
FDP25,Canned,Low Fat,15.2,0.021203509,216.3824,OUT035,2004,Small,Tier 2,Ahmedabad,6114.7072
NCH43,Household,Low Fat,8.42,0.070555571,216.0192,OUT035,2004,Small,Tier 2,Ahmedabad,2372.9112
NCX29,Health and Hygiene,Low Fat,10.0,0.089135671,146.9102,OUT035,2004,Small,Tier 2,Ahmedabad,3207.8244
FDJ50,Canned,Low Fat,8.645,0.021581922,53.3982,OUT035,2004,Small,Tier 2,Ahmedabad,1209.7586
NCC55,Household,Low Fat,10.695,0.06375108,36.7848,OUT035,2004,Small,Tier 2,Ahmedabad,782.9808
FDK44,Fruits and Vegetables,Low Fat,16.6,0.122204371,173.5738,OUT035,2004,Small,Tier 2,Ahmedabad,1911.5118
FDA20,Fruits and Vegetables,Low Fat,6.78,0.066608487,184.624,OUT035,2004,Small,Tier 2,Ahmedabad,5406.296
FDE46,Snack Foods,Low Fat,18.6,0.015766712,152.9366,OUT035,2004,Small,Tier 2,Ahmedabad,1662.5026
DRM35,Hard Drinks,Low Fat,9.695,0.070431235,177.5344,OUT035,2004,Small,Tier 2,Ahmedabad,3033.3848
FDZ60,Baking Goods,Low Fat,20.5,0.119339241,106.0596,OUT035,2004,Small,Tier 2,Ahmedabad,970.7364
FDX43,Fruits and Vegetables,Low Fat,5.655,0.085258864,165.85,OUT035,2004,Small,Tier 2,Ahmedabad,1830.95
NCI54,Household,Low Fat,15.2,0.033592687,108.1912,OUT035,2004,Small,Tier 2,Ahmedabad,1856.2504
NCU05,Health and Hygiene,Low Fat,11.8,0.058725131,82.3618,OUT035,2004,Small,Tier 2,Ahmedabad,1208.427
DRL47,Hard Drinks,Low Fat,19.7,0.038729457,127.3362,OUT035,2004,Small,Tier 2,Ahmedabad,755.0172
FDW01,Canned,Low Fat,14.5,0.064048405,153.4682,OUT035,2004,Small,Tier 2,Ahmedabad,1677.1502
FDY45,Snack Foods,Low Fat,17.5,0.0,253.0356,OUT035,2004,Small,Tier 2,Ahmedabad,4578.0408
FDZ52,Frozen Foods,Low Fat,19.2,0.100055601,112.4886,OUT035,2004,Small,Tier 2,Ahmedabad,1223.0746
NCG42,Household,Low Fat,19.2,0.041220035,131.231,OUT035,2004,Small,Tier 2,Ahmedabad,3635.268
FDR35,Breads,Low Fat,12.5,0.020693809,199.1742,OUT035,2004,Small,Tier 2,Ahmedabad,4379.6324
FDT45,Snack Foods,Low Fat,15.85,0.057302606,53.3956,OUT035,2004,Small,Tier 2,Ahmedabad,600.5516
DRE49,Soft Drinks,Low Fat,20.75,0.0,153.0024,OUT035,2004,Small,Tier 2,Ahmedabad,2428.8384
FDA31,Fruits and Vegetables,Low Fat,7.1,0.109990885,172.908,OUT035,2004,Small,Tier 2,Ahmedabad,2769.728
FDT03,Meat,Low Fat,21.25,0.009996872,185.5608,OUT035,2004,Small,Tier 2,Ahmedabad,3123.9336
NCF07,Household,Low Fat,9.0,0.03201648,99.6016,OUT035,2004,Small,Tier 2,Ahmedabad,1922.8304
FDQ33,Snack Foods,Low Fat,13.35,0.091189915,149.3708,OUT035,2004,Small,Tier 2,Ahmedabad,4514.124
DRG37,Soft Drinks,Low Fat,16.2,0.019374768,155.8972,OUT035,2004,Small,Tier 2,Ahmedabad,2025.3636
FDP60,Baking Goods,Low Fat,17.35,0.055908268,99.8016,OUT035,2004,Small,Tier 2,Ahmedabad,607.2096
FDW28,Frozen Foods,Low Fat,18.25,0.088807455,197.3452,OUT035,2004,Small,Tier 2,Ahmedabad,2740.4328
FDQ12,Baking Goods,Low Fat,12.65,0.035404052,230.601,OUT035,2004,Small,Tier 2,Ahmedabad,2067.309
FDR60,Baking Goods,Low Fat,14.3,0.130390458,77.2328,OUT035,2004,Small,Tier 2,Ahmedabad,231.6984
FDR10,Snack Foods,Low Fat,17.6,0.010037996,163.5552,OUT035,2004,Small,Tier 2,Ahmedabad,3086.6488
FDC02,Canned,Low Fat,21.35,0.068809463,258.5278,OUT035,2004,Small,Tier 2,Ahmedabad,5206.556
FDW34,Snack Foods,Low Fat,9.6,0.0,244.817,OUT035,2004,Small,Tier 2,Ahmedabad,4374.306
FDF35,Starchy Foods,Low Fat,15.0,0.153960209,105.9938,OUT035,2004,Small,Tier 2,Ahmedabad,1179.1318
DRL35,Hard Drinks,Low Fat,15.7,0.030697825,42.877,OUT035,2004,Small,Tier 2,Ahmedabad,1168.479
NCQ06,Household,Low Fat,13.0,0.041816615,254.5014,OUT035,2004,Small,Tier 2,Ahmedabad,4845.0266
FDU14,Dairy,Low Fat,17.75,0.034746076,248.275,OUT035,2004,Small,Tier 2,Ahmedabad,998.7
FDL43,Meat,Low Fat,10.1,0.027059264,76.467,OUT035,2004,Small,Tier 2,Ahmedabad,1761.041
FDJ53,Frozen Foods,Low Fat,10.5,0.071244438,119.2098,OUT035,2004,Small,Tier 2,Ahmedabad,1325.6078
NCQ02,Household,Low Fat,12.6,0.007455054,186.9556,OUT035,2004,Small,Tier 2,Ahmedabad,3942.8676
NCO02,Others,Low Fat,11.15,0.073354286,66.8142,OUT035,2004,Small,Tier 2,Ahmedabad,2372.9112
NCL05,Health and Hygiene,Low Fat,19.6,0.047888606,42.277,OUT035,2004,Small,Tier 2,Ahmedabad,605.878
FDK45,Seafood,Low Fat,11.65,0.033851785,112.186,OUT035,2004,Small,Tier 2,Ahmedabad,1018.674
FDQ09,Snack Foods,Low Fat,7.235,0.058121214,115.8834,OUT035,2004,Small,Tier 2,Ahmedabad,1382.2008
FDC17,Frozen Foods,Low Fat,12.15,0.015457803,209.9928,OUT035,2004,Small,Tier 2,Ahmedabad,5259.82
FDK56,Fruits and Vegetables,Low Fat,9.695,0.0,185.1898,OUT035,2004,Small,Tier 2,Ahmedabad,2619.2572
FDH41,Frozen Foods,Low Fat,9.0,0.081996013,216.2534,OUT035,2004,Small,Tier 2,Ahmedabad,4301.068
FDJ48,Baking Goods,Low Fat,11.3,0.056424146,247.8118,OUT035,2004,Small,Tier 2,Ahmedabad,2223.1062
FDU22,Snack Foods,Low Fat,12.35,0.093278912,118.7124,OUT035,2004,Small,Tier 2,Ahmedabad,2607.2728
FDQ57,Snack Foods,Low Fat,7.275,0.027942357,145.076,OUT035,2004,Small,Tier 2,Ahmedabad,1611.236
FDQ16,Frozen Foods,Low Fat,19.7,0.041730507,109.2912,OUT035,2004,Small,Tier 2,Ahmedabad,2402.2064
FDA15,Dairy,Low Fat,9.3,0.01601936,248.5092,OUT035,2004,Small,Tier 2,Ahmedabad,6474.2392
DRH25,Soft Drinks,Low Fat,18.7,0.0,52.2324,OUT035,2004,Small,Tier 2,Ahmedabad,467.3916
FDU32,Fruits and Vegetables,Low Fat,8.785,0.025962714,120.9414,OUT035,2004,Small,Tier 2,Ahmedabad,1949.4624
FDX40,Frozen Foods,Low Fat,12.85,0.0,38.3164,OUT035,2004,Small,Tier 2,Ahmedabad,502.0132
NCF43,Household,Low Fat,8.51,0.051936086,142.947,OUT035,2004,Small,Tier 2,Ahmedabad,3006.087
FDW24,Baking Goods,Low Fat,6.8,0.03748996,48.6034,OUT035,2004,Small,Tier 2,Ahmedabad,291.6204
FDN10,Snack Foods,Low Fat,11.5,0.046115083,120.2124,OUT035,2004,Small,Tier 2,Ahmedabad,1540.6612
NCL17,Health and Hygiene,Low Fat,7.39,0.067766896,140.6812,OUT035,2004,Small,Tier 2,Ahmedabad,3704.5112
NCE30,Household,Low Fat,16.0,0.09911729,210.7902,OUT035,2004,Small,Tier 2,Ahmedabad,4460.1942
FDB32,Fruits and Vegetables,Low Fat,20.6,0.023448504,93.9778,OUT035,2004,Small,Tier 2,Ahmedabad,2816.334
FDU11,Breads,Low Fat,4.785,0.092576144,121.0098,OUT035,2004,Small,Tier 2,Ahmedabad,2530.7058
FDL10,Snack Foods,Low Fat,8.395,0.039484739,97.9042,OUT035,2004,Small,Tier 2,Ahmedabad,1686.4714
NCV06,Household,Low Fat,11.3,0.066668724,192.4478,OUT035,2004,Small,Tier 2,Ahmedabad,2712.4692
NCV54,Household,Low Fat,11.1,0.033102681,116.6124,OUT035,2004,Small,Tier 2,Ahmedabad,1540.6612
NCP18,Household,Low Fat,12.15,0.028592842,151.0708,OUT035,2004,Small,Tier 2,Ahmedabad,2858.9452
DRJ01,Soft Drinks,Low Fat,6.135,0.115010655,161.5236,OUT035,2004,Small,Tier 2,Ahmedabad,1288.9888
FDD14,Canned,Low Fat,20.7,0.169776346,184.4266,OUT035,2004,Small,Tier 2,Ahmedabad,3688.532
DRH37,Soft Drinks,Low Fat,17.6,0.041608488,165.4526,OUT035,2004,Small,Tier 2,Ahmedabad,1644.526
NCB43,Household,Low Fat,20.2,0.099893424,187.6898,OUT035,2004,Small,Tier 2,Ahmedabad,3928.8858
FDD35,Starchy Foods,Low Fat,12.15,0.0,119.244,OUT035,2004,Small,Tier 2,Ahmedabad,2636.568
NCC19,Household,Low Fat,6.57,0.096862255,193.982,OUT035,2004,Small,Tier 2,Ahmedabad,2316.984
FDK41,Frozen Foods,Low Fat,14.3,0.127517605,86.0224,OUT035,2004,Small,Tier 2,Ahmedabad,1022.6688
NCO29,Health and Hygiene,Low Fat,11.15,0.032250092,164.0526,OUT035,2004,Small,Tier 2,Ahmedabad,4769.1254
DRE03,Dairy,Low Fat,19.6,0.024222321,45.5718,OUT035,2004,Small,Tier 2,Ahmedabad,945.436
DRM47,Hard Drinks,Low Fat,9.3,0.043777415,192.9846,OUT035,2004,Small,Tier 2,Ahmedabad,6114.7072
NCA29,Household,Low Fat,10.5,0.027271252,171.6106,OUT035,2004,Small,Tier 2,Ahmedabad,2566.659
FDD16,Frozen Foods,Low Fat,20.5,0.036346224,72.9696,OUT035,2004,Small,Tier 2,Ahmedabad,596.5568
FDP07,Fruits and Vegetables,Low Fat,18.2,0.089884775,195.111,OUT035,2004,Small,Tier 2,Ahmedabad,3731.809
FDI14,Canned,Low Fat,14.1,0.089660816,140.0496,OUT035,2004,Small,Tier 2,Ahmedabad,1411.496
FDI19,Meat,Low Fat,15.1,0.052329172,243.1512,OUT035,2004,Small,Tier 2,Ahmedabad,4604.6728
NCB18,Household,Low Fat,19.6,0.041283361,87.0514,OUT035,2004,Small,Tier 2,Ahmedabad,2125.2336
FDX26,Dairy,Low Fat,17.7,0.087791917,180.6292,OUT035,2004,Small,Tier 2,Ahmedabad,3101.2964
NCR29,Health and Hygiene,Low Fat,7.565,0.054630544,57.393,OUT035,2004,Small,Tier 2,Ahmedabad,735.709
DRD25,Soft Drinks,Low Fat,6.135,0.078957122,111.986,OUT035,2004,Small,Tier 2,Ahmedabad,1697.79
DRG13,Soft Drinks,Low Fat,17.25,0.03717912,162.5526,OUT035,2004,Small,Tier 2,Ahmedabad,5920.2936
DRH36,Soft Drinks,Low Fat,16.2,0.033373748,74.0696,OUT035,2004,Small,Tier 2,Ahmedabad,894.8352
FDC38,Canned,Low Fat,15.7,0.122470805,131.7942,OUT035,2004,Small,Tier 2,Ahmedabad,1987.413
FDF22,Snack Foods,Low Fat,6.865,0.056819936,212.6218,OUT035,2004,Small,Tier 2,Ahmedabad,2137.218
FDX25,Canned,Low Fat,16.7,0.10203648,180.9292,OUT035,2004,Small,Tier 2,Ahmedabad,2736.438
FDB60,Baking Goods,Low Fat,9.3,0.028516696,194.6136,OUT035,2004,Small,Tier 2,Ahmedabad,3110.6176
FDA33,Snack Foods,Low Fat,6.48,0.033893487,147.0076,OUT035,2004,Small,Tier 2,Ahmedabad,3103.9596
FDX23,Baking Goods,Low Fat,6.445,0.029686148,96.4436,OUT035,2004,Small,Tier 2,Ahmedabad,378.1744
DRH03,Dairy,Low Fat,17.25,0.035057688,91.612,OUT035,2004,Small,Tier 2,Ahmedabad,279.636
DRE12,Soft Drinks,Low Fat,4.59,0.070767174,111.986,OUT035,2004,Small,Tier 2,Ahmedabad,792.302
FDU34,Snack Foods,Low Fat,18.25,0.07518071,126.2046,OUT035,2004,Small,Tier 2,Ahmedabad,1618.5598
DRF25,Soft Drinks,Low Fat,9.0,0.038917891,35.919,OUT035,2004,Small,Tier 2,Ahmedabad,1171.808
NCP43,Others,Low Fat,17.75,0.030501281,180.566,OUT035,2004,Small,Tier 2,Ahmedabad,3415.554
FDO25,Canned,Low Fat,6.3,0.127424932,208.127,OUT035,2004,Small,Tier 2,Ahmedabad,2306.997
FDR43,Fruits and Vegetables,Low Fat,18.2,0.161458973,37.819,OUT035,2004,Small,Tier 2,Ahmedabad,256.333
FDL46,Snack Foods,Low Fat,20.35,0.054046706,119.5466,OUT035,2004,Small,Tier 2,Ahmedabad,353.5398
FDU13,Canned,Low Fat,8.355,0.187523164,146.2418,OUT035,2004,Small,Tier 2,Ahmedabad,4414.254
FDT37,Canned,Low Fat,14.15,0.035263498,254.8014,OUT035,2004,Small,Tier 2,Ahmedabad,2040.0112
FDZ34,Starchy Foods,Low Fat,6.695,0.075864171,192.082,OUT035,2004,Small,Tier 2,Ahmedabad,6757.87
NCZ30,Household,Low Fat,6.59,0.026180032,120.7098,OUT035,2004,Small,Tier 2,Ahmedabad,2530.7058
FDX28,Frozen Foods,Low Fat,6.325,0.125154452,99.2042,OUT035,2004,Small,Tier 2,Ahmedabad,1388.8588
FDK14,Canned,Low Fat,6.98,0.041098016,81.6934,OUT035,2004,Small,Tier 2,Ahmedabad,818.934
NCR53,Health and Hygiene,Low Fat,12.15,0.145013434,225.0404,OUT035,2004,Small,Tier 2,Ahmedabad,4950.8888
NCP55,Others,Low Fat,14.65,0.0,53.8614,OUT035,2004,Small,Tier 2,Ahmedabad,1105.228
FDK33,Snack Foods,Low Fat,17.85,0.011233126,211.556,OUT035,2004,Small,Tier 2,Ahmedabad,5752.512
FDQ39,Meat,Low Fat,14.8,0.081026811,190.0846,OUT035,2004,Small,Tier 2,Ahmedabad,4586.0304
DRP35,Hard Drinks,Low Fat,18.85,0.090850115,126.6336,OUT035,2004,Small,Tier 2,Ahmedabad,1150.5024
DRD15,Dairy,Low Fat,10.6,0.056785183,231.9642,OUT035,2004,Small,Tier 2,Ahmedabad,2091.2778
NCY30,Household,Low Fat,20.25,0.02594835,180.0976,OUT035,2004,Small,Tier 2,Ahmedabad,3440.8544
NCM54,Household,Low Fat,17.7,0.050929429,129.1678,OUT035,2004,Small,Tier 2,Ahmedabad,1780.3492
FDE47,Starchy Foods,Low Fat,14.15,0.037901581,126.3046,OUT035,2004,Small,Tier 2,Ahmedabad,2614.5966
FDX37,Canned,Low Fat,16.2,0.063017421,100.37,OUT035,2004,Small,Tier 2,Ahmedabad,998.7
FDR08,Fruits and Vegetables,Low Fat,18.7,0.03761584,109.1886,OUT035,2004,Small,Tier 2,Ahmedabad,1890.2062
FDJ22,Snack Foods,Low Fat,18.75,0.052800258,193.2504,OUT035,2004,Small,Tier 2,Ahmedabad,2684.5056
FDT28,Frozen Foods,Low Fat,13.3,0.06355415,149.4708,OUT035,2004,Small,Tier 2,Ahmedabad,1354.2372
FDM03,Meat,Low Fat,12.65,0.123007534,106.0938,OUT035,2004,Small,Tier 2,Ahmedabad,2679.845
FDP27,Meat,Low Fat,8.155,0.119428052,190.853,OUT035,2004,Small,Tier 2,Ahmedabad,2466.789
FDK55,Meat,Low Fat,18.5,0.025756826,87.2172,OUT035,2004,Small,Tier 2,Ahmedabad,802.9548
FDO57,Snack Foods,Low Fat,20.75,0.108689606,159.3578,OUT035,2004,Small,Tier 2,Ahmedabad,4492.8184
FDZ44,Fruits and Vegetables,Low Fat,8.185,0.038721734,115.8808,OUT035,2004,Small,Tier 2,Ahmedabad,1523.3504
NCY41,Health and Hygiene,Low Fat,16.75,0.075721301,34.3532,OUT035,2004,Small,Tier 2,Ahmedabad,1042.6428
NCR38,Household,Low Fat,17.25,0.113497001,253.4724,OUT035,2004,Small,Tier 2,Ahmedabad,755.0172
FDY13,Canned,Low Fat,12.1,0.030121709,78.067,OUT035,2004,Small,Tier 2,Ahmedabad,2220.443
NCI42,Household,Low Fat,18.75,0.010363586,207.1954,OUT035,2004,Small,Tier 2,Ahmedabad,1667.1632
FDF50,Canned,Low Fat,4.905,0.117308165,195.7768,OUT035,2004,Small,Tier 2,Ahmedabad,2956.152
FDH21,Seafood,Low Fat,10.395,0.031219108,156.9604,OUT035,2004,Small,Tier 2,Ahmedabad,4595.3516
NCY54,Household,Low Fat,8.43,0.177661246,170.5422,OUT035,2004,Small,Tier 2,Ahmedabad,3621.2862
DRL23,Hard Drinks,Low Fat,18.35,0.015301418,105.2938,OUT035,2004,Small,Tier 2,Ahmedabad,2036.6822
NCI31,Others,Low Fat,20.0,0.08131178,37.819,OUT035,2004,Small,Tier 2,Ahmedabad,439.428
FDL56,Fruits and Vegetables,Low Fat,14.1,0.125756824,87.1198,OUT035,2004,Small,Tier 2,Ahmedabad,2529.3742
FDW36,Baking Goods,Low Fat,11.15,0.056921876,107.1622,OUT035,2004,Small,Tier 2,Ahmedabad,423.4488
FDT25,Canned,Low Fat,7.5,0.05074138,123.2072,OUT035,2004,Small,Tier 2,Ahmedabad,1837.608
NCH29,Health and Hygiene,Low Fat,5.51,0.034467286,96.7726,OUT035,2004,Small,Tier 2,Ahmedabad,2642.5602
FDH10,Snack Foods,Low Fat,21.0,0.049295686,194.4478,OUT035,2004,Small,Tier 2,Ahmedabad,968.739
FDL22,Snack Foods,Low Fat,16.85,0.036383293,91.0488,OUT035,2004,Small,Tier 2,Ahmedabad,1086.5856
FDS37,Canned,Low Fat,7.655,0.031938828,114.1492,OUT035,2004,Small,Tier 2,Ahmedabad,1158.492
FDY48,Baking Goods,Low Fat,14.0,0.023730384,104.3332,OUT035,2004,Small,Tier 2,Ahmedabad,1435.4648
FDG32,Fruits and Vegetables,Low Fat,19.85,0.175962247,223.0772,OUT035,2004,Small,Tier 2,Ahmedabad,1779.0176
DRI03,Dairy,Low Fat,6.03,0.0226994,176.4028,OUT035,2004,Small,Tier 2,Ahmedabad,4250.4672
NCG07,Household,Low Fat,12.3,0.052492122,191.053,OUT035,2004,Small,Tier 2,Ahmedabad,3415.554
NCH54,Household,Low Fat,13.5,0.072655379,157.792,OUT035,2004,Small,Tier 2,Ahmedabad,3994.8
FDV59,Breads,Low Fat,13.35,0.048017962,219.6166,OUT035,2004,Small,Tier 2,Ahmedabad,3483.4656
FDP34,Snack Foods,Low Fat,12.85,0.0,155.463,OUT035,2004,Small,Tier 2,Ahmedabad,4068.038
NCJ06,Household,Low Fat,20.1,0.034646067,120.6782,OUT035,2004,Small,Tier 2,Ahmedabad,1310.9602
FDF05,Frozen Foods,Low Fat,17.5,0.026865809,261.691,OUT035,2004,Small,Tier 2,Ahmedabad,4207.856
FDL20,Fruits and Vegetables,Low Fat,17.1,0.128390273,111.9886,OUT035,2004,Small,Tier 2,Ahmedabad,1445.4518
NCR05,Health and Hygiene,Low Fat,10.1,0.054620504,197.5084,OUT035,2004,Small,Tier 2,Ahmedabad,2976.126
FDR49,Canned,Low Fat,8.71,0.139202085,46.1376,OUT035,2004,Small,Tier 2,Ahmedabad,383.5008
FDG29,Frozen Foods,Low Fat,17.6,0.056281276,40.3454,OUT035,2004,Small,Tier 2,Ahmedabad,796.9626
NCW06,Household,Low Fat,16.2,0.0,190.8162,OUT035,2004,Small,Tier 2,Ahmedabad,3271.0754
DRL59,Hard Drinks,Low Fat,16.75,0.021220113,55.1298,OUT035,2004,Small,Tier 2,Ahmedabad,1240.3854
DRJ24,Soft Drinks,Low Fat,11.8,0.113307794,187.0924,OUT035,2004,Small,Tier 2,Ahmedabad,1850.924
FDV38,Dairy,Low Fat,19.25,0.1017546,55.1956,OUT035,2004,Small,Tier 2,Ahmedabad,491.3604
FDL33,Snack Foods,Low Fat,7.235,0.0,197.2452,OUT035,2004,Small,Tier 2,Ahmedabad,2348.9424
FDT02,Dairy,Low Fat,12.6,0.024190156,34.4874,OUT035,2004,Small,Tier 2,Ahmedabad,494.0236
NCK19,Others,Low Fat,9.8,0.090448534,194.5478,OUT035,2004,Small,Tier 2,Ahmedabad,774.9912
NCW18,Household,Low Fat,15.1,0.059313603,238.1248,OUT035,2004,Small,Tier 2,Ahmedabad,4266.4464
FDM13,Breakfast,Low Fat,6.425,0.06316338,132.2626,OUT035,2004,Small,Tier 2,Ahmedabad,2098.6016
FDN45,Snack Foods,Low Fat,19.35,0.118080437,222.6088,OUT035,2004,Small,Tier 2,Ahmedabad,6040.1376
FDK22,Snack Foods,Low Fat,9.8,0.026081567,217.585,OUT035,2004,Small,Tier 2,Ahmedabad,4327.7
NCL29,Health and Hygiene,Low Fat,9.695,0.113917889,158.2604,OUT035,2004,Small,Tier 2,Ahmedabad,2693.8268
FDR09,Snack Foods,Low Fat,18.25,0.077709902,259.6962,OUT035,2004,Small,Tier 2,Ahmedabad,5438.9202
FDO34,Snack Foods,Low Fat,17.7,0.029933275,169.0816,OUT035,2004,Small,Tier 2,Ahmedabad,5201.2296
FDX24,Baking Goods,Low Fat,8.355,0.013926425,93.0462,OUT035,2004,Small,Tier 2,Ahmedabad,1110.5544
FDV49,Canned,Low Fat,10.0,0.025822315,262.7226,OUT035,2004,Small,Tier 2,Ahmedabad,3171.8712
FDU40,Frozen Foods,Low Fat,20.85,0.037396901,193.8478,OUT035,2004,Small,Tier 2,Ahmedabad,2712.4692
NCU30,Household,Low Fat,5.11,0.034868095,163.821,OUT035,2004,Small,Tier 2,Ahmedabad,2120.573
DRD12,Soft Drinks,Low Fat,6.96,0.077178965,93.1146,OUT035,2004,Small,Tier 2,Ahmedabad,2189.1504
FDT04,Frozen Foods,Low Fat,17.25,0.107021498,40.5822,OUT035,2004,Small,Tier 2,Ahmedabad,785.644
NCL53,Health and Hygiene,Low Fat,7.5,0.036228067,175.2028,OUT035,2004,Small,Tier 2,Ahmedabad,4427.57
NCK05,Health and Hygiene,Low Fat,20.1,0.077439606,60.6536,OUT035,2004,Small,Tier 2,Ahmedabad,980.0576
FDX20,Fruits and Vegetables,Low Fat,7.365,0.042552205,225.172,OUT035,2004,Small,Tier 2,Ahmedabad,3395.58
FDO24,Baking Goods,Low Fat,11.1,0.176182345,158.1604,OUT035,2004,Small,Tier 2,Ahmedabad,1901.5248
FDS47,Breads,Low Fat,16.75,0.128861359,86.2856,OUT035,2004,Small,Tier 2,Ahmedabad,1406.1696
FDW48,Baking Goods,Low Fat,18.0,0.008539208,81.2618,OUT035,2004,Small,Tier 2,Ahmedabad,402.809
DRO47,Hard Drinks,Low Fat,10.195,0.112203445,111.786,OUT035,2004,Small,Tier 2,Ahmedabad,1697.79
FDB53,Frozen Foods,Low Fat,13.35,0.139426044,148.3392,OUT035,2004,Small,Tier 2,Ahmedabad,3877.6192
FDX01,Canned,Low Fat,10.1,0.024159767,114.715,OUT035,2004,Small,Tier 2,Ahmedabad,815.605
FDC45,Fruits and Vegetables,Low Fat,17.0,0.135707553,172.5106,OUT035,2004,Small,Tier 2,Ahmedabad,2053.3272
FDS48,Baking Goods,Low Fat,15.15,0.027774002,152.3708,OUT035,2004,Small,Tier 2,Ahmedabad,3159.8868
FDJ09,Snack Foods,Low Fat,15.0,0.0,47.2744,OUT035,2004,Small,Tier 2,Ahmedabad,679.116
FDW23,Baking Goods,Low Fat,5.765,0.081996785,40.1164,OUT035,2004,Small,Tier 2,Ahmedabad,540.6296
NCA05,Health and Hygiene,Low Fat,20.75,0.02512588,150.4734,OUT035,2004,Small,Tier 2,Ahmedabad,890.8404
FDK50,Canned,Low Fat,7.96,0.028357839,163.2894,OUT035,2004,Small,Tier 2,Ahmedabad,4530.1032
NCC18,Household,Low Fat,19.1,0.177236497,172.3422,OUT035,2004,Small,Tier 2,Ahmedabad,2586.633
NCN19,Others,Low Fat,13.1,0.01209726,188.853,OUT035,2004,Small,Tier 2,Ahmedabad,3225.801
FDF09,Fruits and Vegetables,Low Fat,6.215,0.012146608,37.9848,OUT035,2004,Small,Tier 2,Ahmedabad,782.9808
FDA50,Dairy,Low Fat,16.25,0.087158654,95.141,OUT035,2004,Small,Tier 2,Ahmedabad,2220.443
FDV58,Snack Foods,Low Fat,20.85,0.121227447,197.5452,OUT035,2004,Small,Tier 2,Ahmedabad,4306.3944
FDL04,Frozen Foods,Low Fat,19.0,0.111902259,105.4622,OUT035,2004,Small,Tier 2,Ahmedabad,1905.5196
FDW20,Fruits and Vegetables,Low Fat,20.75,0.024144862,123.373,OUT035,2004,Small,Tier 2,Ahmedabad,2093.941
FDE45,Fruits and Vegetables,Low Fat,12.1,0.0,177.3002,OUT035,2004,Small,Tier 2,Ahmedabad,3044.7034
NCQ38,Others,Low Fat,16.35,0.013363902,106.128,OUT035,2004,Small,Tier 2,Ahmedabad,1917.504
NCO41,Health and Hygiene,Low Fat,12.5,0.018845298,96.7384,OUT035,2004,Small,Tier 2,Ahmedabad,2759.0752
FDM21,Snack Foods,Low Fat,20.2,0.064351908,259.4646,OUT035,2004,Small,Tier 2,Ahmedabad,2061.3168
FDU23,Breads,Low Fat,12.15,0.021719387,163.1184,OUT035,2004,Small,Tier 2,Ahmedabad,3467.4864
FDK09,Snack Foods,Low Fat,15.2,0.091745951,229.0352,OUT035,2004,Small,Tier 2,Ahmedabad,2290.352
FDC20,Fruits and Vegetables,Low Fat,10.65,0.0,57.1272,OUT035,2004,Small,Tier 2,Ahmedabad,279.636
FDV09,Snack Foods,Low Fat,12.1,0.020564685,148.2734,OUT035,2004,Small,Tier 2,Ahmedabad,3266.4148
NCT42,Household,Low Fat,5.88,0.024882614,149.4392,OUT035,2004,Small,Tier 2,Ahmedabad,1640.5312
FDJ41,Frozen Foods,Low Fat,6.85,0.022878953,262.3594,OUT035,2004,Small,Tier 2,Ahmedabad,3924.891
FDV35,Breads,Low Fat,19.5,0.128181759,156.1314,OUT035,2004,Small,Tier 2,Ahmedabad,2792.3652
FDY14,Dairy,Low Fat,10.3,0.070026951,263.6226,OUT035,2004,Small,Tier 2,Ahmedabad,6608.065
FDC48,Baking Goods,Low Fat,9.195,0.015856295,81.6592,OUT035,2004,Small,Tier 2,Ahmedabad,1403.5064
DRF27,Dairy,Low Fat,8.93,0.028411899,152.334,OUT035,2004,Small,Tier 2,Ahmedabad,2143.876
FDD29,Frozen Foods,Low Fat,12.15,0.018407033,254.7698,OUT035,2004,Small,Tier 2,Ahmedabad,5834.4054
NCN17,Health and Hygiene,Low Fat,11.0,0.054928641,101.7358,OUT035,2004,Small,Tier 2,Ahmedabad,1508.037
NCN05,Health and Hygiene,Low Fat,8.235,0.014456938,184.795,OUT035,2004,Small,Tier 2,Ahmedabad,1464.76
FDK24,Baking Goods,Low Fat,9.195,0.101275792,46.4744,OUT035,2004,Small,Tier 2,Ahmedabad,950.7624
FDZ09,Snack Foods,Low Fat,17.6,0.104859135,161.8868,OUT035,2004,Small,Tier 2,Ahmedabad,4094.67
FDD03,Dairy,Low Fat,13.3,0.079791176,232.73,OUT035,2004,Small,Tier 2,Ahmedabad,2796.36
FDU07,Fruits and Vegetables,Low Fat,11.1,0.059835659,151.3366,OUT035,2004,Small,Tier 2,Ahmedabad,3022.732
NCU42,Household,Low Fat,9.0,0.019502965,169.4474,OUT035,2004,Small,Tier 2,Ahmedabad,4211.185
FDG57,Fruits and Vegetables,Low Fat,14.7,0.072284689,49.8034,OUT035,2004,Small,Tier 2,Ahmedabad,631.8442
NCZ41,Health and Hygiene,Low Fat,19.85,0.064409056,126.7704,OUT035,2004,Small,Tier 2,Ahmedabad,1752.3856
NCD18,Household,Low Fat,16.0,0.072655379,229.8668,OUT035,2004,Small,Tier 2,Ahmedabad,4837.7028
FDT46,Snack Foods,Low Fat,11.35,0.0,52.4008,OUT035,2004,Small,Tier 2,Ahmedabad,809.6128
FDA13,Canned,Low Fat,15.85,0.078540095,36.3506,OUT035,2004,Small,Tier 2,Ahmedabad,607.2096
FDA58,Snack Foods,Low Fat,9.395,0.103731617,236.9932,OUT035,2004,Small,Tier 2,Ahmedabad,4242.4776
FDN57,Snack Foods,Low Fat,18.25,0.054223942,142.0154,OUT035,2004,Small,Tier 2,Ahmedabad,2127.231
FDN40,Frozen Foods,Low Fat,5.88,0.08644044,155.3998,OUT035,2004,Small,Tier 2,Ahmedabad,2153.1972
NCO14,Household,Low Fat,9.6,0.029638267,42.6086,OUT035,2004,Small,Tier 2,Ahmedabad,133.8258
NCP30,Household,Low Fat,20.5,0.032762495,40.0822,OUT035,2004,Small,Tier 2,Ahmedabad,1257.0304
FDD08,Fruits and Vegetables,Low Fat,8.3,0.035347676,38.0506,OUT035,2004,Small,Tier 2,Ahmedabad,531.3084
FDN21,Snack Foods,Low Fat,18.6,0.076841095,162.2236,OUT035,2004,Small,Tier 2,Ahmedabad,2900.2248
FDD57,Fruits and Vegetables,Low Fat,18.1,0.022395357,96.5094,OUT035,2004,Small,Tier 2,Ahmedabad,1332.9316
NCV18,Household,Low Fat,6.775,0.105225964,84.225,OUT035,2004,Small,Tier 2,Ahmedabad,3162.55
FDV14,Dairy,Low Fat,19.85,0.044489064,89.4856,OUT035,2004,Small,Tier 2,Ahmedabad,1054.6272
FDG44,Fruits and Vegetables,Low Fat,6.13,0.102171627,53.8298,OUT035,2004,Small,Tier 2,Ahmedabad,1024.6662
FDG24,Baking Goods,Low Fat,7.975,0.014628382,82.325,OUT035,2004,Small,Tier 2,Ahmedabad,1331.6
FDE44,Fruits and Vegetables,Low Fat,14.65,0.171355643,47.6692,OUT035,2004,Small,Tier 2,Ahmedabad,739.038
FDH33,Snack Foods,Low Fat,12.85,0.121702394,42.7428,OUT035,2004,Small,Tier 2,Ahmedabad,703.0848
FDA46,Snack Foods,Low Fat,13.6,0.117613212,194.2136,OUT035,2004,Small,Tier 2,Ahmedabad,2527.3768
NCH42,Household,Low Fat,6.86,0.036530411,227.801,OUT035,2004,Small,Tier 2,Ahmedabad,3904.917
DRM37,Soft Drinks,Low Fat,15.35,0.096379585,196.5768,OUT035,2004,Small,Tier 2,Ahmedabad,4729.8432
FDW49,Canned,Low Fat,19.5,0.082536604,177.2002,OUT035,2004,Small,Tier 2,Ahmedabad,2149.2024
FDC46,Snack Foods,Low Fat,17.7,0.116520447,186.0266,OUT035,2004,Small,Tier 2,Ahmedabad,2950.8256
NCW41,Health and Hygiene,Low Fat,18.0,0.015447454,159.2604,OUT035,2004,Small,Tier 2,Ahmedabad,3961.51
NCQ41,Health and Hygiene,Low Fat,14.8,0.019476708,193.0794,OUT035,2004,Small,Tier 2,Ahmedabad,3901.588
FDO44,Fruits and Vegetables,Low Fat,12.6,0.087436672,109.9228,OUT035,2004,Small,Tier 2,Ahmedabad,663.1368
FDJ45,Seafood,Low Fat,17.75,0.073396761,35.1216,OUT035,2004,Small,Tier 2,Ahmedabad,830.9184
DRG25,Soft Drinks,Low Fat,10.5,0.019046089,188.424,OUT035,2004,Small,Tier 2,Ahmedabad,2237.088
NCS29,Health and Hygiene,Low Fat,9.0,0.06953231,266.5884,OUT035,2004,Small,Tier 2,Ahmedabad,6624.71
FDG53,Frozen Foods,Low Fat,10.0,0.045848263,138.518,OUT035,2004,Small,Tier 2,Ahmedabad,2237.088
FDB51,Dairy,Low Fat,6.92,0.038446805,63.5852,OUT035,2004,Small,Tier 2,Ahmedabad,751.0224
FDN60,Baking Goods,Low Fat,15.1,0.095140088,159.9604,OUT035,2004,Small,Tier 2,Ahmedabad,2852.2872
FDD50,Canned,Low Fat,18.85,0.141615436,169.0132,OUT035,2004,Small,Tier 2,Ahmedabad,1860.2452
FDU04,Frozen Foods,Low Fat,7.93,0.005547386,121.5414,OUT035,2004,Small,Tier 2,Ahmedabad,1340.2554
NCT41,Health and Hygiene,Low Fat,15.7,0.055979703,151.9024,OUT035,2004,Small,Tier 2,Ahmedabad,1062.6168
DRE27,Dairy,Low Fat,11.85,0.132645493,96.9726,OUT035,2004,Small,Tier 2,Ahmedabad,1174.4712
FDJ46,Snack Foods,Low Fat,11.1,0.044814962,174.4054,OUT035,2004,Small,Tier 2,Ahmedabad,4027.4242
FDK16,Frozen Foods,Low Fat,9.065,0.115307979,97.0094,OUT035,2004,Small,Tier 2,Ahmedabad,856.8846
FDD34,Snack Foods,Low Fat,7.945,0.015873285,161.321,OUT035,2004,Small,Tier 2,Ahmedabad,2773.057
FDM10,Snack Foods,Low Fat,18.25,0.07595723,214.1218,OUT035,2004,Small,Tier 2,Ahmedabad,1282.3308
FDK15,Meat,Low Fat,10.8,0.098395216,100.8042,OUT035,2004,Small,Tier 2,Ahmedabad,1488.063
FDB27,Dairy,Low Fat,7.575,0.055379648,198.1768,OUT035,2004,Small,Tier 2,Ahmedabad,5321.0736
NCQ50,Household,Low Fat,18.75,0.0,213.3218,OUT035,2004,Small,Tier 2,Ahmedabad,3419.5488
NCL55,Others,Low Fat,12.15,0.06464846,253.404,OUT035,2004,Small,Tier 2,Ahmedabad,4807.076
FDI15,Dairy,Low Fat,13.8,0.141325834,265.0884,OUT035,2004,Small,Tier 2,Ahmedabad,8479.6288
FDC56,Fruits and Vegetables,Low Fat,7.72,0.121497742,119.744,OUT035,2004,Small,Tier 2,Ahmedabad,3355.632
NCR06,Household,Low Fat,12.5,0.00676387,40.8112,OUT035,2004,Small,Tier 2,Ahmedabad,553.9456
FDY59,Baking Goods,Low Fat,8.195,0.031397503,91.3462,OUT035,2004,Small,Tier 2,Ahmedabad,1388.193
FDN48,Baking Goods,Low Fat,13.35,0.064938448,90.0804,OUT035,2004,Small,Tier 2,Ahmedabad,1561.9668
FDT57,Snack Foods,Low Fat,15.2,0.019031184,235.5248,OUT035,2004,Small,Tier 2,Ahmedabad,4740.496
FDX58,Snack Foods,Low Fat,13.15,0.043755405,182.895,OUT035,2004,Small,Tier 2,Ahmedabad,3112.615
FDB09,Fruits and Vegetables,Low Fat,16.25,0.057385239,126.2046,OUT035,2004,Small,Tier 2,Ahmedabad,1369.5506
FDK27,Meat,Low Fat,11.0,0.008944844,122.3756,OUT035,2004,Small,Tier 2,Ahmedabad,2059.9852
DRL49,Soft Drinks,Low Fat,13.15,0.056418354,142.4812,OUT035,2004,Small,Tier 2,Ahmedabad,2422.1804
NCN06,Household,Low Fat,8.39,0.120474481,165.5868,OUT035,2004,Small,Tier 2,Ahmedabad,1965.4416
FDS08,Fruits and Vegetables,Low Fat,5.735,0.05695045,177.937,OUT035,2004,Small,Tier 2,Ahmedabad,1587.933
FDI52,Frozen Foods,Low Fat,18.7,0.104658344,121.2072,OUT035,2004,Small,Tier 2,Ahmedabad,1470.0864
NCG18,Household,Low Fat,15.3,0.0,103.5332,OUT035,2004,Small,Tier 2,Ahmedabad,3383.5956
FDP46,Snack Foods,Low Fat,15.35,0.074601506,90.983,OUT035,2004,Small,Tier 2,Ahmedabad,1348.245
DRJ11,Hard Drinks,Low Fat,9.5,0.085075063,189.0872,OUT035,2004,Small,Tier 2,Ahmedabad,3970.8312
FDO12,Baking Goods,Low Fat,15.75,0.054920146,195.8452,OUT035,2004,Small,Tier 2,Ahmedabad,4893.63
FDC58,Snack Foods,Low Fat,10.195,0.041934387,44.6428,OUT035,2004,Small,Tier 2,Ahmedabad,615.1992
FDS12,Baking Goods,Low Fat,9.1,0.174085625,124.6362,OUT035,2004,Small,Tier 2,Ahmedabad,2390.8878
FDH38,Canned,Low Fat,6.425,0.010436256,115.5808,OUT035,2004,Small,Tier 2,Ahmedabad,3749.7856
NCZ42,Household,Low Fat,10.5,0.011285795,235.8248,OUT035,2004,Small,Tier 2,Ahmedabad,4266.4464
NCN18,Household,Low Fat,8.895,0.0,111.9544,OUT035,2004,Small,Tier 2,Ahmedabad,1565.9616
FDQ52,Frozen Foods,Low Fat,17.0,0.119362409,249.4434,OUT035,2004,Small,Tier 2,Ahmedabad,5960.2416
FDO60,Baking Goods,Low Fat,20.0,0.034363029,43.5086,OUT035,2004,Small,Tier 2,Ahmedabad,401.4774
FDC32,Fruits and Vegetables,Low Fat,18.35,0.099090261,94.0462,OUT035,2004,Small,Tier 2,Ahmedabad,555.2772
FDI35,Starchy Foods,Low Fat,14.0,0.041283361,182.4634,OUT035,2004,Small,Tier 2,Ahmedabad,5452.902
NCP54,Household,Low Fat,15.35,0.035143024,124.373,OUT035,2004,Small,Tier 2,Ahmedabad,2093.941
NCK30,Household,Low Fat,14.85,0.060967038,254.3698,OUT035,2004,Small,Tier 2,Ahmedabad,4566.0564
DRB24,Soft Drinks,Low Fat,8.785,0.020573334,156.4656,OUT035,2004,Small,Tier 2,Ahmedabad,2162.5184
FDI26,Canned,Low Fat,5.94,0.034880143,177.9344,OUT035,2004,Small,Tier 2,Ahmedabad,4460.86
NCW17,Health and Hygiene,Low Fat,18.0,0.019382568,129.3994,OUT035,2004,Small,Tier 2,Ahmedabad,3340.9844
FDG45,Fruits and Vegetables,Low Fat,8.1,0.128011859,210.9902,OUT035,2004,Small,Tier 2,Ahmedabad,6371.706
NCT06,Household,Low Fat,17.1,0.038730229,166.2842,OUT035,2004,Small,Tier 2,Ahmedabad,4807.7418
NCE54,Household,Low Fat,20.7,0.02689477,76.7354,OUT035,2004,Small,Tier 2,Ahmedabad,2482.7682
DRG15,Dairy,Low Fat,6.13,0.076721393,59.4536,OUT035,2004,Small,Tier 2,Ahmedabad,2021.3688
NCE19,Household,Low Fat,8.97,0.092997032,55.2956,OUT035,2004,Small,Tier 2,Ahmedabad,873.5296
NCX42,Household,Low Fat,6.36,0.005977465,163.3526,OUT035,2004,Small,Tier 2,Ahmedabad,2631.2416
NCI55,Household,Low Fat,18.6,0.012651172,123.1414,OUT035,2004,Small,Tier 2,Ahmedabad,2314.9866
FDS03,Meat,Low Fat,7.825,0.079613553,65.0826,OUT035,2004,Small,Tier 2,Ahmedabad,1162.4868
DRF23,Hard Drinks,Low Fat,4.61,0.122629121,175.4396,OUT035,2004,Small,Tier 2,Ahmedabad,2616.594
FDK34,Snack Foods,Low Fat,13.35,0.038519399,236.8564,OUT035,2004,Small,Tier 2,Ahmedabad,5005.4844
FDI57,Seafood,Low Fat,19.85,0.054015429,196.3768,OUT035,2004,Small,Tier 2,Ahmedabad,4138.6128
FDY31,Fruits and Vegetables,Low Fat,5.98,0.043554614,148.2418,OUT035,2004,Small,Tier 2,Ahmedabad,2354.2688
FDS55,Fruits and Vegetables,Low Fat,7.02,0.08114883,146.8734,OUT035,2004,Small,Tier 2,Ahmedabad,3563.3616
DRL60,Soft Drinks,Low Fat,8.52,0.027054244,151.5682,OUT035,2004,Small,Tier 2,Ahmedabad,3506.7686
FDR33,Snack Foods,Low Fat,7.31,0.026783871,108.157,OUT035,2004,Small,Tier 2,Ahmedabad,1098.57
FDI32,Fruits and Vegetables,Low Fat,17.7,0.174340475,116.6834,OUT035,2004,Small,Tier 2,Ahmedabad,3570.6854
NCX05,Health and Hygiene,Low Fat,15.2,0.097043739,116.8492,OUT035,2004,Small,Tier 2,Ahmedabad,2664.5316
FDA49,Canned,Low Fat,19.7,0.064909488,88.5198,OUT035,2004,Small,Tier 2,Ahmedabad,1308.297
FDV47,Breads,Low Fat,17.1,0.054197299,83.5566,OUT035,2004,Small,Tier 2,Ahmedabad,1860.2452
DRJ49,Soft Drinks,Low Fat,6.865,0.013990601,127.6652,OUT035,2004,Small,Tier 2,Ahmedabad,2841.6344
NCS53,Health and Hygiene,Low Fat,14.5,0.089761211,159.4604,OUT035,2004,Small,Tier 2,Ahmedabad,2376.906
FDS43,Fruits and Vegetables,Low Fat,11.65,0.040507228,186.924,OUT035,2004,Small,Tier 2,Ahmedabad,2237.088
NCH07,Household,Low Fat,13.15,0.09264951,157.8604,OUT035,2004,Small,Tier 2,Ahmedabad,3803.0496
DRD13,Soft Drinks,Low Fat,15.0,0.049070183,61.9168,OUT035,2004,Small,Tier 2,Ahmedabad,767.0016
FDN27,Meat,Low Fat,20.85,0.039555016,116.8808,OUT035,2004,Small,Tier 2,Ahmedabad,820.2656
NCY17,Health and Hygiene,Low Fat,18.2,0.1630653,43.3086,OUT035,2004,Small,Tier 2,Ahmedabad,758.3462
FDX02,Dairy,Low Fat,16.0,0.057049301,225.9404,OUT035,2004,Small,Tier 2,Ahmedabad,1350.2424
FDV21,Snack Foods,Low Fat,11.5,0.171050595,126.3704,OUT035,2004,Small,Tier 2,Ahmedabad,3880.2824
FDN02,Canned,Low Fat,16.5,0.073813788,207.2638,OUT035,2004,Small,Tier 2,Ahmedabad,5383.6588
FDS23,Breads,Low Fat,4.635,0.14086247,126.4994,OUT035,2004,Small,Tier 2,Ahmedabad,1670.4922
FDC53,Frozen Foods,Low Fat,8.68,0.008834023,100.0384,OUT035,2004,Small,Tier 2,Ahmedabad,2266.3832
FDG47,Starchy Foods,Low Fat,12.8,0.069605676,261.9252,OUT035,2004,Small,Tier 2,Ahmedabad,4984.1788
FDT49,Canned,Low Fat,7.0,0.151376958,108.228,OUT035,2004,Small,Tier 2,Ahmedabad,1171.808
FDP23,Breads,Low Fat,6.71,0.03558013,217.5166,OUT035,2004,Small,Tier 2,Ahmedabad,4572.0486
NCM05,Health and Hygiene,Low Fat,6.825,0.059835659,264.3226,OUT035,2004,Small,Tier 2,Ahmedabad,4229.1616
FDN32,Fruits and Vegetables,Low Fat,17.5,0.015557426,184.7266,OUT035,2004,Small,Tier 2,Ahmedabad,2213.1192
NCL31,Others,Low Fat,7.39,0.120258245,141.547,OUT035,2004,Small,Tier 2,Ahmedabad,2290.352
FDQ37,Breakfast,Low Fat,20.75,0.089243789,192.0478,OUT035,2004,Small,Tier 2,Ahmedabad,4649.9472
FDW33,Snack Foods,Low Fat,9.395,0.099101845,105.828,OUT035,2004,Small,Tier 2,Ahmedabad,1704.448
NCP05,Health and Hygiene,Low Fat,19.6,0.025281802,152.0024,OUT035,2004,Small,Tier 2,Ahmedabad,2884.2456
FDH08,Fruits and Vegetables,Low Fat,7.51,0.017425784,227.901,OUT035,2004,Small,Tier 2,Ahmedabad,459.402
DRI49,Soft Drinks,Low Fat,14.15,0.183472595,82.0276,OUT035,2004,Small,Tier 2,Ahmedabad,1624.552
NCK18,Household,Low Fat,9.6,0.0,163.9184,OUT035,2004,Small,Tier 2,Ahmedabad,4293.0784
FDS52,Frozen Foods,Low Fat,8.89,0.00547348,100.5016,OUT035,2004,Small,Tier 2,Ahmedabad,1315.6208
FDL08,Fruits and Vegetables,Low Fat,10.8,0.049709624,246.8144,OUT035,2004,Small,Tier 2,Ahmedabad,2450.144
DRL11,Hard Drinks,Low Fat,10.5,0.048009081,157.0946,OUT035,2004,Small,Tier 2,Ahmedabad,2209.1244
FDS14,Dairy,Low Fat,7.285,0.049954435,156.5288,OUT035,2004,Small,Tier 2,Ahmedabad,2356.932
NCL18,Household,Low Fat,18.85,0.167552202,193.1136,OUT035,2004,Small,Tier 2,Ahmedabad,2332.9632
FDW50,Dairy,Low Fat,13.1,0.075563757,168.1158,OUT035,2004,Small,Tier 2,Ahmedabad,2005.3896
FDX55,Fruits and Vegetables,Low Fat,15.1,0.055195461,216.1166,OUT035,2004,Small,Tier 2,Ahmedabad,5007.4818
DRI11,Hard Drinks,Low Fat,8.26,0.034397781,115.7834,OUT035,2004,Small,Tier 2,Ahmedabad,2073.3012
NCI29,Health and Hygiene,Low Fat,8.6,0.032615377,142.9154,OUT035,2004,Small,Tier 2,Ahmedabad,992.7078
DRQ35,Hard Drinks,Low Fat,9.3,0.042283454,125.4388,OUT035,2004,Small,Tier 2,Ahmedabad,3715.164
DRC12,Soft Drinks,Low Fat,17.85,0.03781972,191.6188,OUT035,2004,Small,Tier 2,Ahmedabad,2475.4444
NCM29,Health and Hygiene,Low Fat,11.5,0.017638893,132.7626,OUT035,2004,Small,Tier 2,Ahmedabad,2885.5772
FDJ04,Frozen Foods,Low Fat,18.0,0.124428516,119.9124,OUT035,2004,Small,Tier 2,Ahmedabad,948.0992
NCJ05,Health and Hygiene,Low Fat,18.7,0.046079558,151.5682,OUT035,2004,Small,Tier 2,Ahmedabad,1982.0866
FDV32,Fruits and Vegetables,Low Fat,7.785,0.088691614,61.851,OUT035,2004,Small,Tier 2,Ahmedabad,1454.773
FDF59,Starchy Foods,Low Fat,12.5,0.071230537,128.102,OUT035,2004,Small,Tier 2,Ahmedabad,885.514
NCK07,Others,Low Fat,10.65,0.048677482,166.1526,OUT035,2004,Small,Tier 2,Ahmedabad,2466.789
NCU54,Household,Low Fat,8.88,0.098603729,210.727,OUT035,2004,Small,Tier 2,Ahmedabad,4194.54
FDT43,Fruits and Vegetables,Low Fat,16.35,0.020544065,49.9324,OUT035,2004,Small,Tier 2,Ahmedabad,259.662
FDU39,Meat,Low Fat,18.85,0.036031137,60.4562,OUT035,2004,Small,Tier 2,Ahmedabad,1125.8678
DRG23,Hard Drinks,Low Fat,8.88,0.086764795,153.8682,OUT035,2004,Small,Tier 2,Ahmedabad,1829.6184
DRE60,Soft Drinks,Low Fat,9.395,0.159304333,226.172,OUT035,2004,Small,Tier 2,Ahmedabad,3848.324
NCK29,Health and Hygiene,Low Fat,5.615,0.12574524,122.473,OUT035,2004,Small,Tier 2,Ahmedabad,1354.903
NCC07,Household,Low Fat,19.6,0.02394662,106.9964,OUT035,2004,Small,Tier 2,Ahmedabad,1788.3388
FDD17,Frozen Foods,Low Fat,7.5,0.0,237.7906,OUT035,2004,Small,Tier 2,Ahmedabad,1188.453
FDI22,Snack Foods,Low Fat,12.6,0.09619424,210.8612,OUT035,2004,Small,Tier 2,Ahmedabad,1254.3672
FDE39,Dairy,Low Fat,7.89,0.036127671,117.4782,OUT035,2004,Small,Tier 2,Ahmedabad,2026.0294
DRC49,Soft Drinks,Low Fat,8.67,0.065424208,145.8128,OUT035,2004,Small,Tier 2,Ahmedabad,2444.8176
NCY29,Health and Hygiene,Low Fat,13.65,0.077219509,56.493,OUT035,2004,Small,Tier 2,Ahmedabad,509.337
NCQ18,Household,Low Fat,15.75,0.13504726,98.57,OUT035,2004,Small,Tier 2,Ahmedabad,2496.75
DRF37,Soft Drinks,Low Fat,17.25,0.084316691,263.391,OUT035,2004,Small,Tier 2,Ahmedabad,6311.784
FDM14,Canned,Low Fat,13.8,0.01326146,108.0254,OUT035,2004,Small,Tier 2,Ahmedabad,759.6778
DRN37,Soft Drinks,Low Fat,9.6,0.09627919,167.3158,OUT035,2004,Small,Tier 2,Ahmedabad,1838.2738
FDG04,Frozen Foods,Low Fat,13.1,0.006061565,188.9898,OUT035,2004,Small,Tier 2,Ahmedabad,4303.0654
NCN07,Others,Low Fat,18.5,0.033938279,132.5284,OUT035,2004,Small,Tier 2,Ahmedabad,1318.284
DRN35,Hard Drinks,Low Fat,8.01,0.070234306,34.9532,OUT035,2004,Small,Tier 2,Ahmedabad,539.298
FDC47,Snack Foods,Low Fat,15.0,0.118868155,229.4694,OUT035,2004,Small,Tier 2,Ahmedabad,5937.6044
FDG31,Meat,Low Fat,12.15,0.037889224,64.7826,OUT035,2004,Small,Tier 2,Ahmedabad,904.1564
FDQ20,Fruits and Vegetables,Low Fat,8.325,0.029779207,39.3138,OUT035,2004,Small,Tier 2,Ahmedabad,974.7312
NCW30,Household,Low Fat,5.21,0.011007815,259.5962,OUT035,2004,Small,Tier 2,Ahmedabad,2848.9582
FDD45,Fruits and Vegetables,Low Fat,8.615,0.116226984,95.9436,OUT035,2004,Small,Tier 2,Ahmedabad,2741.7644
FDX44,Fruits and Vegetables,Low Fat,9.3,0.04295842,89.3172,OUT035,2004,Small,Tier 2,Ahmedabad,2051.9956
NCX54,Household,Low Fat,9.195,0.048050783,105.6622,OUT035,2004,Small,Tier 2,Ahmedabad,1693.7952
FDE59,Starchy Foods,Low Fat,12.15,0.06227604,37.9532,OUT035,2004,Small,Tier 2,Ahmedabad,1078.596
FDK02,Canned,Low Fat,12.5,0.112203445,121.144,OUT035,2004,Small,Tier 2,Ahmedabad,1438.128
FDU36,Baking Goods,Low Fat,6.15,0.046262201,97.8384,OUT035,2004,Small,Tier 2,Ahmedabad,2069.3064
FDG60,Baking Goods,Low Fat,20.35,0.060688248,234.2616,OUT035,2004,Small,Tier 2,Ahmedabad,4687.232
NCC30,Household,Low Fat,16.6,0.027573983,176.6344,OUT035,2004,Small,Tier 2,Ahmedabad,2676.516
FDH32,Fruits and Vegetables,Low Fat,12.8,0.076045655,96.541,OUT035,2004,Small,Tier 2,Ahmedabad,3765.099
FDK38,Canned,Low Fat,6.65,0.053279839,147.7734,OUT035,2004,Small,Tier 2,Ahmedabad,2078.6276
NCS06,Household,Low Fat,7.935,0.031730739,261.091,OUT035,2004,Small,Tier 2,Ahmedabad,2366.919
NCU18,Household,Low Fat,15.1,0.055829496,140.2496,OUT035,2004,Small,Tier 2,Ahmedabad,2681.8424
FDX16,Frozen Foods,Low Fat,17.85,0.065797601,147.805,OUT035,2004,Small,Tier 2,Ahmedabad,1947.465
NCC54,Health and Hygiene,Low Fat,17.75,0.097692448,242.4196,OUT035,2004,Small,Tier 2,Ahmedabad,5543.4508
NCP29,Health and Hygiene,Low Fat,8.42,0.112249781,64.3168,OUT035,2004,Small,Tier 2,Ahmedabad,703.0848
FDB16,Dairy,Low Fat,8.21,0.044917289,88.5198,OUT035,2004,Small,Tier 2,Ahmedabad,1133.8574
DRI23,Hard Drinks,Low Fat,18.85,0.0,162.0578,OUT035,2004,Small,Tier 2,Ahmedabad,3209.156
FDP57,Snack Foods,Low Fat,17.5,0.052434201,103.999,OUT035,2004,Small,Tier 2,Ahmedabad,1857.582
NCS42,Household,Low Fat,8.6,0.069403341,91.2146,OUT035,2004,Small,Tier 2,Ahmedabad,2554.0088
NCL41,Health and Hygiene,Low Fat,12.35,0.041729735,36.3216,OUT035,2004,Small,Tier 2,Ahmedabad,276.9728
FDB15,Dairy,Low Fat,10.895,0.136784873,265.2568,OUT035,2004,Small,Tier 2,Ahmedabad,4218.5088
FDT21,Snack Foods,Low Fat,7.42,0.020387989,247.1092,OUT035,2004,Small,Tier 2,Ahmedabad,4233.1564
FDA21,Snack Foods,Low Fat,13.65,0.03595391,185.2924,OUT035,2004,Small,Tier 2,Ahmedabad,3146.5708
NCP50,Others,Low Fat,17.35,0.020555958,79.4618,OUT035,2004,Small,Tier 2,Ahmedabad,1772.3596
DRE37,Soft Drinks,Low Fat,13.5,0.0,189.1872,OUT035,2004,Small,Tier 2,Ahmedabad,1890.872
NCU53,Health and Hygiene,Low Fat,5.485,0.042743728,166.2842,OUT035,2004,Small,Tier 2,Ahmedabad,1989.4104
NCA30,Household,Low Fat,19.0,0.129309277,188.8872,OUT035,2004,Small,Tier 2,Ahmedabad,3592.6568
NCN54,Household,Low Fat,20.35,0.021322439,79.1328,OUT035,2004,Small,Tier 2,Ahmedabad,1235.7248
DRN47,Hard Drinks,Low Fat,12.1,0.016823566,178.566,OUT035,2004,Small,Tier 2,Ahmedabad,3775.086
FDN09,Snack Foods,Low Fat,14.15,0.034868095,243.7828,OUT035,2004,Small,Tier 2,Ahmedabad,6579.4356
NCU17,Health and Hygiene,Low Fat,5.32,0.092865746,100.6674,OUT035,2004,Small,Tier 2,Ahmedabad,2648.5524
FDH57,Fruits and Vegetables,Low Fat,10.895,0.035740763,131.9284,OUT035,2004,Small,Tier 2,Ahmedabad,659.142
NCE42,Household,Low Fat,21.1,0.010600287,233.9958,OUT035,2004,Small,Tier 2,Ahmedabad,1869.5664
FDJ52,Frozen Foods,Low Fat,7.145,0.017783501,159.4578,OUT035,2004,Small,Tier 2,Ahmedabad,3209.156
FDZ15,Dairy,Low Fat,13.1,0.0,117.8782,OUT035,2004,Small,Tier 2,Ahmedabad,2741.0986
FDE34,Snack Foods,Low Fat,9.195,0.107870997,181.2634,OUT035,2004,Small,Tier 2,Ahmedabad,2362.9242
FDS60,Baking Goods,Low Fat,20.85,0.032442388,178.366,OUT035,2004,Small,Tier 2,Ahmedabad,4673.916
NCS54,Household,Low Fat,13.6,0.009991273,175.537,OUT035,2004,Small,Tier 2,Ahmedabad,3705.177
NCN30,Household,Low Fat,16.35,0.016989991,98.541,OUT035,2004,Small,Tier 2,Ahmedabad,772.328
FDB08,Fruits and Vegetables,Low Fat,6.055,0.0,162.3578,OUT035,2004,Small,Tier 2,Ahmedabad,1604.578
NCT30,Household,Low Fat,9.1,0.080277707,47.2718,OUT035,2004,Small,Tier 2,Ahmedabad,850.8924
FDO37,Breakfast,Low Fat,8.06,0.021372636,231.7326,OUT035,2004,Small,Tier 2,Ahmedabad,5313.7498
FDZ20,Fruits and Vegetables,Low Fat,16.1,0.034300475,253.2356,OUT035,2004,Small,Tier 2,Ahmedabad,5849.7188
DRK49,Soft Drinks,Low Fat,14.15,0.03593692,41.0138,OUT035,2004,Small,Tier 2,Ahmedabad,771.6622
FDI24,Baking Goods,Low Fat,10.3,0.078728915,178.437,OUT035,2004,Small,Tier 2,Ahmedabad,2822.992
NCE18,Household,Low Fat,10.0,0.021421289,248.375,OUT035,2004,Small,Tier 2,Ahmedabad,7240.575
FDG52,Frozen Foods,Low Fat,13.65,0.065618434,47.6402,OUT035,2004,Small,Tier 2,Ahmedabad,459.402
FDV23,Breads,Low Fat,11.0,0.105816753,126.0046,OUT035,2004,Small,Tier 2,Ahmedabad,871.5322
FDW25,Canned,Low Fat,5.175,0.037391881,83.2224,OUT035,2004,Small,Tier 2,Ahmedabad,1789.6704
NCJ54,Household,Low Fat,9.895,0.060055757,234.2642,OUT035,2004,Small,Tier 2,Ahmedabad,3717.8272
FDW59,Breads,Low Fat,13.15,0.020711996,82.7566,OUT035,2004,Small,Tier 2,Ahmedabad,1691.132
FDC39,Dairy,Low Fat,7.405,0.159165324,207.1296,OUT035,2004,Small,Tier 2,Ahmedabad,3739.1328
FDQ58,Snack Foods,Low Fat,7.315,0.0,153.734,OUT035,2004,Small,Tier 2,Ahmedabad,2756.412
FDA22,Starchy Foods,Low Fat,7.435,0.084436394,168.6158,OUT035,2004,Small,Tier 2,Ahmedabad,4512.1266
DRJ13,Soft Drinks,Low Fat,12.65,0.062878412,160.9578,OUT035,2004,Small,Tier 2,Ahmedabad,4332.3606
FDY50,Dairy,Low Fat,5.8,0.130931048,89.9172,OUT035,2004,Small,Tier 2,Ahmedabad,1516.6924
FDQ34,Snack Foods,Low Fat,10.85,0.162211939,107.0622,OUT035,2004,Small,Tier 2,Ahmedabad,741.0354
FDX34,Snack Foods,Low Fat,6.195,0.071971918,121.3098,OUT035,2004,Small,Tier 2,Ahmedabad,4820.392
FDE22,Snack Foods,Low Fat,9.695,0.029567218,160.492,OUT035,2004,Small,Tier 2,Ahmedabad,4314.384
FDT08,Fruits and Vegetables,Low Fat,13.65,0.049209192,150.005,OUT035,2004,Small,Tier 2,Ahmedabad,2247.075
NCK53,Health and Hygiene,Low Fat,11.6,0.037574137,100.0042,OUT035,2004,Small,Tier 2,Ahmedabad,2976.126
FDQ44,Fruits and Vegetables,Low Fat,20.5,0.036133463,120.1756,OUT035,2004,Small,Tier 2,Ahmedabad,3392.9168
NCJ29,Health and Hygiene,Low Fat,10.6,0.035186271,85.1224,OUT035,2004,Small,Tier 2,Ahmedabad,1193.1136
NCD06,Household,Low Fat,13.0,0.099887103,45.906,OUT017,2007,,Tier 2,Ahmedabad,838.908
FDA43,Fruits and Vegetables,Low Fat,10.895,0.065041581,196.3794,OUT017,2007,,Tier 2,Ahmedabad,3121.2704
NCP18,Household,Low Fat,12.15,0.028760013,151.4708,OUT017,2007,,Tier 2,Ahmedabad,4815.0656
FDG02,Canned,Low Fat,7.855,0.011324862,189.6188,OUT017,2007,,Tier 2,Ahmedabad,2285.0256
FDL04,Frozen Foods,Low Fat,19.0,0.112556507,104.9622,OUT017,2007,,Tier 2,Ahmedabad,1587.933
FDS52,Frozen Foods,Low Fat,8.89,0.005505481,102.4016,OUT017,2007,,Tier 2,Ahmedabad,2732.4432
DRA12,Soft Drinks,Low Fat,11.6,0.041177505,140.3154,OUT017,2007,,Tier 2,Ahmedabad,2552.6772
NCF19,Household,Low Fat,13.0,0.035307322,47.5034,OUT017,2007,,Tier 2,Ahmedabad,680.4476
FDW11,Breads,Low Fat,12.6,0.049058014,62.7194,OUT017,2007,,Tier 2,Ahmedabad,866.8716
FDV38,Dairy,Low Fat,19.25,0.102349519,52.7956,OUT017,2007,,Tier 2,Ahmedabad,928.1252
FDX44,Fruits and Vegetables,Low Fat,9.3,0.043209581,90.8172,OUT017,2007,,Tier 2,Ahmedabad,535.3032
NCX54,Household,Low Fat,9.195,0.048331717,105.1622,OUT017,2007,,Tier 2,Ahmedabad,1693.7952
DRJ25,Soft Drinks,Low Fat,14.6,0.151419185,50.3692,OUT017,2007,,Tier 2,Ahmedabad,1034.6532
FDN13,Breakfast,Low Fat,18.6,0.152918384,99.8358,OUT017,2007,,Tier 2,Ahmedabad,1910.1802
DRD24,Soft Drinks,Low Fat,13.85,0.030969274,140.9154,OUT017,2007,,Tier 2,Ahmedabad,1701.7848
FDP25,Canned,Low Fat,15.2,0.021327477,216.8824,OUT017,2007,,Tier 2,Ahmedabad,2838.9712
FDK44,Fruits and Vegetables,Low Fat,16.6,0.122918852,173.0738,OUT017,2007,,Tier 2,Ahmedabad,3823.0236
FDT25,Canned,Low Fat,7.5,0.051038045,121.7072,OUT017,2007,,Tier 2,Ahmedabad,3552.7088
NCR18,Household,Low Fat,15.85,0.020603511,42.7112,OUT017,2007,,Tier 2,Ahmedabad,639.168
FDF05,Frozen Foods,Low Fat,17.5,0.027022883,262.491,OUT017,2007,,Tier 2,Ahmedabad,5259.82
FDW13,Canned,Low Fat,8.5,0.098438394,51.1324,OUT017,2007,,Tier 2,Ahmedabad,259.662
FDS12,Baking Goods,Low Fat,9.1,0.175103435,127.5362,OUT017,2007,,Tier 2,Ahmedabad,4655.9394
FDG59,Starchy Foods,Low Fat,15.85,0.043479126,36.7164,OUT017,2007,,Tier 2,Ahmedabad,308.9312
DRE49,Soft Drinks,Low Fat,20.75,0.021370201,153.0024,OUT017,2007,,Tier 2,Ahmedabad,2277.036
DRP47,Hard Drinks,Low Fat,15.75,0.141398626,250.5382,OUT017,2007,,Tier 2,Ahmedabad,2775.7202
DRD13,Soft Drinks,Low Fat,15.0,0.049357077,62.6168,OUT017,2007,,Tier 2,Ahmedabad,958.752
NCC06,Household,Low Fat,19.0,0.027139013,127.3336,OUT017,2007,,Tier 2,Ahmedabad,2940.1728
NCV17,Health and Hygiene,Low Fat,18.85,0.01619866,129.2626,OUT017,2007,,Tier 2,Ahmedabad,3147.9024
FDA13,Canned,Low Fat,15.85,0.078999287,38.6506,OUT017,2007,,Tier 2,Ahmedabad,759.012
NCV42,Household,Low Fat,6.26,0.031599715,111.3228,OUT017,2007,,Tier 2,Ahmedabad,2431.5016
FDH16,Frozen Foods,Low Fat,10.5,0.052852621,88.783,OUT017,2007,,Tier 2,Ahmedabad,2067.309
NCP42,Household,Low Fat,8.51,0.016201845,195.2478,OUT017,2007,,Tier 2,Ahmedabad,4262.4516
NCK54,Household,Low Fat,12.15,0.0,117.815,OUT017,2007,,Tier 2,Ahmedabad,2330.3
FDB53,Frozen Foods,Low Fat,13.35,0.140241213,150.2392,OUT017,2007,,Tier 2,Ahmedabad,2684.5056
FDR60,Baking Goods,Low Fat,14.3,0.131152799,78.6328,OUT017,2007,,Tier 2,Ahmedabad,231.6984
FDT31,Fruits and Vegetables,Low Fat,19.75,0.012518707,190.6872,OUT017,2007,,Tier 2,Ahmedabad,4916.2672
FDU38,Dairy,Low Fat,10.8,0.083016832,193.4504,OUT017,2007,,Tier 2,Ahmedabad,2876.256
NCQ50,Household,Low Fat,18.75,0.034501405,211.7218,OUT017,2007,,Tier 2,Ahmedabad,5770.4886
NCE07,Household,Low Fat,8.18,0.0132043,143.8154,OUT017,2007,,Tier 2,Ahmedabad,2694.4926
FDL34,Snack Foods,Low Fat,16.0,0.041177505,142.3496,OUT017,2007,,Tier 2,Ahmedabad,3246.4408
NCR38,Household,Low Fat,17.25,0.114160573,253.1724,OUT017,2007,,Tier 2,Ahmedabad,3775.086
FDJ08,Fruits and Vegetables,Low Fat,11.1,0.111298111,191.7846,OUT017,2007,,Tier 2,Ahmedabad,3057.3536
FDA44,Fruits and Vegetables,Low Fat,19.7,0.053523765,55.393,OUT017,2007,,Tier 2,Ahmedabad,1471.418
NCQ53,Health and Hygiene,Low Fat,17.6,0.019012262,237.159,OUT017,2007,,Tier 2,Ahmedabad,3072.667
NCN29,Health and Hygiene,Low Fat,15.2,0.012184999,50.3034,OUT017,2007,,Tier 2,Ahmedabad,145.8102
FDY09,Snack Foods,Low Fat,15.6,0.025342692,174.3054,OUT017,2007,,Tier 2,Ahmedabad,1751.054
FDO34,Snack Foods,Low Fat,17.7,0.030108283,165.9816,OUT017,2007,,Tier 2,Ahmedabad,4362.3216
FDT59,Breads,Low Fat,13.65,0.016001434,230.6668,OUT017,2007,,Tier 2,Ahmedabad,1842.9344
DRC12,Soft Drinks,Low Fat,17.85,0.038040837,189.1188,OUT017,2007,,Tier 2,Ahmedabad,3237.1196
FDR23,Breads,Low Fat,15.85,0.0,174.737,OUT017,2007,,Tier 2,Ahmedabad,2822.992
FDS49,Canned,Low Fat,9.0,0.079794329,80.1644,OUT017,2007,,Tier 2,Ahmedabad,1178.466
FDL46,Snack Foods,Low Fat,20.35,0.054362695,117.9466,OUT017,2007,,Tier 2,Ahmedabad,1649.8524
FDK02,Canned,Low Fat,12.5,0.112859454,118.344,OUT017,2007,,Tier 2,Ahmedabad,2157.192
NCB31,Household,Low Fat,6.235,0.119345629,261.991,OUT017,2007,,Tier 2,Ahmedabad,2366.919
NCV05,Health and Hygiene,Low Fat,10.1,0.030379382,153.4656,OUT017,2007,,Tier 2,Ahmedabad,1853.5872
NCA05,Health and Hygiene,Low Fat,20.75,0.025272781,146.6734,OUT017,2007,,Tier 2,Ahmedabad,445.4202
FDV07,Fruits and Vegetables,Low Fat,9.5,0.0,110.4228,OUT017,2007,,Tier 2,Ahmedabad,1547.3192
FDR14,Dairy,Low Fat,11.65,0.175033524,55.5298,OUT017,2007,,Tier 2,Ahmedabad,647.1576
FDO13,Breakfast,Low Fat,7.865,0.061405051,166.3526,OUT017,2007,,Tier 2,Ahmedabad,1973.4312
NCL55,Others,Low Fat,12.15,0.065026434,253.704,OUT017,2007,,Tier 2,Ahmedabad,5060.08
FDT49,Canned,Low Fat,7.0,0.152261999,105.728,OUT017,2007,,Tier 2,Ahmedabad,1278.336
NCC43,Household,Low Fat,7.39,0.093307713,250.9066,OUT017,2007,,Tier 2,Ahmedabad,1506.0396
NCM31,Others,Low Fat,6.095,0.0816559,143.3154,OUT017,2007,,Tier 2,Ahmedabad,2836.308
FDK28,Frozen Foods,Low Fat,5.695,0.065960909,259.2646,OUT017,2007,,Tier 2,Ahmedabad,9275.9256
FDY58,Snack Foods,Low Fat,11.65,0.040144377,228.9694,OUT017,2007,,Tier 2,Ahmedabad,6622.7126
FDA34,Starchy Foods,Low Fat,11.5,0.014944614,171.808,OUT017,2007,,Tier 2,Ahmedabad,5712.564
DRH23,Hard Drinks,Low Fat,14.65,0.171281641,54.0614,OUT017,2007,,Tier 2,Ahmedabad,1160.4894
NCF54,Household,Low Fat,18.0,0.047645037,172.6422,OUT017,2007,,Tier 2,Ahmedabad,2931.5174
FDW48,Baking Goods,Low Fat,18.0,0.008589133,81.0618,OUT017,2007,,Tier 2,Ahmedabad,1450.1124
FDO40,Frozen Foods,Low Fat,17.1,0.032812669,147.1392,OUT017,2007,,Tier 2,Ahmedabad,2237.088
NCZ42,Household,Low Fat,10.5,0.011351778,236.5248,OUT017,2007,,Tier 2,Ahmedabad,4029.4216
FDK43,Meat,Low Fat,9.8,0.026992588,127.302,OUT017,2007,,Tier 2,Ahmedabad,2277.036
NCM06,Household,Low Fat,7.475,0.076156245,156.4656,OUT017,2007,,Tier 2,Ahmedabad,2008.0528
NCO43,Others,Low Fat,5.5,0.047364617,100.0016,OUT017,2007,,Tier 2,Ahmedabad,708.4112
FDU34,Snack Foods,Low Fat,18.25,0.075620262,123.8046,OUT017,2007,,Tier 2,Ahmedabad,3486.1288
FDP38,Canned,Low Fat,10.1,0.032283676,52.2008,OUT017,2007,,Tier 2,Ahmedabad,759.012
FDA50,Dairy,Low Fat,16.25,0.087668236,94.941,OUT017,2007,,Tier 2,Ahmedabad,1737.738
DRM35,Hard Drinks,Low Fat,9.695,0.070843019,177.7344,OUT017,2007,,Tier 2,Ahmedabad,1605.9096
NCS17,Health and Hygiene,Low Fat,18.6,0.080956792,95.2436,OUT017,2007,,Tier 2,Ahmedabad,1796.3284
DRJ37,Soft Drinks,Low Fat,10.8,0.061446997,150.4024,OUT017,2007,,Tier 2,Ahmedabad,2884.2456
DRZ24,Soft Drinks,Low Fat,7.535,0.082250143,118.344,OUT017,2007,,Tier 2,Ahmedabad,3115.944
FDP60,Baking Goods,Low Fat,17.35,0.056235142,102.0016,OUT017,2007,,Tier 2,Ahmedabad,1619.2256
FDJ22,Snack Foods,Low Fat,18.75,0.05310896,193.6504,OUT017,2007,,Tier 2,Ahmedabad,2876.256
DRF27,Dairy,Low Fat,8.93,0.028578012,152.234,OUT017,2007,,Tier 2,Ahmedabad,3828.35
FDH10,Snack Foods,Low Fat,21.0,0.049583899,193.8478,OUT017,2007,,Tier 2,Ahmedabad,1162.4868
DRG51,Dairy,Low Fat,12.1,0.011604894,166.0526,OUT017,2007,,Tier 2,Ahmedabad,1480.0734
FDZ04,Frozen Foods,Low Fat,9.31,0.038169783,64.551,OUT017,2007,,Tier 2,Ahmedabad,1581.275
FDT04,Frozen Foods,Low Fat,17.25,0.10764721,39.3822,OUT017,2007,,Tier 2,Ahmedabad,314.2576
NCZ06,Household,Low Fat,19.6,0.094694278,254.9698,OUT017,2007,,Tier 2,Ahmedabad,2536.698
DRK13,Soft Drinks,Low Fat,11.8,0.115819014,198.3084,OUT017,2007,,Tier 2,Ahmedabad,4563.3932
DRI13,Soft Drinks,Low Fat,15.35,0.020441939,216.4508,OUT017,2007,,Tier 2,Ahmedabad,5426.27
DRF23,Hard Drinks,Low Fat,4.61,0.123346085,172.5396,OUT017,2007,,Tier 2,Ahmedabad,3663.2316
FDC39,Dairy,Low Fat,7.405,0.0,205.7296,OUT017,2007,,Tier 2,Ahmedabad,4570.0512
FDK38,Canned,Low Fat,6.65,0.053591345,149.7734,OUT017,2007,,Tier 2,Ahmedabad,2375.5744
FDE59,Starchy Foods,Low Fat,12.15,0.062640143,36.6532,OUT017,2007,,Tier 2,Ahmedabad,251.6724
NCE54,Household,Low Fat,20.7,0.027052013,73.9354,OUT017,2007,,Tier 2,Ahmedabad,1655.1788
NCI18,Household,Low Fat,18.35,0.014103354,225.4746,OUT017,2007,,Tier 2,Ahmedabad,1346.2476
FDT48,Baking Goods,Low Fat,4.92,0.046214971,199.8084,OUT017,2007,,Tier 2,Ahmedabad,3968.168
FDB17,Frozen Foods,Low Fat,13.15,0.036879539,181.3976,OUT017,2007,,Tier 2,Ahmedabad,3078.6592
FDF52,Frozen Foods,Low Fat,9.3,0.0,182.9292,OUT017,2007,,Tier 2,Ahmedabad,4013.4424
NCY41,Health and Hygiene,Low Fat,16.75,0.076164013,34.0532,OUT017,2007,,Tier 2,Ahmedabad,575.2512
NCX42,Household,Low Fat,6.36,0.006012413,163.0526,OUT017,2007,,Tier 2,Ahmedabad,1644.526
NCS42,Household,Low Fat,8.6,0.069809115,90.5146,OUT017,2007,,Tier 2,Ahmedabad,729.7168
FDI33,Snack Foods,Low Fat,16.5,0.028579565,90.3146,OUT017,2007,,Tier 2,Ahmedabad,2554.0088
FDZ33,Snack Foods,Low Fat,10.195,0.108004532,148.7076,OUT017,2007,,Tier 2,Ahmedabad,1330.2684
FDO50,Canned,Low Fat,16.25,0.0,89.8804,OUT017,2007,,Tier 2,Ahmedabad,1102.5648
NCO02,Others,Low Fat,11.15,0.073783159,66.0142,OUT017,2007,,Tier 2,Ahmedabad,988.713
NCO05,Health and Hygiene,Low Fat,7.27,0.046822808,99.3384,OUT017,2007,,Tier 2,Ahmedabad,2759.0752
FDP39,Meat,Low Fat,12.65,0.069817659,53.5324,OUT017,2007,,Tier 2,Ahmedabad,830.9184
DRD37,Soft Drinks,Low Fat,9.8,0.013920032,45.006,OUT017,2007,,Tier 2,Ahmedabad,792.302
FDR46,Snack Foods,Low Fat,16.85,0.0,146.076,OUT017,2007,,Tier 2,Ahmedabad,2636.568
NCH07,Household,Low Fat,13.15,0.093191195,158.1604,OUT017,2007,,Tier 2,Ahmedabad,1426.1436
NCP55,Others,Low Fat,14.65,0.01125332,57.0614,OUT017,2007,,Tier 2,Ahmedabad,939.4438
NCY18,Household,Low Fat,7.285,0.031327839,174.6054,OUT017,2007,,Tier 2,Ahmedabad,2976.7918
DRE15,Dairy,Low Fat,13.35,0.0,75.7012,OUT017,2007,,Tier 2,Ahmedabad,1442.1228
FDX14,Dairy,Low Fat,13.1,0.075363922,73.8354,OUT017,2007,,Tier 2,Ahmedabad,1956.1204
FDA20,Fruits and Vegetables,Low Fat,6.78,0.066997921,186.524,OUT017,2007,,Tier 2,Ahmedabad,2609.936
FDM52,Frozen Foods,Low Fat,15.1,0.026140452,149.0076,OUT017,2007,,Tier 2,Ahmedabad,4138.6128
FDF47,Starchy Foods,Low Fat,20.85,0.098170402,224.0746,OUT017,2007,,Tier 2,Ahmedabad,2243.746
DRI37,Soft Drinks,Low Fat,15.85,0.108206497,58.3904,OUT017,2007,,Tier 2,Ahmedabad,468.7232
NCF42,Household,Low Fat,17.35,0.168329848,176.7712,OUT017,2007,,Tier 2,Ahmedabad,2812.3392
FDD04,Dairy,Low Fat,16.0,0.090480206,142.4154,OUT017,2007,,Tier 2,Ahmedabad,1985.4156
NCH29,Health and Hygiene,Low Fat,5.51,0.034668802,98.5726,OUT017,2007,,Tier 2,Ahmedabad,1761.7068
FDS55,Fruits and Vegetables,Low Fat,7.02,0.081623275,148.0734,OUT017,2007,,Tier 2,Ahmedabad,1930.1542
NCI30,Household,Low Fat,20.25,0.059268885,246.446,OUT017,2007,,Tier 2,Ahmedabad,3695.19
DRK01,Soft Drinks,Low Fat,7.63,0.061409711,94.6436,OUT017,2007,,Tier 2,Ahmedabad,1607.2412
FDZ38,Dairy,Low Fat,17.6,0.008046275,173.7422,OUT017,2007,,Tier 2,Ahmedabad,5863.0348
FDO23,Breads,Low Fat,17.85,0.147255604,93.7436,OUT017,2007,,Tier 2,Ahmedabad,1701.7848
FDW56,Fruits and Vegetables,Low Fat,7.68,0.071301323,190.8162,OUT017,2007,,Tier 2,Ahmedabad,2693.8268
NCL17,Health and Hygiene,Low Fat,7.39,0.068163102,140.4812,OUT017,2007,,Tier 2,Ahmedabad,2422.1804
FDL36,Baking Goods,Low Fat,15.1,0.076505799,91.583,OUT017,2007,,Tier 2,Ahmedabad,539.298
FDT40,Frozen Foods,Low Fat,5.985,0.096337184,125.2678,OUT017,2007,,Tier 2,Ahmedabad,763.0068
NCN14,Others,Low Fat,19.1,0.092437711,185.2608,OUT017,2007,,Tier 2,Ahmedabad,1470.0864
FDS40,Frozen Foods,Low Fat,15.35,0.014098693,37.219,OUT017,2007,,Tier 2,Ahmedabad,805.618
FDY10,Snack Foods,Low Fat,17.6,0.049345425,115.4176,OUT017,2007,,Tier 2,Ahmedabad,1145.176
NCT54,Household,Low Fat,8.695,0.120211747,93.2094,OUT017,2007,,Tier 2,Ahmedabad,666.4658
NCO17,Health and Hygiene,Low Fat,10.0,0.073794811,121.444,OUT017,2007,,Tier 2,Ahmedabad,2516.724
NCR05,Health and Hygiene,Low Fat,10.1,0.054939848,199.5084,OUT017,2007,,Tier 2,Ahmedabad,3372.9428
DRH25,Soft Drinks,Low Fat,18.7,0.014675574,50.8324,OUT017,2007,,Tier 2,Ahmedabad,934.7832
FDG40,Frozen Foods,Low Fat,13.65,0.040049609,34.4558,OUT017,2007,,Tier 2,Ahmedabad,611.2044
DRE03,Dairy,Low Fat,19.6,0.024363939,46.3718,OUT017,2007,,Tier 2,Ahmedabad,661.8052
NCL41,Health and Hygiene,Low Fat,12.35,0.041973712,35.7216,OUT017,2007,,Tier 2,Ahmedabad,519.324
FDW45,Snack Foods,Low Fat,18.0,0.039231652,145.1418,OUT017,2007,,Tier 2,Ahmedabad,2648.5524
DRJ24,Soft Drinks,Low Fat,11.8,0.11397026,185.1924,OUT017,2007,,Tier 2,Ahmedabad,2591.2936
NCF07,Household,Low Fat,9.0,0.032203667,100.8016,OUT017,2007,,Tier 2,Ahmedabad,1113.2176
DRF60,Soft Drinks,Low Fat,10.8,0.052363244,236.5564,OUT017,2007,,Tier 2,Ahmedabad,5243.8408
FDL43,Meat,Low Fat,10.1,0.027217468,76.067,OUT017,2007,,Tier 2,Ahmedabad,1454.773
FDE47,Starchy Foods,Low Fat,14.15,0.038123176,123.5046,OUT017,2007,,Tier 2,Ahmedabad,1992.0736
FDX20,Fruits and Vegetables,Low Fat,7.365,0.04280099,228.372,OUT017,2007,,Tier 2,Ahmedabad,2037.348
FDH09,Seafood,Low Fat,12.6,0.056394771,51.3982,OUT017,2007,,Tier 2,Ahmedabad,473.3838
NCL53,Health and Hygiene,Low Fat,7.5,0.036439878,175.3028,OUT017,2007,,Tier 2,Ahmedabad,3010.7476
DRD27,Dairy,Low Fat,18.75,0.023974769,99.0042,OUT017,2007,,Tier 2,Ahmedabad,694.4294
FDH34,Snack Foods,Low Fat,8.63,0.031271134,186.0582,OUT017,2007,,Tier 2,Ahmedabad,3900.9222
NCK29,Health and Hygiene,Low Fat,5.615,0.126480422,121.573,OUT017,2007,,Tier 2,Ahmedabad,3202.498
NCA06,Household,Low Fat,20.5,0.144094079,34.819,OUT017,2007,,Tier 2,Ahmedabad,1061.951
NCY29,Health and Hygiene,Low Fat,13.65,0.077670981,55.093,OUT017,2007,,Tier 2,Ahmedabad,1301.639
FDM33,Snack Foods,Low Fat,15.6,0.088215871,220.1798,OUT017,2007,,Tier 2,Ahmedabad,5068.7354
FDA39,Meat,Low Fat,6.32,0.012789884,39.1822,OUT017,2007,,Tier 2,Ahmedabad,1060.6194
FDS43,Fruits and Vegetables,Low Fat,11.65,0.040744057,185.924,OUT017,2007,,Tier 2,Ahmedabad,4101.328
NCX06,Household,Low Fat,17.6,0.015775777,179.1976,OUT017,2007,,Tier 2,Ahmedabad,3803.0496
FDX45,Snack Foods,Low Fat,16.75,0.105448901,156.163,OUT017,2007,,Tier 2,Ahmedabad,782.315
FDT60,Baking Goods,Low Fat,12.0,0.075975642,124.1388,OUT017,2007,,Tier 2,Ahmedabad,1486.0656
FDF17,Frozen Foods,Low Fat,5.19,0.042861968,196.811,OUT017,2007,,Tier 2,Ahmedabad,3731.809
FDM21,Snack Foods,Low Fat,20.2,0.064728148,258.0646,OUT017,2007,,Tier 2,Ahmedabad,5668.6212
FDL22,Snack Foods,Low Fat,16.85,0.036596012,90.6488,OUT017,2007,,Tier 2,Ahmedabad,633.8416
NCH43,Household,Low Fat,8.42,0.070968081,215.9192,OUT017,2007,,Tier 2,Ahmedabad,1941.4728
NCN05,Health and Hygiene,Low Fat,8.235,0.014541462,184.495,OUT017,2007,,Tier 2,Ahmedabad,3844.995
FDT13,Canned,Low Fat,14.85,0.01867669,188.7214,OUT017,2007,,Tier 2,Ahmedabad,3956.8494
DRI01,Soft Drinks,Low Fat,7.97,0.034647829,171.2422,OUT017,2007,,Tier 2,Ahmedabad,3103.9596
FDP10,Snack Foods,Low Fat,19.0,0.128814669,107.6622,OUT017,2007,,Tier 2,Ahmedabad,1164.4842
FDH38,Canned,Low Fat,6.425,0.010497273,118.3808,OUT017,2007,,Tier 2,Ahmedabad,2812.3392
FDO04,Frozen Foods,Low Fat,16.6,0.0,54.6614,OUT017,2007,,Tier 2,Ahmedabad,884.1824
NCI17,Health and Hygiene,Low Fat,8.645,0.1442339,95.441,OUT017,2007,,Tier 2,Ahmedabad,3282.394
FDX26,Dairy,Low Fat,17.7,0.088305201,182.3292,OUT017,2007,,Tier 2,Ahmedabad,4195.8716
FDB20,Fruits and Vegetables,Low Fat,7.72,0.052274691,79.1986,OUT017,2007,,Tier 2,Ahmedabad,778.986
FDZ40,Frozen Foods,Low Fat,8.935,0.040410039,52.9298,OUT017,2007,,Tier 2,Ahmedabad,539.298
FDJ48,Baking Goods,Low Fat,11.3,0.056754036,247.5118,OUT017,2007,,Tier 2,Ahmedabad,2470.118
FDH27,Dairy,Low Fat,7.075,0.058676973,142.0128,OUT017,2007,,Tier 2,Ahmedabad,2588.6304
NCQ43,Others,Low Fat,17.75,0.111931193,108.8912,OUT017,2007,,Tier 2,Ahmedabad,327.5736
FDX55,Fruits and Vegetables,Low Fat,15.1,0.055518167,217.3166,OUT017,2007,,Tier 2,Ahmedabad,1306.2996
FDZ19,Fruits and Vegetables,Low Fat,6.425,0.093983518,175.5712,OUT017,2007,,Tier 2,Ahmedabad,1230.3984
NCV53,Health and Hygiene,Low Fat,8.27,0.018920019,238.088,OUT017,2007,,Tier 2,Ahmedabad,6231.888
FDK04,Frozen Foods,Low Fat,7.36,0.052607932,56.3588,OUT017,2007,,Tier 2,Ahmedabad,744.3644
NCV41,Health and Hygiene,Low Fat,14.35,0.017135155,109.8228,OUT017,2007,,Tier 2,Ahmedabad,1657.842
FDZ52,Frozen Foods,Low Fat,19.2,0.100640587,112.6886,OUT017,2007,,Tier 2,Ahmedabad,1779.0176
FDM44,Fruits and Vegetables,Low Fat,12.5,0.031225303,102.899,OUT017,2007,,Tier 2,Ahmedabad,2167.179
NCA53,Health and Hygiene,Low Fat,11.395,0.009934335,47.2034,OUT017,2007,,Tier 2,Ahmedabad,340.2238
NCD19,Household,Low Fat,8.93,0.013253936,56.4614,OUT017,2007,,Tier 2,Ahmedabad,828.921
NCE31,Household,Low Fat,7.67,0.185889129,35.4216,OUT017,2007,,Tier 2,Ahmedabad,173.108
FDG26,Canned,Low Fat,18.85,0.042891098,257.633,OUT017,2007,,Tier 2,Ahmedabad,5382.993
NCJ43,Household,Low Fat,6.635,0.027222517,174.0396,OUT017,2007,,Tier 2,Ahmedabad,2093.2752
DRJ13,Soft Drinks,Low Fat,12.65,0.063246037,159.2578,OUT017,2007,,Tier 2,Ahmedabad,2406.867
FDY13,Canned,Low Fat,12.1,0.030297819,74.767,OUT017,2007,,Tier 2,Ahmedabad,1454.773
DRD49,Soft Drinks,Low Fat,9.895,0.168780385,236.8564,OUT017,2007,,Tier 2,Ahmedabad,4767.128
FDZ20,Fruits and Vegetables,Low Fat,16.1,0.034501016,255.7356,OUT017,2007,,Tier 2,Ahmedabad,2543.356
NCK17,Health and Hygiene,Low Fat,11.0,0.038109194,40.948,OUT017,2007,,Tier 2,Ahmedabad,479.376
NCK42,Household,Low Fat,7.475,0.01319424,217.4192,OUT017,2007,,Tier 2,Ahmedabad,4314.384
FDI26,Canned,Low Fat,5.94,0.035084073,176.4344,OUT017,2007,,Tier 2,Ahmedabad,2141.2128
FDV47,Breads,Low Fat,17.1,0.054514169,84.4566,OUT017,2007,,Tier 2,Ahmedabad,591.8962
FDN02,Canned,Low Fat,16.5,0.074245348,208.2638,OUT017,2007,,Tier 2,Ahmedabad,4762.4674
FDQ33,Snack Foods,Low Fat,13.35,0.091723066,148.8708,OUT017,2007,,Tier 2,Ahmedabad,3761.77
FDN24,Baking Goods,Low Fat,14.1,0.113908117,53.3956,OUT017,2007,,Tier 2,Ahmedabad,982.7208
FDR26,Dairy,Low Fat,20.7,0.04307908,177.8028,OUT017,2007,,Tier 2,Ahmedabad,1239.7196
NCQ06,Household,Low Fat,13.0,0.0420611,254.1014,OUT017,2007,,Tier 2,Ahmedabad,3315.0182
DRN37,Soft Drinks,Low Fat,9.6,0.096842096,166.1158,OUT017,2007,,Tier 2,Ahmedabad,501.3474
DRJ23,Hard Drinks,Low Fat,18.35,0.041904578,188.1872,OUT017,2007,,Tier 2,Ahmedabad,4159.9184
NCO30,Household,Low Fat,19.5,0.01581384,183.2608,OUT017,2007,,Tier 2,Ahmedabad,2940.1728
FDZ22,Snack Foods,Low Fat,9.395,0.045525961,83.425,OUT017,2007,,Tier 2,Ahmedabad,1498.05
FDP11,Breads,Low Fat,15.85,0.069491408,218.2166,OUT017,2007,,Tier 2,Ahmedabad,4789.7652
FDF35,Starchy Foods,Low Fat,15.0,0.154860353,106.1938,OUT017,2007,,Tier 2,Ahmedabad,4073.3644
FDB60,Baking Goods,Low Fat,9.3,0.028683422,195.8136,OUT017,2007,,Tier 2,Ahmedabad,3693.8584
FDT57,Snack Foods,Low Fat,15.2,0.019142452,237.5248,OUT017,2007,,Tier 2,Ahmedabad,3318.3472
NCG55,Household,Low Fat,16.25,0.0,115.2176,OUT017,2007,,Tier 2,Ahmedabad,3206.4928
NCB06,Health and Hygiene,Low Fat,17.6,0.082797778,161.492,OUT017,2007,,Tier 2,Ahmedabad,3515.424
FDR33,Snack Foods,Low Fat,7.31,0.026940466,108.457,OUT017,2007,,Tier 2,Ahmedabad,2306.997
DRL49,Soft Drinks,Low Fat,13.15,0.05674821,144.3812,OUT017,2007,,Tier 2,Ahmedabad,284.9624
FDG57,Fruits and Vegetables,Low Fat,14.7,0.072707309,49.5034,OUT017,2007,,Tier 2,Ahmedabad,291.6204
DRK49,Soft Drinks,Low Fat,14.15,0.036147029,39.3138,OUT017,2007,,Tier 2,Ahmedabad,527.9794
FDD35,Starchy Foods,Low Fat,12.15,0.026010729,119.144,OUT017,2007,,Tier 2,Ahmedabad,2157.192
FDY07,Fruits and Vegetables,Low Fat,11.8,0.122289654,46.3402,OUT017,2007,,Tier 2,Ahmedabad,275.6412
NCR42,Household,Low Fat,9.105,0.038699553,33.79,OUT017,2007,,Tier 2,Ahmedabad,199.74
FDV46,Snack Foods,Low Fat,18.2,0.012679191,139.818,OUT017,2007,,Tier 2,Ahmedabad,838.908
FDT37,Canned,Low Fat,14.15,0.03546967,256.3014,OUT017,2007,,Tier 2,Ahmedabad,4845.0266
FDK36,Baking Goods,Low Fat,7.09,0.007256127,50.4034,OUT017,2007,,Tier 2,Ahmedabad,340.2238
FDQ23,Breads,Low Fat,6.55,0.024664556,103.3332,OUT017,2007,,Tier 2,Ahmedabad,2050.664
NCL29,Health and Hygiene,Low Fat,9.695,0.114583922,156.4604,OUT017,2007,,Tier 2,Ahmedabad,2535.3664
FDS20,Fruits and Vegetables,Low Fat,8.85,0.054171606,183.9292,OUT017,2007,,Tier 2,Ahmedabad,2918.8672
FDI44,Fruits and Vegetables,Low Fat,16.1,0.100799828,78.4328,OUT017,2007,,Tier 2,Ahmedabad,1467.4232
NCH06,Household,Low Fat,12.3,0.076987408,247.946,OUT017,2007,,Tier 2,Ahmedabad,3202.498
DRC27,Dairy,Low Fat,13.8,0.05843112,243.6802,OUT017,2007,,Tier 2,Ahmedabad,1965.4416
FDR48,Baking Goods,Low Fat,11.65,0.132248069,150.5024,OUT017,2007,,Tier 2,Ahmedabad,3187.8504
NCJ31,Others,Low Fat,19.2,0.183686937,241.8196,OUT017,2007,,Tier 2,Ahmedabad,1687.1372
FDK09,Snack Foods,Low Fat,15.2,0.092282353,227.2352,OUT017,2007,,Tier 2,Ahmedabad,4122.6336
FDP32,Fruits and Vegetables,Low Fat,6.65,0.08816538,126.8678,OUT017,2007,,Tier 2,Ahmedabad,1780.3492
FDB34,Snack Foods,Low Fat,15.25,0.026760329,86.0198,OUT017,2007,,Tier 2,Ahmedabad,2006.0554
NCS30,Household,Low Fat,5.945,0.0,128.9652,OUT017,2007,,Tier 2,Ahmedabad,1808.3128
FDJ28,Frozen Foods,Low Fat,12.3,0.021984639,191.2162,OUT017,2007,,Tier 2,Ahmedabad,1924.162
NCF43,Household,Low Fat,8.51,0.052239735,141.947,OUT017,2007,,Tier 2,Ahmedabad,2004.058
FDS35,Breads,Low Fat,9.3,0.11184963,64.6826,OUT017,2007,,Tier 2,Ahmedabad,774.9912
NCR17,Health and Hygiene,Low Fat,9.8,0.024521239,117.5492,OUT017,2007,,Tier 2,Ahmedabad,1390.1904
NCN54,Household,Low Fat,20.35,0.021447102,76.3328,OUT017,2007,,Tier 2,Ahmedabad,1312.9576
FDI15,Dairy,Low Fat,13.8,0.14215211,263.5884,OUT017,2007,,Tier 2,Ahmedabad,2384.8956
FDU39,Meat,Low Fat,18.85,0.036241797,57.3562,OUT017,2007,,Tier 2,Ahmedabad,1007.3554
FDG29,Frozen Foods,Low Fat,17.6,0.05661033,41.7454,OUT017,2007,,Tier 2,Ahmedabad,209.727
FDS37,Canned,Low Fat,7.655,0.032125561,115.7492,OUT017,2007,,Tier 2,Ahmedabad,2548.6824
NCO14,Household,Low Fat,9.6,0.02981155,45.2086,OUT017,2007,,Tier 2,Ahmedabad,669.129
NCZ30,Household,Low Fat,6.59,0.0,119.1098,OUT017,2007,,Tier 2,Ahmedabad,964.0784
DRO47,Hard Drinks,Low Fat,10.195,0.112859454,114.486,OUT017,2007,,Tier 2,Ahmedabad,2490.092
FDS57,Snack Foods,Low Fat,15.5,0.0,141.547,OUT017,2007,,Tier 2,Ahmedabad,3006.087
NCK53,Health and Hygiene,Low Fat,11.6,0.037793818,99.3042,OUT017,2007,,Tier 2,Ahmedabad,2281.6966
FDB39,Dairy,Low Fat,11.6,0.038736838,55.8272,OUT017,2007,,Tier 2,Ahmedabad,1454.1072
NCZ18,Household,Low Fat,7.825,0.0,253.4698,OUT017,2007,,Tier 2,Ahmedabad,6849.0846
FDO37,Breakfast,Low Fat,8.06,0.021497594,230.3326,OUT017,2007,,Tier 2,Ahmedabad,1386.1956
FDZ58,Snack Foods,Low Fat,17.85,0.052471995,123.7072,OUT017,2007,,Tier 2,Ahmedabad,2450.144
NCQ29,Health and Hygiene,Low Fat,12.0,0.0,262.3278,OUT017,2007,,Tier 2,Ahmedabad,1561.9668
FDT34,Snack Foods,Low Fat,9.3,0.175336471,107.0964,OUT017,2007,,Tier 2,Ahmedabad,1472.7496
FDD11,Starchy Foods,Low Fat,12.85,0.030789914,254.904,OUT017,2007,,Tier 2,Ahmedabad,3036.048
FDK34,Snack Foods,Low Fat,13.35,0.038744606,239.3564,OUT017,2007,,Tier 2,Ahmedabad,3098.6332
FDH33,Snack Foods,Low Fat,12.85,0.12241394,42.9428,OUT017,2007,,Tier 2,Ahmedabad,703.0848
FDY25,Canned,Low Fat,12.0,0.034166609,181.2976,OUT017,2007,,Tier 2,Ahmedabad,5070.7328
FDD05,Frozen Foods,Low Fat,19.35,0.016705436,120.8098,OUT017,2007,,Tier 2,Ahmedabad,3374.2744
FDS47,Breads,Low Fat,16.75,0.12961476,86.1856,OUT017,2007,,Tier 2,Ahmedabad,1406.1696
NCN53,Health and Hygiene,Low Fat,5.175,0.030527166,33.5874,OUT017,2007,,Tier 2,Ahmedabad,635.1732
NCH55,Household,Low Fat,16.35,0.0,127.902,OUT017,2007,,Tier 2,Ahmedabad,2150.534
FDF41,Frozen Foods,Low Fat,12.15,0.131921819,246.346,OUT017,2007,,Tier 2,Ahmedabad,739.038
FDP57,Snack Foods,Low Fat,17.5,0.052740763,103.799,OUT017,2007,,Tier 2,Ahmedabad,1135.189
FDH58,Snack Foods,Low Fat,12.3,0.037148619,116.8834,OUT017,2007,,Tier 2,Ahmedabad,2649.2182
FDH35,Starchy Foods,Low Fat,18.25,0.060589424,162.5526,OUT017,2007,,Tier 2,Ahmedabad,986.7156
FDW37,Canned,Low Fat,19.2,0.12475207,90.9488,OUT017,2007,,Tier 2,Ahmedabad,633.8416
DRI23,Hard Drinks,Low Fat,18.85,0.137972993,158.4578,OUT017,2007,,Tier 2,Ahmedabad,1444.1202
FDC50,Canned,Low Fat,15.85,0.13727,94.4094,OUT017,2007,,Tier 2,Ahmedabad,1904.188
FDD50,Canned,Low Fat,18.85,0.142443405,170.4132,OUT017,2007,,Tier 2,Ahmedabad,4396.9432
FDQ46,Snack Foods,Low Fat,7.51,0.104400238,113.5544,OUT017,2007,,Tier 2,Ahmedabad,894.8352
FDE02,Canned,Low Fat,8.71,0.121936216,94.4778,OUT017,2007,,Tier 2,Ahmedabad,2628.5784
FDB08,Fruits and Vegetables,Low Fat,6.055,0.03127929,160.3578,OUT017,2007,,Tier 2,Ahmedabad,2406.867
FDE53,Frozen Foods,Low Fat,10.895,0.027032204,106.328,OUT017,2007,,Tier 2,Ahmedabad,852.224
FDL08,Fruits and Vegetables,Low Fat,10.8,0.050000257,243.9144,OUT017,2007,,Tier 2,Ahmedabad,4655.2736
NCO26,Household,Low Fat,7.235,0.077290355,116.9492,OUT017,2007,,Tier 2,Ahmedabad,2316.984
FDQ34,Snack Foods,Low Fat,10.85,0.163160327,107.4622,OUT017,2007,,Tier 2,Ahmedabad,1693.7952
NCP50,Others,Low Fat,17.35,0.020676141,80.6618,OUT017,2007,,Tier 2,Ahmedabad,1208.427
FDJ52,Frozen Foods,Low Fat,7.145,0.017887474,160.6578,OUT017,2007,,Tier 2,Ahmedabad,1765.0358
FDJ56,Fruits and Vegetables,Low Fat,8.985,0.184440421,99.67,OUT017,2007,,Tier 2,Ahmedabad,3295.71
NCR54,Household,Low Fat,16.35,0.091074449,196.811,OUT017,2007,,Tier 2,Ahmedabad,3338.987
DRM23,Hard Drinks,Low Fat,16.6,0.136500981,173.3422,OUT017,2007,,Tier 2,Ahmedabad,4138.6128
FDR45,Snack Foods,Low Fat,10.8,0.029107004,240.5222,OUT017,2007,,Tier 2,Ahmedabad,4541.4218
FDK41,Frozen Foods,Low Fat,14.3,0.12826315,83.4224,OUT017,2007,,Tier 2,Ahmedabad,681.7792
DRI03,Dairy,Low Fat,6.03,0.022832115,176.7028,OUT017,2007,,Tier 2,Ahmedabad,1416.8224
NCF30,Household,Low Fat,17.0,0.126958147,125.8362,OUT017,2007,,Tier 2,Ahmedabad,2516.724
DRC24,Soft Drinks,Low Fat,17.85,0.024961677,153.1998,OUT017,2007,,Tier 2,Ahmedabad,3383.5956
NCO53,Health and Hygiene,Low Fat,16.2,0.176175402,184.0608,OUT017,2007,,Tier 2,Ahmedabad,2021.3688
FDF14,Canned,Low Fat,7.55,0.0273235,151.934,OUT017,2007,,Tier 2,Ahmedabad,1837.608
NCL18,Household,Low Fat,18.85,0.168531813,192.5136,OUT017,2007,,Tier 2,Ahmedabad,2916.204
NCB43,Household,Low Fat,20.2,0.100477461,187.7898,OUT017,2007,,Tier 2,Ahmedabad,2245.0776
FDB50,Canned,Low Fat,13.0,0.154487495,77.2986,OUT017,2007,,Tier 2,Ahmedabad,1246.3776
FDU25,Canned,Low Fat,12.35,0.026832182,57.3246,OUT017,2007,,Tier 2,Ahmedabad,1332.2658
NCU42,Household,Low Fat,9.0,0.019616991,169.6474,OUT017,2007,,Tier 2,Ahmedabad,2526.711
FDN60,Baking Goods,Low Fat,15.1,0.095696334,159.7604,OUT017,2007,,Tier 2,Ahmedabad,2693.8268
FDW10,Snack Foods,Low Fat,21.2,0.071076055,174.837,OUT017,2007,,Tier 2,Ahmedabad,5469.547
FDV32,Fruits and Vegetables,Low Fat,7.785,0.089210159,64.251,OUT017,2007,,Tier 2,Ahmedabad,1328.271
DRI39,Dairy,Low Fat,13.8,0.097611115,54.893,OUT017,2007,,Tier 2,Ahmedabad,679.116
NCA29,Household,Low Fat,10.5,0.027430696,171.1106,OUT017,2007,,Tier 2,Ahmedabad,3593.3226
DRH36,Soft Drinks,Low Fat,16.2,0.033568871,74.9696,OUT017,2007,,Tier 2,Ahmedabad,2162.5184
FDQ16,Frozen Foods,Low Fat,19.7,0.041974489,108.6912,OUT017,2007,,Tier 2,Ahmedabad,2183.824
DRI59,Hard Drinks,Low Fat,9.5,0.041065647,223.5088,OUT017,2007,,Tier 2,Ahmedabad,4697.8848
NCH42,Household,Low Fat,6.86,0.03674399,231.201,OUT017,2007,,Tier 2,Ahmedabad,6201.927
FDJ09,Snack Foods,Low Fat,15.0,0.058725134,43.6744,OUT017,2007,,Tier 2,Ahmedabad,407.4696
FDV39,Meat,Low Fat,11.3,0.007321067,197.7426,OUT017,2007,,Tier 2,Ahmedabad,2570.6538
FDY36,Baking Goods,Low Fat,12.3,0.009463757,73.838,OUT017,2007,,Tier 2,Ahmedabad,1245.046
FDS10,Snack Foods,Low Fat,19.2,0.035384612,180.3318,OUT017,2007,,Tier 2,Ahmedabad,3428.2042
DRG15,Dairy,Low Fat,6.13,0.077169953,63.0536,OUT017,2007,,Tier 2,Ahmedabad,1225.072
NCE55,Household,Low Fat,8.92,0.130663423,175.237,OUT017,2007,,Tier 2,Ahmedabad,2117.244
FDH19,Meat,Low Fat,19.35,0.033275634,173.8738,OUT017,2007,,Tier 2,Ahmedabad,2432.8332
FDW35,Breads,Low Fat,10.6,0.01115195,40.6454,OUT017,2007,,Tier 2,Ahmedabad,167.7816
FDG50,Canned,Low Fat,7.405,0.015358176,92.4146,OUT017,2007,,Tier 2,Ahmedabad,1459.4336
FDT46,Snack Foods,Low Fat,11.35,0.030981392,51.9008,OUT017,2007,,Tier 2,Ahmedabad,708.4112
NCD18,Household,Low Fat,16.0,0.073080167,228.4668,OUT017,2007,,Tier 2,Ahmedabad,2534.0348
FDU02,Dairy,Low Fat,13.35,0.103091351,229.9352,OUT017,2007,,Tier 2,Ahmedabad,2519.3872
FDT03,Meat,Low Fat,21.25,0.01005532,183.1608,OUT017,2007,,Tier 2,Ahmedabad,2756.412
FDO12,Baking Goods,Low Fat,15.75,0.055241242,196.5452,OUT017,2007,,Tier 2,Ahmedabad,3131.9232
FDP16,Frozen Foods,Low Fat,18.6,0.039517121,243.6802,OUT017,2007,,Tier 2,Ahmedabad,5896.3248
NCN06,Household,Low Fat,8.39,0.121178848,165.1868,OUT017,2007,,Tier 2,Ahmedabad,2784.3756
FDS13,Canned,Low Fat,6.465,0.125210375,266.8884,OUT017,2007,,Tier 2,Ahmedabad,1059.9536
DRK59,Hard Drinks,Low Fat,8.895,0.075876602,235.9616,OUT017,2007,,Tier 2,Ahmedabad,1874.8928
FDM40,Frozen Foods,Low Fat,10.195,0.0,143.1154,OUT017,2007,,Tier 2,Ahmedabad,2410.8618
FDT02,Dairy,Low Fat,12.6,0.024331586,34.9874,OUT017,2007,,Tier 2,Ahmedabad,529.311
NCX30,Household,Low Fat,16.7,0.026771204,246.3776,OUT017,2007,,Tier 2,Ahmedabad,1981.4208
FDK45,Seafood,Low Fat,11.65,0.034049703,112.286,OUT017,2007,,Tier 2,Ahmedabad,452.744
FDE46,Snack Foods,Low Fat,18.6,0.015858893,152.9366,OUT017,2007,,Tier 2,Ahmedabad,453.4098
DRF37,Soft Drinks,Low Fat,17.25,0.084809658,261.191,OUT017,2007,,Tier 2,Ahmedabad,3155.892
FDE57,Fruits and Vegetables,Low Fat,9.6,0.036490369,140.8154,OUT017,2007,,Tier 2,Ahmedabad,1843.6002
FDL16,Frozen Foods,Low Fat,12.85,0.169405699,46.106,OUT017,2007,,Tier 2,Ahmedabad,792.302
FDI56,Fruits and Vegetables,Low Fat,7.325,0.093913607,93.2146,OUT017,2007,,Tier 2,Ahmedabad,1733.0774
FDV36,Baking Goods,Low Fat,18.7,0.026450779,124.902,OUT017,2007,,Tier 2,Ahmedabad,2909.546
DRD12,Soft Drinks,Low Fat,6.96,0.077630199,90.9146,OUT017,2007,,Tier 2,Ahmedabad,1459.4336
FDM13,Breakfast,Low Fat,6.425,0.063532672,133.0626,OUT017,2007,,Tier 2,Ahmedabad,1442.7886
FDC41,Frozen Foods,Low Fat,15.6,0.117574554,75.667,OUT017,2007,,Tier 2,Ahmedabad,1301.639
FDV15,Meat,Low Fat,10.3,0.146999264,103.7648,OUT017,2007,,Tier 2,Ahmedabad,2804.3496
FDF16,Frozen Foods,Low Fat,7.3,0.086619573,147.6076,OUT017,2007,,Tier 2,Ahmedabad,3251.7672
FDY52,Frozen Foods,Low Fat,6.365,0.0,59.7536,OUT017,2007,,Tier 2,Ahmedabad,980.0576
FDI52,Frozen Foods,Low Fat,18.7,0.10527024,122.9072,OUT017,2007,,Tier 2,Ahmedabad,490.0288
FDF12,Baking Goods,Low Fat,8.235,0.0828941,149.3076,OUT017,2007,,Tier 2,Ahmedabad,1921.4988
NCT30,Household,Low Fat,9.1,0.080747059,46.9718,OUT017,2007,,Tier 2,Ahmedabad,850.8924
FDR08,Fruits and Vegetables,Low Fat,18.7,0.037835765,111.1886,OUT017,2007,,Tier 2,Ahmedabad,2334.9606
DRJ11,Hard Drinks,Low Fat,9.5,0.0,188.9872,OUT017,2007,,Tier 2,Ahmedabad,1323.6104
NCD54,Household,Low Fat,21.1,0.029173031,145.7786,OUT017,2007,,Tier 2,Ahmedabad,1444.786
NCP05,Health and Hygiene,Low Fat,19.6,0.025429614,151.7024,OUT017,2007,,Tier 2,Ahmedabad,2884.2456
DRM37,Soft Drinks,Low Fat,15.35,0.096943078,196.5768,OUT017,2007,,Tier 2,Ahmedabad,7685.9952
NCP53,Health and Hygiene,Low Fat,14.75,0.033076388,237.2906,OUT017,2007,,Tier 2,Ahmedabad,3089.9778
FDC17,Frozen Foods,Low Fat,12.15,0.015548178,211.2928,OUT017,2007,,Tier 2,Ahmedabad,5049.4272
DRL37,Soft Drinks,Low Fat,15.5,0.0,41.377,OUT017,2007,,Tier 2,Ahmedabad,649.155
FDN20,Fruits and Vegetables,Low Fat,19.35,0.026329989,169.2474,OUT017,2007,,Tier 2,Ahmedabad,3705.8428
NCI29,Health and Hygiene,Low Fat,8.6,0.032806066,143.6154,OUT017,2007,,Tier 2,Ahmedabad,2127.231
FDI57,Seafood,Low Fat,19.85,0.054331235,198.7768,OUT017,2007,,Tier 2,Ahmedabad,4532.7664
FDO38,Canned,Low Fat,17.25,0.07325106,76.4986,OUT017,2007,,Tier 2,Ahmedabad,778.986
FDY45,Snack Foods,Low Fat,17.5,0.026289984,253.7356,OUT017,2007,,Tier 2,Ahmedabad,3815.034
DRK23,Hard Drinks,Low Fat,8.395,0.072383777,251.504,OUT017,2007,,Tier 2,Ahmedabad,7084.112
DRH37,Soft Drinks,Low Fat,17.6,0.041851756,162.7526,OUT017,2007,,Tier 2,Ahmedabad,3124.5994
NCK07,Others,Low Fat,10.65,0.04896208,165.8526,OUT017,2007,,Tier 2,Ahmedabad,3946.8624
FDG47,Starchy Foods,Low Fat,12.8,0.070012633,262.8252,OUT017,2007,,Tier 2,Ahmedabad,2885.5772
FDD34,Snack Foods,Low Fat,7.945,0.01596609,163.521,OUT017,2007,,Tier 2,Ahmedabad,1794.331
DRJ51,Dairy,Low Fat,14.1,0.08849163,231.1668,OUT017,2007,,Tier 2,Ahmedabad,7602.1044
FDU11,Breads,Low Fat,4.785,0.0931174,118.6098,OUT017,2007,,Tier 2,Ahmedabad,361.5294
NCJ05,Health and Hygiene,Low Fat,18.7,0.046348967,153.6682,OUT017,2007,,Tier 2,Ahmedabad,1677.1502
NCQ30,Household,Low Fat,7.725,0.029236727,123.8414,OUT017,2007,,Tier 2,Ahmedabad,1340.2554
FDN40,Frozen Foods,Low Fat,5.88,0.086945823,152.9998,OUT017,2007,,Tier 2,Ahmedabad,3691.1952
NCQ38,Others,Low Fat,16.35,0.013442036,104.528,OUT017,2007,,Tier 2,Ahmedabad,1065.28
FDW34,Snack Foods,Low Fat,9.6,0.035780385,241.317,OUT017,2007,,Tier 2,Ahmedabad,3645.255
FDX19,Fruits and Vegetables,Low Fat,19.1,0.097280981,232.6958,OUT017,2007,,Tier 2,Ahmedabad,5375.0034
NCO18,Household,Low Fat,13.15,0.024790707,177.5686,OUT017,2007,,Tier 2,Ahmedabad,3910.9092
FDZ48,Baking Goods,Low Fat,17.75,0.076389281,111.1544,OUT017,2007,,Tier 2,Ahmedabad,1118.544
FDL45,Snack Foods,Low Fat,15.6,0.037901015,124.1704,OUT017,2007,,Tier 2,Ahmedabad,1877.556
NCX17,Health and Hygiene,Low Fat,21.25,0.114246019,231.23,OUT017,2007,,Tier 2,Ahmedabad,3029.39
FDT58,Snack Foods,Low Fat,9.0,0.086440911,167.0816,OUT017,2007,,Tier 2,Ahmedabad,1342.2528
FDV50,Dairy,Low Fat,14.3,0.123264522,123.273,OUT017,2007,,Tier 2,Ahmedabad,1108.557
FDS07,Fruits and Vegetables,Low Fat,12.35,0.100322104,113.7518,OUT017,2007,,Tier 2,Ahmedabad,2049.3324
FDW59,Breads,Low Fat,13.15,0.020833091,86.5566,OUT017,2007,,Tier 2,Ahmedabad,1860.2452
NCT17,Health and Hygiene,Low Fat,10.8,0.042102658,189.7214,OUT017,2007,,Tier 2,Ahmedabad,1695.7926
NCM17,Health and Hygiene,Low Fat,7.93,0.071538243,44.5086,OUT017,2007,,Tier 2,Ahmedabad,1249.0408
FDN12,Baking Goods,Low Fat,15.6,0.081562686,112.7544,OUT017,2007,,Tier 2,Ahmedabad,1118.544
FDY46,Snack Foods,Low Fat,18.6,0.048160824,188.9898,OUT017,2007,,Tier 2,Ahmedabad,3554.7062
FDF22,Snack Foods,Low Fat,6.865,0.057152139,211.8218,OUT017,2007,,Tier 2,Ahmedabad,4915.6014
DRI51,Dairy,Low Fat,17.25,0.042480566,173.4764,OUT017,2007,,Tier 2,Ahmedabad,2404.8696
FDZ55,Fruits and Vegetables,Low Fat,6.055,0.025552424,158.492,OUT017,2007,,Tier 2,Ahmedabad,3994.8
FDX40,Frozen Foods,Low Fat,12.85,0.099553084,40.0164,OUT017,2007,,Tier 2,Ahmedabad,1312.9576
NCA41,Health and Hygiene,Low Fat,16.75,0.032771033,192.3162,OUT017,2007,,Tier 2,Ahmedabad,2308.9944
NCI43,Household,Low Fat,19.85,0.026115595,49.0376,OUT017,2007,,Tier 2,Ahmedabad,143.8128
FDS50,Dairy,Low Fat,17.0,0.055746931,220.0114,OUT017,2007,,Tier 2,Ahmedabad,2217.114
FDB32,Fruits and Vegetables,Low Fat,20.6,0.023585598,94.7778,OUT017,2007,,Tier 2,Ahmedabad,1314.2892
FDL20,Fruits and Vegetables,Low Fat,17.1,0.129140919,109.4886,OUT017,2007,,Tier 2,Ahmedabad,1667.829
FDZ46,Snack Foods,Low Fat,7.485,0.069514712,108.7228,OUT017,2007,,Tier 2,Ahmedabad,1326.2736
FDG45,Fruits and Vegetables,Low Fat,8.1,0.128760294,213.7902,OUT017,2007,,Tier 2,Ahmedabad,5946.9256
FDJ07,Meat,Low Fat,7.26,0.014505108,118.415,OUT017,2007,,Tier 2,Ahmedabad,1747.725
FDD09,Fruits and Vegetables,Low Fat,13.5,0.021617996,179.6976,OUT017,2007,,Tier 2,Ahmedabad,1810.976
FDA10,Snack Foods,Low Fat,20.35,0.142618182,123.2072,OUT017,2007,,Tier 2,Ahmedabad,1225.072
FDE24,Baking Goods,Low Fat,14.85,0.093991286,140.9812,OUT017,2007,,Tier 2,Ahmedabad,3277.0676
NCL31,Others,Low Fat,7.39,0.120961347,143.847,OUT017,2007,,Tier 2,Ahmedabad,4866.998
FDU13,Canned,Low Fat,8.355,0.188619537,146.4418,OUT017,2007,,Tier 2,Ahmedabad,3089.9778
NCC18,Household,Low Fat,19.1,0.178272728,172.4422,OUT017,2007,,Tier 2,Ahmedabad,1551.9798
FDR04,Frozen Foods,Low Fat,7.075,0.022694623,98.8068,OUT017,2007,,Tier 2,Ahmedabad,2527.3768
NCP06,Household,Low Fat,20.7,0.039467795,151.7366,OUT017,2007,,Tier 2,Ahmedabad,604.5464
FDI22,Snack Foods,Low Fat,12.6,0.096756649,208.7612,OUT017,2007,,Tier 2,Ahmedabad,5226.53
FDS14,Dairy,Low Fat,7.285,0.0,155.1288,OUT017,2007,,Tier 2,Ahmedabad,1414.1592
NCN19,Others,Low Fat,13.1,0.012167988,190.253,OUT017,2007,,Tier 2,Ahmedabad,4174.566
FDC46,Snack Foods,Low Fat,17.7,0.117201696,184.0266,OUT017,2007,,Tier 2,Ahmedabad,2397.5458
NCO54,Household,Low Fat,19.5,0.014355033,55.4614,OUT017,2007,,Tier 2,Ahmedabad,552.614
FDK27,Meat,Low Fat,11.0,0.008997141,119.9756,OUT017,2007,,Tier 2,Ahmedabad,1938.8096
FDD17,Frozen Foods,Low Fat,7.5,0.032811503,239.6906,OUT017,2007,,Tier 2,Ahmedabad,2614.5966
FDX60,Baking Goods,Low Fat,14.35,0.081050006,79.196,OUT017,2007,,Tier 2,Ahmedabad,1278.336
DRH39,Dairy,Low Fat,20.7,0.093214498,74.667,OUT017,2007,,Tier 2,Ahmedabad,2143.876
NCP14,Household,Low Fat,8.275,0.110913601,106.3306,OUT017,2007,,Tier 2,Ahmedabad,1254.3672
NCM07,Others,Low Fat,9.395,0.040187877,85.6908,OUT017,2007,,Tier 2,Ahmedabad,1593.9252
FDQ52,Frozen Foods,Low Fat,17.0,0.120060274,246.5434,OUT017,2007,,Tier 2,Ahmedabad,4470.1812
FDT08,Fruits and Vegetables,Low Fat,13.65,0.049496899,151.505,OUT017,2007,,Tier 2,Ahmedabad,2846.295
FDT43,Fruits and Vegetables,Low Fat,16.35,0.020664178,50.8324,OUT017,2007,,Tier 2,Ahmedabad,1298.31
FDD03,Dairy,Low Fat,13.3,0.080257683,232.63,OUT017,2007,,Tier 2,Ahmedabad,1864.24
FDZ15,Dairy,Low Fat,13.1,0.020988798,117.7782,OUT017,2007,,Tier 2,Ahmedabad,1191.782
NCV06,Household,Low Fat,11.3,0.06705851,194.0478,OUT017,2007,,Tier 2,Ahmedabad,3293.7126
NCM42,Household,Low Fat,6.13,0.02848169,110.4912,OUT017,2007,,Tier 2,Ahmedabad,1310.2944
DRG13,Soft Drinks,Low Fat,17.25,0.037396492,165.6526,OUT017,2007,,Tier 2,Ahmedabad,1808.9786
FDR21,Snack Foods,Low Fat,19.7,0.067314073,175.137,OUT017,2007,,Tier 2,Ahmedabad,2822.992
FDF59,Starchy Foods,Low Fat,12.5,0.0,127.102,OUT017,2007,,Tier 2,Ahmedabad,253.004
FDQ20,Fruits and Vegetables,Low Fat,8.325,0.029953314,39.5138,OUT017,2007,,Tier 2,Ahmedabad,568.5932
FDD29,Frozen Foods,Low Fat,12.15,0.018514652,252.7698,OUT017,2007,,Tier 2,Ahmedabad,5834.4054
FDU48,Baking Goods,Low Fat,18.85,0.055671582,133.3284,OUT017,2007,,Tier 2,Ahmedabad,263.6568
FDC20,Fruits and Vegetables,Low Fat,10.65,0.024107056,56.6272,OUT017,2007,,Tier 2,Ahmedabad,447.4176
FDF02,Canned,Low Fat,16.2,0.104058452,102.499,OUT017,2007,,Tier 2,Ahmedabad,2063.98
FDV43,Fruits and Vegetables,Low Fat,16.0,0.077290355,44.5086,OUT017,2007,,Tier 2,Ahmedabad,713.7376
FDP56,Fruits and Vegetables,Low Fat,8.185,0.046747071,49.9692,OUT017,2007,,Tier 2,Ahmedabad,837.5764
NCR41,Health and Hygiene,Low Fat,17.85,0.018125948,94.9094,OUT017,2007,,Tier 2,Ahmedabad,761.6752
FDX23,Baking Goods,Low Fat,6.445,0.029859711,94.1436,OUT017,2007,,Tier 2,Ahmedabad,1418.154
FDD57,Fruits and Vegetables,Low Fat,18.1,0.022526293,95.0094,OUT017,2007,,Tier 2,Ahmedabad,1713.7692
FDE16,Frozen Foods,Low Fat,8.895,0.026492726,208.4954,OUT017,2007,,Tier 2,Ahmedabad,6251.862
NCU18,Household,Low Fat,15.1,0.056155909,140.5496,OUT017,2007,,Tier 2,Ahmedabad,2681.8424
NCL54,Household,Low Fat,12.6,0.083221904,174.5054,OUT017,2007,,Tier 2,Ahmedabad,2626.581
DRF13,Soft Drinks,Low Fat,12.1,0.029949818,146.3444,OUT017,2007,,Tier 2,Ahmedabad,3773.7544
FDX50,Dairy,Low Fat,20.1,0.075049323,110.4228,OUT017,2007,,Tier 2,Ahmedabad,1105.228
FDP24,Baking Goods,Low Fat,20.6,0.083473583,120.8756,OUT017,2007,,Tier 2,Ahmedabad,1211.756
NCZ41,Health and Hygiene,Low Fat,19.85,0.06478563,123.7704,OUT017,2007,,Tier 2,Ahmedabad,2503.408
FDP37,Breakfast,Low Fat,15.6,0.143915417,127.5994,OUT017,2007,,Tier 2,Ahmedabad,2441.4886
FDY31,Fruits and Vegetables,Low Fat,5.98,0.043809261,146.8418,OUT017,2007,,Tier 2,Ahmedabad,1765.7016
NCU30,Household,Low Fat,5.11,0.035071955,163.221,OUT017,2007,,Tier 2,Ahmedabad,2773.057
FDC48,Baking Goods,Low Fat,9.195,0.015949001,84.1592,OUT017,2007,,Tier 2,Ahmedabad,1238.388
DRE48,Soft Drinks,Low Fat,8.43,0.0,195.3768,OUT017,2007,,Tier 2,Ahmedabad,1576.6144
DRM59,Hard Drinks,Low Fat,5.88,0.003612411,154.1998,OUT017,2007,,Tier 2,Ahmedabad,3537.3954
NCP54,Household,Low Fat,15.35,0.035348491,124.673,OUT017,2007,,Tier 2,Ahmedabad,2093.941
FDN10,Snack Foods,Low Fat,11.5,0.0463847,118.9124,OUT017,2007,,Tier 2,Ahmedabad,1540.6612
DRN47,Hard Drinks,Low Fat,12.1,0.016921927,178.366,OUT017,2007,,Tier 2,Ahmedabad,4314.384
FDK55,Meat,Low Fat,18.5,0.025907416,87.7172,OUT017,2007,,Tier 2,Ahmedabad,802.9548
FDQ21,Snack Foods,Low Fat,21.25,0.019533098,120.4756,OUT017,2007,,Tier 2,Ahmedabad,1938.8096
FDA31,Fruits and Vegetables,Low Fat,7.1,0.110633958,173.808,OUT017,2007,,Tier 2,Ahmedabad,1211.756
FDX43,Fruits and Vegetables,Low Fat,5.655,0.085757338,164.75,OUT017,2007,,Tier 2,Ahmedabad,1498.05
FDC44,Fruits and Vegetables,Low Fat,15.6,0.173573164,114.4518,OUT017,2007,,Tier 2,Ahmedabad,2390.8878
FDA46,Snack Foods,Low Fat,13.6,0.11830085,196.2136,OUT017,2007,,Tier 2,Ahmedabad,1944.136
FDT28,Frozen Foods,Low Fat,13.3,0.063925726,151.8708,OUT017,2007,,Tier 2,Ahmedabad,1655.1788
NCJ06,Household,Low Fat,20.1,0.034848629,118.6782,OUT017,2007,,Tier 2,Ahmedabad,2502.7422
FDT21,Snack Foods,Low Fat,7.42,0.02050719,249.7092,OUT017,2007,,Tier 2,Ahmedabad,7719.2852
FDK50,Canned,Low Fat,7.96,0.0,160.7894,OUT017,2007,,Tier 2,Ahmedabad,3235.788
FDV09,Snack Foods,Low Fat,12.1,0.020684919,148.5734,OUT017,2007,,Tier 2,Ahmedabad,1336.2606
NCW30,Household,Low Fat,5.21,0.011072173,257.8962,OUT017,2007,,Tier 2,Ahmedabad,4402.9354
FDB15,Dairy,Low Fat,10.895,0.137584599,262.2568,OUT017,2007,,Tier 2,Ahmedabad,3954.852
NCT18,Household,Low Fat,14.6,0.059741172,179.6976,OUT017,2007,,Tier 2,Ahmedabad,5070.7328
FDI45,Fruits and Vegetables,Low Fat,13.1,0.037793818,173.8054,OUT017,2007,,Tier 2,Ahmedabad,2801.6864
DRO59,Hard Drinks,Low Fat,11.8,0.054460571,77.0012,OUT017,2007,,Tier 2,Ahmedabad,2277.036
FDE32,Fruits and Vegetables,Low Fat,20.7,0.04903471,39.9506,OUT017,2007,,Tier 2,Ahmedabad,872.8638
NCW29,Health and Hygiene,Low Fat,14.0,0.029026218,131.331,OUT017,2007,,Tier 2,Ahmedabad,3635.268
FDV51,Meat,Low Fat,16.35,0.03272295,165.7842,OUT017,2007,,Tier 2,Ahmedabad,1823.6262
NCQ18,Household,Low Fat,15.75,0.135836828,100.37,OUT017,2007,,Tier 2,Ahmedabad,1298.31
FDF46,Snack Foods,Low Fat,7.07,0.094201018,115.8834,OUT017,2007,,Tier 2,Ahmedabad,1036.6506
FDS01,Canned,Low Fat,11.6,0.017845372,179.0686,OUT017,2007,,Tier 2,Ahmedabad,5688.5952
DRN59,Hard Drinks,Low Fat,15.0,0.064504433,47.306,OUT017,2007,,Tier 2,Ahmedabad,652.484
FDA33,Snack Foods,Low Fat,6.48,0.034091649,146.2076,OUT017,2007,,Tier 2,Ahmedabad,2364.9216
FDJ16,Frozen Foods,Low Fat,9.195,0.115535487,59.5246,OUT017,2007,,Tier 2,Ahmedabad,810.9444
NCW53,Health and Hygiene,Low Fat,18.35,0.03066757,193.4162,OUT017,2007,,Tier 2,Ahmedabad,2116.5782
NCM53,Health and Hygiene,Low Fat,18.75,0.05233528,108.128,OUT017,2007,,Tier 2,Ahmedabad,1065.28
FDV40,Frozen Foods,Low Fat,17.35,0.0,72.2038,OUT017,2007,,Tier 2,Ahmedabad,886.8456
FDP26,Dairy,Low Fat,7.785,0.140342195,105.6306,OUT017,2007,,Tier 2,Ahmedabad,627.1836
FDL10,Snack Foods,Low Fat,8.395,0.039715591,100.1042,OUT017,2007,,Tier 2,Ahmedabad,1289.6546
DRG49,Soft Drinks,Low Fat,7.81,0.067836851,246.1486,OUT017,2007,,Tier 2,Ahmedabad,5375.6692
FDC28,Frozen Foods,Low Fat,7.905,0.0,109.1254,OUT017,2007,,Tier 2,Ahmedabad,1627.881
NCW06,Household,Low Fat,16.2,0.050625182,193.1162,OUT017,2007,,Tier 2,Ahmedabad,2501.4106
FDQ44,Fruits and Vegetables,Low Fat,20.5,0.036344721,122.3756,OUT017,2007,,Tier 2,Ahmedabad,2544.6876
FDD08,Fruits and Vegetables,Low Fat,8.3,0.03555434,37.4506,OUT017,2007,,Tier 2,Ahmedabad,796.9626
FDY50,Dairy,Low Fat,5.8,0.13169655,89.4172,OUT017,2007,,Tier 2,Ahmedabad,2498.0816
FDW50,Dairy,Low Fat,13.1,0.076005548,166.1158,OUT017,2007,,Tier 2,Ahmedabad,1169.8106
NCM29,Health and Hygiene,Low Fat,11.5,0.01774202,129.6626,OUT017,2007,,Tier 2,Ahmedabad,1836.2764
FDZ27,Dairy,Low Fat,7.935,0.017253305,51.435,OUT017,2007,,Tier 2,Ahmedabad,499.35
NCQ05,Health and Hygiene,Low Fat,11.395,0.0,149.2708,OUT017,2007,,Tier 2,Ahmedabad,2407.5328
NCJ17,Health and Hygiene,Low Fat,7.68,0.153419412,86.4224,OUT017,2007,,Tier 2,Ahmedabad,511.3344
NCO29,Health and Hygiene,Low Fat,11.15,0.032438645,163.0526,OUT017,2007,,Tier 2,Ahmedabad,2302.3364
FDS23,Breads,Low Fat,4.635,0.141686037,126.9994,OUT017,2007,,Tier 2,Ahmedabad,1798.9916
FDB28,Dairy,Low Fat,6.615,0.093913607,198.7426,OUT017,2007,,Tier 2,Ahmedabad,1186.4556
FDE44,Fruits and Vegetables,Low Fat,14.65,0.172357491,50.8692,OUT017,2007,,Tier 2,Ahmedabad,788.3072
FDK48,Baking Goods,Low Fat,7.445,0.037845086,75.5354,OUT017,2007,,Tier 2,Ahmedabad,1956.1204
FDZ09,Snack Foods,Low Fat,17.6,0.105472205,165.6868,OUT017,2007,,Tier 2,Ahmedabad,3111.9492
NCY53,Health and Hygiene,Low Fat,20.0,0.058812134,111.6544,OUT017,2007,,Tier 2,Ahmedabad,1565.9616
NCS29,Health and Hygiene,Low Fat,9.0,0.069938838,264.8884,OUT017,2007,,Tier 2,Ahmedabad,2914.8724
FDI14,Canned,Low Fat,14.1,0.090185027,140.2496,OUT017,2007,,Tier 2,Ahmedabad,2681.8424
FDR47,Breads,Low Fat,17.85,0.087963415,193.3794,OUT017,2007,,Tier 2,Ahmedabad,4291.7468
FDD53,Frozen Foods,Low Fat,16.2,0.044472637,43.3454,OUT017,2007,,Tier 2,Ahmedabad,922.7988
FDS39,Meat,Low Fat,6.895,0.022587621,143.7812,OUT017,2007,,Tier 2,Ahmedabad,1994.7368
DRB24,Soft Drinks,Low Fat,8.785,0.020693619,153.1656,OUT017,2007,,Tier 2,Ahmedabad,1853.5872
FDD39,Dairy,Low Fat,16.7,0.070551723,217.685,OUT017,2007,,Tier 2,Ahmedabad,2163.85
NCO41,Health and Hygiene,Low Fat,12.5,0.018955479,100.1384,OUT017,2007,,Tier 2,Ahmedabad,2167.8448
DRK35,Hard Drinks,Low Fat,8.365,0.072252888,39.6506,OUT017,2007,,Tier 2,Ahmedabad,834.9132
FDO32,Fruits and Vegetables,Low Fat,6.36,0.121225455,45.906,OUT017,2007,,Tier 2,Ahmedabad,1118.544
FDM03,Meat,Low Fat,12.65,0.123726711,107.7938,OUT017,2007,,Tier 2,Ahmedabad,2251.0698
FDH24,Baking Goods,Low Fat,20.7,0.021552357,157.0288,OUT017,2007,,Tier 2,Ahmedabad,2985.4472
DRK39,Dairy,Low Fat,7.02,0.0,83.825,OUT017,2007,,Tier 2,Ahmedabad,1414.825
NCL42,Household,Low Fat,18.85,0.040599963,244.0144,OUT017,2007,,Tier 2,Ahmedabad,5635.3312
NCB19,Household,Low Fat,6.525,0.090806457,86.4882,OUT017,2007,,Tier 2,Ahmedabad,1631.8758
FDK51,Dairy,Low Fat,19.85,0.005264755,264.5884,OUT017,2007,,Tier 2,Ahmedabad,5829.7448
DRH01,Soft Drinks,Low Fat,17.5,0.098457814,171.7738,OUT017,2007,,Tier 2,Ahmedabad,2432.8332
FDZ44,Fruits and Vegetables,Low Fat,8.185,0.038948125,115.4808,OUT017,2007,,Tier 2,Ahmedabad,820.2656
FDG53,Frozen Foods,Low Fat,10.0,0.046116319,141.818,OUT017,2007,,Tier 2,Ahmedabad,838.908
NCD55,Household,Low Fat,14.0,0.024468806,41.1454,OUT017,2007,,Tier 2,Ahmedabad,503.3448
FDW49,Canned,Low Fat,19.5,0.083019163,180.2002,OUT017,2007,,Tier 2,Ahmedabad,5193.9058
FDH12,Baking Goods,Low Fat,9.6,0.085434195,105.028,OUT017,2007,,Tier 2,Ahmedabad,2556.672
NCE43,Household,Low Fat,12.5,0.10402738,172.2448,OUT017,2007,,Tier 2,Ahmedabad,1874.8928
FDM56,Fruits and Vegetables,Low Fat,16.7,0.070588621,107.9912,OUT017,2007,,Tier 2,Ahmedabad,1419.4856
FDE34,Snack Foods,Low Fat,9.195,0.108501676,183.6634,OUT017,2007,,Tier 2,Ahmedabad,2362.9242
NCU17,Health and Hygiene,Low Fat,5.32,0.093408695,101.2674,OUT017,2007,,Tier 2,Ahmedabad,2241.0828
DRQ35,Hard Drinks,Low Fat,9.3,0.042530668,125.5388,OUT017,2007,,Tier 2,Ahmedabad,2848.2924
FDQ24,Baking Goods,Low Fat,15.7,0.074083388,253.3724,OUT017,2007,,Tier 2,Ahmedabad,6795.1548
FDB44,Fruits and Vegetables,Low Fat,6.655,0.0,212.4586,OUT017,2007,,Tier 2,Ahmedabad,2743.7618
NCN55,Others,Low Fat,14.6,0.059827007,239.2538,OUT017,2007,,Tier 2,Ahmedabad,3605.307
NCS53,Health and Hygiene,Low Fat,14.5,0.090286009,159.9604,OUT017,2007,,Tier 2,Ahmedabad,2218.4456
DRE60,Soft Drinks,Low Fat,9.395,0.160235723,227.872,OUT017,2007,,Tier 2,Ahmedabad,1584.604
NCY06,Household,Low Fat,15.25,0.06153089,132.2968,OUT017,2007,,Tier 2,Ahmedabad,1696.4584
FDU22,Snack Foods,Low Fat,12.35,0.093824276,119.9124,OUT017,2007,,Tier 2,Ahmedabad,2014.7108
DRJ35,Hard Drinks,Low Fat,10.1,0.046848053,60.6878,OUT017,2007,,Tier 2,Ahmedabad,363.5268
DRL35,Hard Drinks,Low Fat,15.7,0.030877303,42.177,OUT017,2007,,Tier 2,Ahmedabad,735.709
FDJ41,Frozen Foods,Low Fat,6.85,0.023012718,262.0594,OUT017,2007,,Tier 2,Ahmedabad,1569.9564
FDB21,Fruits and Vegetables,Low Fat,7.475,0.149360698,243.4854,OUT017,2007,,Tier 2,Ahmedabad,1691.7978
NCB54,Health and Hygiene,Low Fat,8.76,0.050335829,126.2336,OUT017,2007,,Tier 2,Ahmedabad,1406.1696
FDR39,Meat,Low Fat,20.35,0.084273286,181.7292,OUT017,2007,,Tier 2,Ahmedabad,4013.4424
FDG16,Frozen Foods,Low Fat,15.25,0.090324849,214.4192,OUT017,2007,,Tier 2,Ahmedabad,4961.5416
FDJ53,Frozen Foods,Low Fat,10.5,0.071660976,119.7098,OUT017,2007,,Tier 2,Ahmedabad,2410.196
FDM20,Fruits and Vegetables,Low Fat,10.0,0.038904624,245.4144,OUT017,2007,,Tier 2,Ahmedabad,6615.3888
NCJ42,Household,Low Fat,19.75,0.01438222,102.2332,OUT017,2007,,Tier 2,Ahmedabad,3075.996
FDW33,Snack Foods,Low Fat,9.395,0.099681254,106.428,OUT017,2007,,Tier 2,Ahmedabad,1917.504
FDK14,Canned,Low Fat,6.98,0.0413383,83.3934,OUT017,2007,,Tier 2,Ahmedabad,491.3604
FDX25,Canned,Low Fat,16.7,0.102633047,180.8292,OUT017,2007,,Tier 2,Ahmedabad,3466.1548
FDC58,Snack Foods,Low Fat,10.195,0.04217956,44.2428,OUT017,2007,,Tier 2,Ahmedabad,703.0848
NCA42,Household,Low Fat,6.965,0.028710065,158.1604,OUT017,2007,,Tier 2,Ahmedabad,2693.8268
FDH48,Baking Goods,Low Fat,13.5,0.06082246,85.154,OUT017,2007,,Tier 2,Ahmedabad,605.878
FDX37,Canned,Low Fat,16.2,0.063385859,98.17,OUT017,2007,,Tier 2,Ahmedabad,2696.49
FDD28,Frozen Foods,Low Fat,10.695,0.0,60.5904,OUT017,2007,,Tier 2,Ahmedabad,410.1328
NCA17,Health and Hygiene,Low Fat,20.6,0.045675104,150.9392,OUT017,2007,,Tier 2,Ahmedabad,4026.7584
NCP30,Household,Low Fat,20.5,0.032954044,39.3822,OUT017,2007,,Tier 2,Ahmedabad,314.2576
DRB25,Soft Drinks,Low Fat,12.3,0.069852615,107.4938,OUT017,2007,,Tier 2,Ahmedabad,2358.2636
NCM30,Household,Low Fat,19.1,0.067676056,40.8796,OUT017,2007,,Tier 2,Ahmedabad,371.5164
FDX58,Snack Foods,Low Fat,13.15,0.044011225,181.295,OUT017,2007,,Tier 2,Ahmedabad,4028.09
FDA11,Baking Goods,Low Fat,7.75,0.043483398,94.3436,OUT017,2007,,Tier 2,Ahmedabad,2363.59
FDF04,Frozen Foods,Low Fat,17.5,0.013714183,259.2304,OUT017,2007,,Tier 2,Ahmedabad,2841.6344
DRN11,Hard Drinks,Low Fat,7.85,0.163902159,143.3444,OUT017,2007,,Tier 2,Ahmedabad,1596.5884
NCX05,Health and Hygiene,Low Fat,15.2,0.097611115,116.5492,OUT017,2007,,Tier 2,Ahmedabad,810.9444
DRJ49,Soft Drinks,Low Fat,6.865,0.014072399,127.3652,OUT017,2007,,Tier 2,Ahmedabad,1679.1476
FDS26,Dairy,Low Fat,20.35,0.089975294,261.6594,OUT017,2007,,Tier 2,Ahmedabad,7588.1226
NCO42,Household,Low Fat,21.25,0.024795057,147.4102,OUT017,2007,,Tier 2,Ahmedabad,3791.0652
FDL26,Canned,Low Fat,18.0,0.073606829,156.6972,OUT017,2007,,Tier 2,Ahmedabad,4206.5244
NCT53,Health and Hygiene,Low Fat,5.4,0.048388423,163.0526,OUT017,2007,,Tier 2,Ahmedabad,2302.3364
NCI54,Household,Low Fat,15.2,0.0,110.4912,OUT017,2007,,Tier 2,Ahmedabad,1637.868
NCQ42,Household,Low Fat,20.35,0.0,125.1678,OUT017,2007,,Tier 2,Ahmedabad,1907.517
FDO23,Breads,Low Fat,17.85,0.0,93.1436,OUT045,2002,,Tier 2,Ahmedabad,2174.5028
NCP05,Health and Hygiene,Low Fat,19.6,0.0,153.3024,OUT045,2002,,Tier 2,Ahmedabad,2428.8384
FDV49,Canned,Low Fat,10.0,0.025879577,265.2226,OUT045,2002,,Tier 2,Ahmedabad,5815.0972
NCX54,Household,Low Fat,9.195,0.048157338,106.1622,OUT045,2002,,Tier 2,Ahmedabad,2117.244
DRH37,Soft Drinks,Low Fat,17.6,0.041700756,164.8526,OUT045,2002,,Tier 2,Ahmedabad,2302.3364
FDH35,Starchy Foods,Low Fat,18.25,0.0,164.7526,OUT045,2002,,Tier 2,Ahmedabad,4604.6728
FDV25,Canned,Low Fat,5.905,0.0,222.5456,OUT045,2002,,Tier 2,Ahmedabad,5305.0944
DRI25,Soft Drinks,Low Fat,19.6,0.033970195,55.1614,OUT045,2002,,Tier 2,Ahmedabad,1381.535
FDT28,Frozen Foods,Low Fat,13.3,0.063695084,151.0708,OUT045,2002,,Tier 2,Ahmedabad,1805.6496
NCP30,Household,Low Fat,20.5,0.032835147,40.2822,OUT045,2002,,Tier 2,Ahmedabad,707.0796
FDB51,Dairy,Low Fat,6.92,0.038532062,60.5852,OUT045,2002,,Tier 2,Ahmedabad,1314.2892
NCO55,Others,Low Fat,12.8,0.091221855,105.5938,OUT045,2002,,Tier 2,Ahmedabad,2143.876
FDO24,Baking Goods,Low Fat,11.1,0.176573035,157.4604,OUT045,2002,,Tier 2,Ahmedabad,3010.7476
FDV39,Meat,Low Fat,11.3,0.007294652,198.1426,OUT045,2002,,Tier 2,Ahmedabad,988.713
NCM53,Health and Hygiene,Low Fat,18.75,0.052146456,104.628,OUT045,2002,,Tier 2,Ahmedabad,745.696
FDN57,Snack Foods,Low Fat,18.25,0.054344186,140.2154,OUT045,2002,,Tier 2,Ahmedabad,1701.7848
NCD30,Household,Low Fat,19.7,0.026903714,96.0726,OUT045,2002,,Tier 2,Ahmedabad,1272.3438
FDL56,Fruits and Vegetables,Low Fat,14.1,0.126035694,86.4198,OUT045,2002,,Tier 2,Ahmedabad,1133.8574
NCR38,Household,Low Fat,17.25,0.113748685,251.3724,OUT045,2002,,Tier 2,Ahmedabad,6795.1548
FDN01,Breakfast,Low Fat,8.895,0.072545601,176.237,OUT045,2002,,Tier 2,Ahmedabad,1764.37
DRF49,Soft Drinks,Low Fat,7.27,0.071222087,113.5518,OUT045,2002,,Tier 2,Ahmedabad,569.259
FDF20,Fruits and Vegetables,Low Fat,12.85,0.033287541,198.4768,OUT045,2002,,Tier 2,Ahmedabad,1379.5376
DRE60,Soft Drinks,Low Fat,9.395,0.159657596,224.972,OUT045,2002,,Tier 2,Ahmedabad,7696.648
FDB21,Fruits and Vegetables,Low Fat,7.475,0.148821808,241.2854,OUT045,2002,,Tier 2,Ahmedabad,5317.0788
FDF46,Snack Foods,Low Fat,7.07,0.093861144,115.5834,OUT045,2002,,Tier 2,Ahmedabad,1267.0174
FDA33,Snack Foods,Low Fat,6.48,0.033968647,148.0076,OUT045,2002,,Tier 2,Ahmedabad,886.8456
FDB53,Frozen Foods,Low Fat,13.35,0.139735226,147.5392,OUT045,2002,,Tier 2,Ahmedabad,3877.6192
FDV59,Breads,Low Fat,13.35,0.048124443,216.7166,OUT045,2002,,Tier 2,Ahmedabad,3918.8988
FDU55,Fruits and Vegetables,Low Fat,16.2,0.035984104,260.6278,OUT045,2002,,Tier 2,Ahmedabad,4425.5726
NCY30,Household,Low Fat,20.25,0.026005891,180.9976,OUT045,2002,,Tier 2,Ahmedabad,2716.464
FDX60,Baking Goods,Low Fat,14.35,0.08075758,81.896,OUT045,2002,,Tier 2,Ahmedabad,878.856
NCA54,Household,Low Fat,16.5,0.036715907,180.0318,OUT045,2002,,Tier 2,Ahmedabad,3969.4996
FDY32,Fruits and Vegetables,Low Fat,7.605,0.129503146,164.021,OUT045,2002,,Tier 2,Ahmedabad,3914.904
NCF18,Household,Low Fat,18.35,0.089163056,191.3504,OUT045,2002,,Tier 2,Ahmedabad,3259.7568
NCE19,Household,Low Fat,8.97,0.093203257,52.7956,OUT045,2002,,Tier 2,Ahmedabad,1037.3164
NCJ29,Health and Hygiene,Low Fat,10.6,0.035264298,86.1224,OUT045,2002,,Tier 2,Ahmedabad,426.112
FDB44,Fruits and Vegetables,Low Fat,6.655,0.016993225,211.0586,OUT045,2002,,Tier 2,Ahmedabad,844.2344
FDB17,Frozen Foods,Low Fat,13.15,0.036746479,181.2976,OUT045,2002,,Tier 2,Ahmedabad,3259.7568
FDZ27,Dairy,Low Fat,7.935,0.017191055,51.535,OUT045,2002,,Tier 2,Ahmedabad,848.895
FDW28,Frozen Foods,Low Fat,18.25,0.089004389,196.7452,OUT045,2002,,Tier 2,Ahmedabad,978.726
FDG24,Baking Goods,Low Fat,7.975,0.014660821,85.125,OUT045,2002,,Tier 2,Ahmedabad,2663.2
NCH06,Household,Low Fat,12.3,0.076709639,247.846,OUT045,2002,,Tier 2,Ahmedabad,3448.844
FDA36,Baking Goods,Low Fat,5.985,0.005677876,184.8924,OUT045,2002,,Tier 2,Ahmedabad,1665.8316
NCO30,Household,Low Fat,19.5,0.015756784,185.0608,OUT045,2002,,Tier 2,Ahmedabad,2205.1296
FDT44,Fruits and Vegetables,Low Fat,16.6,0.103195401,117.8466,OUT045,2002,,Tier 2,Ahmedabad,942.7728
NCG42,Household,Low Fat,19.2,0.0,127.831,OUT045,2002,,Tier 2,Ahmedabad,1298.31
FDK43,Meat,Low Fat,9.8,0.0268952,128.402,OUT045,2002,,Tier 2,Ahmedabad,2403.538
FDR43,Fruits and Vegetables,Low Fat,18.2,0.161817014,37.819,OUT045,2002,,Tier 2,Ahmedabad,219.714
DRL23,Hard Drinks,Low Fat,18.35,0.015335349,106.6938,OUT045,2002,,Tier 2,Ahmedabad,1393.5194
NCX42,Household,Low Fat,6.36,0.00599072,163.6526,OUT045,2002,,Tier 2,Ahmedabad,5262.4832
FDU52,Frozen Foods,Low Fat,7.56,0.06390019,157.263,OUT045,2002,,Tier 2,Ahmedabad,2503.408
NCR41,Health and Hygiene,Low Fat,17.85,0.01806055,97.0094,OUT045,2002,,Tier 2,Ahmedabad,2094.6068
FDT08,Fruits and Vegetables,Low Fat,13.65,0.049318315,149.005,OUT045,2002,,Tier 2,Ahmedabad,2097.27
FDK44,Fruits and Vegetables,Low Fat,16.6,0.122475364,175.5738,OUT045,2002,,Tier 2,Ahmedabad,347.5476
FDZ22,Snack Foods,Low Fat,9.395,0.045361705,83.825,OUT045,2002,,Tier 2,Ahmedabad,665.8
NCF31,Household,Low Fat,9.13,0.051952573,152.3024,OUT045,2002,,Tier 2,Ahmedabad,1821.6288
FDR08,Fruits and Vegetables,Low Fat,18.7,0.037699254,110.2886,OUT045,2002,,Tier 2,Ahmedabad,2223.772
FDW49,Canned,Low Fat,19.5,0.082719632,179.3002,OUT045,2002,,Tier 2,Ahmedabad,2865.6032
FDL22,Snack Foods,Low Fat,16.85,0.036463975,90.7488,OUT045,2002,,Tier 2,Ahmedabad,543.2928
FDC35,Starchy Foods,Low Fat,7.435,0.123086812,206.9638,OUT045,2002,,Tier 2,Ahmedabad,1035.319
FDU14,Dairy,Low Fat,17.75,0.034823127,248.675,OUT045,2002,,Tier 2,Ahmedabad,4993.5
FDL20,Fruits and Vegetables,Low Fat,17.1,0.128674983,112.3886,OUT045,2002,,Tier 2,Ahmedabad,2334.9606
FDE39,Dairy,Low Fat,7.89,0.036207786,121.0782,OUT045,2002,,Tier 2,Ahmedabad,3456.1678
NCH55,Household,Low Fat,16.35,0.034742632,127.402,OUT045,2002,,Tier 2,Ahmedabad,759.012
NCE31,Household,Low Fat,7.67,0.185218446,36.3216,OUT045,2002,,Tier 2,Ahmedabad,415.4592
FDU11,Breads,Low Fat,4.785,0.092781435,119.7098,OUT045,2002,,Tier 2,Ahmedabad,1807.647
FDL40,Frozen Foods,Low Fat,17.7,0.011636708,94.541,OUT045,2002,,Tier 2,Ahmedabad,1061.951
NCR29,Health and Hygiene,Low Fat,7.565,0.054751689,54.793,OUT045,2002,,Tier 2,Ahmedabad,622.523
FDV07,Fruits and Vegetables,Low Fat,9.5,0.031346387,110.7228,OUT045,2002,,Tier 2,Ahmedabad,1657.842
FDM52,Frozen Foods,Low Fat,15.1,0.026046138,147.2076,OUT045,2002,,Tier 2,Ahmedabad,1773.6912
FDY07,Fruits and Vegetables,Low Fat,11.8,0.121848436,46.8402,OUT045,2002,,Tier 2,Ahmedabad,597.2226
FDH58,Snack Foods,Low Fat,12.3,0.037014587,115.1834,OUT045,2002,,Tier 2,Ahmedabad,1958.1178
NCD19,Household,Low Fat,8.93,0.0,55.4614,OUT045,2002,,Tier 2,Ahmedabad,331.5684
FDA15,Dairy,Low Fat,9.3,0.016054884,250.2092,OUT045,2002,,Tier 2,Ahmedabad,5976.2208
NCO54,Household,Low Fat,19.5,0.01430324,57.2614,OUT045,2002,,Tier 2,Ahmedabad,1547.3192
FDM46,Snack Foods,Low Fat,7.365,0.160292264,94.712,OUT045,2002,,Tier 2,Ahmedabad,932.12
DRM48,Soft Drinks,Low Fat,15.2,0.113125627,38.6848,OUT045,2002,,Tier 2,Ahmedabad,1155.8288
DRL11,Hard Drinks,Low Fat,10.5,0.048115543,159.0946,OUT045,2002,,Tier 2,Ahmedabad,4102.6596
NCO18,Household,Low Fat,13.15,0.024701262,176.8686,OUT045,2002,,Tier 2,Ahmedabad,2133.2232
FDB39,Dairy,Low Fat,11.6,0.038597077,57.9272,OUT045,2002,,Tier 2,Ahmedabad,615.1992
FDQ22,Snack Foods,Low Fat,16.75,0.029799965,39.1822,OUT045,2002,,Tier 2,Ahmedabad,314.2576
FDD04,Dairy,Low Fat,16.0,0.090153756,143.2154,OUT045,2002,,Tier 2,Ahmedabad,1418.154
NCN26,Household,Low Fat,10.85,0.028738058,117.1808,OUT045,2002,,Tier 2,Ahmedabad,703.0848
FDI14,Canned,Low Fat,14.1,0.089859642,140.2496,OUT045,2002,,Tier 2,Ahmedabad,1693.7952
FDE22,Snack Foods,Low Fat,9.695,0.029632784,159.692,OUT045,2002,,Tier 2,Ahmedabad,958.752
NCY05,Health and Hygiene,Low Fat,13.5,0.05510153,37.0874,OUT045,2002,,Tier 2,Ahmedabad,952.7598
NCI31,Others,Low Fat,20.0,0.081492092,35.519,OUT045,2002,,Tier 2,Ahmedabad,1025.332
NCZ18,Household,Low Fat,7.825,0.186445212,255.5698,OUT045,2002,,Tier 2,Ahmedabad,1522.0188
FDV23,Breads,Low Fat,11.0,0.106051405,124.4046,OUT045,2002,,Tier 2,Ahmedabad,2241.0828
FDF05,Frozen Foods,Low Fat,17.5,0.026925385,264.391,OUT045,2002,,Tier 2,Ahmedabad,5259.82
FDT46,Snack Foods,Low Fat,11.35,0.030869612,49.8008,OUT045,2002,,Tier 2,Ahmedabad,708.4112
FDT38,Dairy,Low Fat,18.7,0.057654132,83.1566,OUT045,2002,,Tier 2,Ahmedabad,1606.5754
NCI17,Health and Hygiene,Low Fat,8.645,0.143713508,96.641,OUT045,2002,,Tier 2,Ahmedabad,868.869
DRD15,Dairy,Low Fat,10.6,0.056911107,233.9642,OUT045,2002,,Tier 2,Ahmedabad,3717.8272
DRA12,Soft Drinks,Low Fat,11.6,0.0,141.6154,OUT045,2002,,Tier 2,Ahmedabad,3829.0158
NCK17,Health and Hygiene,Low Fat,11.0,0.037971697,38.948,OUT045,2002,,Tier 2,Ahmedabad,519.324
NCX29,Health and Hygiene,Low Fat,10.0,0.089333332,145.6102,OUT045,2002,,Tier 2,Ahmedabad,2624.5836
FDK38,Canned,Low Fat,6.65,0.053397989,149.3734,OUT045,2002,,Tier 2,Ahmedabad,296.9468
NCR30,Household,Low Fat,20.6,0.071136948,76.3696,OUT045,2002,,Tier 2,Ahmedabad,372.848
DRE13,Soft Drinks,Low Fat,6.28,0.027761289,85.8198,OUT045,2002,,Tier 2,Ahmedabad,872.198
FDF32,Fruits and Vegetables,Low Fat,16.35,0.068219025,198.9426,OUT045,2002,,Tier 2,Ahmedabad,3559.3668
NCE18,Household,Low Fat,10.0,0.021468792,251.675,OUT045,2002,,Tier 2,Ahmedabad,4244.475
FDC32,Fruits and Vegetables,Low Fat,18.35,0.099309997,91.4462,OUT045,2002,,Tier 2,Ahmedabad,1665.8316
NCT05,Health and Hygiene,Low Fat,10.895,0.020994339,255.6672,OUT045,2002,,Tier 2,Ahmedabad,4346.3424
FDD34,Snack Foods,Low Fat,7.945,0.015908485,161.421,OUT045,2002,,Tier 2,Ahmedabad,3425.541
FDL34,Snack Foods,Low Fat,16.0,0.041028937,142.6496,OUT045,2002,,Tier 2,Ahmedabad,1834.9448
NCA42,Household,Low Fat,6.965,0.0,159.6604,OUT045,2002,,Tier 2,Ahmedabad,3327.6684
NCL54,Household,Low Fat,12.6,0.082921642,175.2054,OUT045,2002,,Tier 2,Ahmedabad,3502.108
NCN07,Others,Low Fat,18.5,0.034013539,133.2284,OUT045,2002,,Tier 2,Ahmedabad,2768.3964
FDS50,Dairy,Low Fat,17.0,0.055545797,220.5114,OUT045,2002,,Tier 2,Ahmedabad,5321.0736
DRJ24,Soft Drinks,Low Fat,11.8,0.113559058,184.2924,OUT045,2002,,Tier 2,Ahmedabad,1850.924
FDI20,Fruits and Vegetables,Low Fat,19.1,0.038641968,212.1586,OUT045,2002,,Tier 2,Ahmedabad,5909.6408
FDI46,Snack Foods,Low Fat,9.5,0.074496043,251.9724,OUT045,2002,,Tier 2,Ahmedabad,2516.724
FDA46,Snack Foods,Low Fat,13.6,0.117874024,193.6136,OUT045,2002,,Tier 2,Ahmedabad,4471.5128
FDP04,Frozen Foods,Low Fat,15.35,0.013840784,65.2168,OUT045,2002,,Tier 2,Ahmedabad,958.752
FDY10,Snack Foods,Low Fat,17.6,0.049167388,114.9176,OUT045,2002,,Tier 2,Ahmedabad,1946.7992
FDK45,Seafood,Low Fat,11.65,0.033926852,111.586,OUT045,2002,,Tier 2,Ahmedabad,3395.58
DRG15,Dairy,Low Fat,6.13,0.076891526,61.5536,OUT045,2002,,Tier 2,Ahmedabad,796.2968
FDG26,Canned,Low Fat,18.85,0.042736348,255.933,OUT045,2002,,Tier 2,Ahmedabad,3844.995
DRF37,Soft Drinks,Low Fat,17.25,0.0,263.591,OUT045,2002,,Tier 2,Ahmedabad,788.973
FDZ56,Fruits and Vegetables,Low Fat,16.25,0.025789175,166.9474,OUT045,2002,,Tier 2,Ahmedabad,2863.6058
DRO35,Hard Drinks,Low Fat,13.85,0.034640466,116.1492,OUT045,2002,,Tier 2,Ahmedabad,1274.3412
FDF12,Baking Goods,Low Fat,8.235,0.08259502,149.1076,OUT045,2002,,Tier 2,Ahmedabad,1182.4608
FDF52,Frozen Foods,Low Fat,9.3,0.066918731,184.2292,OUT045,2002,,Tier 2,Ahmedabad,1641.8628
NCG43,Household,Low Fat,20.2,0.074390007,91.4462,OUT045,2002,,Tier 2,Ahmedabad,1943.4702
NCT29,Health and Hygiene,Low Fat,12.6,0.064240743,121.9414,OUT045,2002,,Tier 2,Ahmedabad,1462.0968
NCB43,Household,Low Fat,20.2,0.100114941,188.3898,OUT045,2002,,Tier 2,Ahmedabad,3554.7062
FDN31,Fruits and Vegetables,Low Fat,11.5,0.073029341,187.953,OUT045,2002,,Tier 2,Ahmedabad,2656.542
FDP39,Meat,Low Fat,12.65,0.069565759,52.4324,OUT045,2002,,Tier 2,Ahmedabad,571.2564
NCY18,Household,Low Fat,7.285,0.031214809,177.1054,OUT045,2002,,Tier 2,Ahmedabad,2626.581
FDK52,Frozen Foods,Low Fat,18.25,0.0793795,226.1062,OUT045,2002,,Tier 2,Ahmedabad,6771.186
FDV08,Fruits and Vegetables,Low Fat,7.35,0.028652919,40.5454,OUT045,2002,,Tier 2,Ahmedabad,545.2902
DRK47,Hard Drinks,Low Fat,7.905,0.064194304,229.4694,OUT045,2002,,Tier 2,Ahmedabad,2055.3246
FDN48,Baking Goods,Low Fat,13.35,0.065082452,93.0804,OUT045,2002,,Tier 2,Ahmedabad,2113.2492
NCO02,Others,Low Fat,11.15,0.073516952,65.9142,OUT045,2002,,Tier 2,Ahmedabad,790.9704
FDF41,Frozen Foods,Low Fat,12.15,0.131445848,246.846,OUT045,2002,,Tier 2,Ahmedabad,6404.996
DRZ24,Soft Drinks,Low Fat,7.535,0.0,121.644,OUT045,2002,,Tier 2,Ahmedabad,1557.972
DRG49,Soft Drinks,Low Fat,7.81,0.067592098,246.0486,OUT045,2002,,Tier 2,Ahmedabad,7086.1094
FDP25,Canned,Low Fat,15.2,0.021250528,216.5824,OUT045,2002,,Tier 2,Ahmedabad,5241.1776
FDT21,Snack Foods,Low Fat,7.42,0.0204332,248.9092,OUT045,2002,,Tier 2,Ahmedabad,5976.2208
DRC27,Dairy,Low Fat,13.8,0.058220302,247.4802,OUT045,2002,,Tier 2,Ahmedabad,1474.0812
FDL45,Snack Foods,Low Fat,15.6,0.037764269,124.9704,OUT045,2002,,Tier 2,Ahmedabad,2253.0672
FDD35,Starchy Foods,Low Fat,12.15,0.025916883,120.244,OUT045,2002,,Tier 2,Ahmedabad,2277.036
FDS23,Breads,Low Fat,4.635,0.141174838,127.0994,OUT045,2002,,Tier 2,Ahmedabad,2826.9868
NCJ18,Household,Low Fat,12.35,0.164274416,119.8124,OUT045,2002,,Tier 2,Ahmedabad,2133.2232
FDA48,Baking Goods,Low Fat,12.1,0.115107028,222.0114,OUT045,2002,,Tier 2,Ahmedabad,3547.3824
NCZ54,Household,Low Fat,14.65,0.083528446,162.4552,OUT045,2002,,Tier 2,Ahmedabad,2274.3728
DRG37,Soft Drinks,Low Fat,16.2,0.019417732,153.7972,OUT045,2002,,Tier 2,Ahmedabad,1402.1748
DRL35,Hard Drinks,Low Fat,15.7,0.030765898,43.277,OUT045,2002,,Tier 2,Ahmedabad,649.155
FDB59,Snack Foods,Low Fat,18.25,0.015309885,197.6084,OUT045,2002,,Tier 2,Ahmedabad,2380.9008
FDD51,Dairy,Low Fat,11.15,0.0,44.7744,OUT045,2002,,Tier 2,Ahmedabad,181.0976
FDV31,Fruits and Vegetables,Low Fat,9.8,0.106933748,175.337,OUT045,2002,,Tier 2,Ahmedabad,529.311
NCD42,Health and Hygiene,Low Fat,16.5,0.012663476,39.3506,OUT045,2002,,Tier 2,Ahmedabad,645.1602
FDI28,Frozen Foods,Low Fat,14.3,0.026375082,79.6302,OUT045,2002,,Tier 2,Ahmedabad,792.302
DRF60,Soft Drinks,Low Fat,10.8,0.052174319,240.3564,OUT045,2002,,Tier 2,Ahmedabad,4290.4152
FDR48,Baking Goods,Low Fat,11.65,0.131770922,151.1024,OUT045,2002,,Tier 2,Ahmedabad,1518.024
DRE48,Soft Drinks,Low Fat,8.43,0.017360867,196.2768,OUT045,2002,,Tier 2,Ahmedabad,1576.6144
FDI45,Fruits and Vegetables,Low Fat,13.1,0.037657459,175.8054,OUT045,2002,,Tier 2,Ahmedabad,2801.6864
NCY06,Household,Low Fat,15.25,0.061308889,128.8968,OUT045,2002,,Tier 2,Ahmedabad,2348.9424
FDE16,Frozen Foods,Low Fat,8.895,0.026397141,207.8954,OUT045,2002,,Tier 2,Ahmedabad,3542.7218
NCQ38,Others,Low Fat,16.35,0.013393537,106.028,OUT045,2002,,Tier 2,Ahmedabad,1065.28
FDR26,Dairy,Low Fat,20.7,0.042923652,178.3028,OUT045,2002,,Tier 2,Ahmedabad,1062.6168
FDW50,Dairy,Low Fat,13.1,0.075731322,167.5158,OUT045,2002,,Tier 2,Ahmedabad,1504.0422
FDT31,Fruits and Vegetables,Low Fat,19.75,0.01247354,187.5872,OUT045,2002,,Tier 2,Ahmedabad,1323.6104
DRD25,Soft Drinks,Low Fat,6.135,0.079132212,112.686,OUT045,2002,,Tier 2,Ahmedabad,2942.836
FDL33,Snack Foods,Low Fat,7.235,0.10016525,193.9452,OUT045,2002,,Tier 2,Ahmedabad,2936.178
NCX18,Household,Low Fat,14.15,0.008811818,196.511,OUT045,2002,,Tier 2,Ahmedabad,2749.754
FDS49,Canned,Low Fat,9.0,0.079506434,78.3644,OUT045,2002,,Tier 2,Ahmedabad,1728.4168
FDN02,Canned,Low Fat,16.5,0.073977473,206.8638,OUT045,2002,,Tier 2,Ahmedabad,2070.638
FDP37,Breakfast,Low Fat,15.6,0.143396175,128.0994,OUT045,2002,,Tier 2,Ahmedabad,2184.4898
FDR45,Snack Foods,Low Fat,10.8,0.029001987,238.6222,OUT045,2002,,Tier 2,Ahmedabad,8604.7992
DRG27,Dairy,Low Fat,8.895,0.105323859,39.1138,OUT045,2002,,Tier 2,Ahmedabad,609.207
FDR02,Dairy,Low Fat,16.7,0.022110425,110.8886,OUT045,2002,,Tier 2,Ahmedabad,3558.0352
FDH12,Baking Goods,Low Fat,9.6,0.085125951,107.128,OUT045,2002,,Tier 2,Ahmedabad,1278.336
FDH41,Frozen Foods,Low Fat,9.0,0.082177842,214.1534,OUT045,2002,,Tier 2,Ahmedabad,1720.4272
FDL44,Fruits and Vegetables,Low Fat,18.25,0.012300013,160.4894,OUT045,2002,,Tier 2,Ahmedabad,3073.9986
NCP43,Others,Low Fat,17.75,0.030568919,177.866,OUT045,2002,,Tier 2,Ahmedabad,2336.958
FDH32,Fruits and Vegetables,Low Fat,12.8,0.076214289,96.541,OUT045,2002,,Tier 2,Ahmedabad,1834.279
FDW37,Canned,Low Fat,19.2,0.124301968,89.7488,OUT045,2002,,Tier 2,Ahmedabad,2082.6224
FDY52,Frozen Foods,Low Fat,6.365,0.007363189,63.2536,OUT045,2002,,Tier 2,Ahmedabad,1225.072
DRG48,Soft Drinks,Low Fat,5.78,0.014584584,146.3102,OUT045,2002,,Tier 2,Ahmedabad,2187.153
FDT25,Canned,Low Fat,7.5,0.050853901,121.7072,OUT045,2002,,Tier 2,Ahmedabad,367.5216
NCV06,Household,Low Fat,11.3,0.066816565,192.2478,OUT045,2002,,Tier 2,Ahmedabad,1356.2346
FDC38,Canned,Low Fat,15.7,0.122742389,134.2942,OUT045,2002,,Tier 2,Ahmedabad,1192.4478
FDP07,Fruits and Vegetables,Low Fat,18.2,0.090084098,197.211,OUT045,2002,,Tier 2,Ahmedabad,3142.576
FDD11,Starchy Foods,Low Fat,12.85,0.030678825,251.704,OUT045,2002,,Tier 2,Ahmedabad,3542.056
NCT06,Household,Low Fat,17.1,0.038816115,166.4842,OUT045,2002,,Tier 2,Ahmedabad,1326.2736
NCT42,Household,Low Fat,5.88,0.024937792,148.4392,OUT045,2002,,Tier 2,Ahmedabad,2087.9488
FDN45,Snack Foods,Low Fat,19.35,0.118342285,222.6088,OUT045,2002,,Tier 2,Ahmedabad,1789.6704
FDS40,Frozen Foods,Low Fat,15.35,0.014047825,36.719,OUT045,2002,,Tier 2,Ahmedabad,585.904
DRF25,Soft Drinks,Low Fat,9.0,0.039004193,37.019,OUT045,2002,,Tier 2,Ahmedabad,659.142
DRG23,Hard Drinks,Low Fat,8.88,0.086957199,152.5682,OUT045,2002,,Tier 2,Ahmedabad,1372.2138
NCN42,Household,Low Fat,20.25,0.014251461,148.6418,OUT045,2002,,Tier 2,Ahmedabad,2648.5524
NCH30,Household,Low Fat,17.1,0.067290244,114.586,OUT045,2002,,Tier 2,Ahmedabad,1584.604
DRG11,Hard Drinks,Low Fat,6.385,0.084008316,108.2596,OUT045,2002,,Tier 2,Ahmedabad,1186.4556
FDH09,Seafood,Low Fat,12.6,0.056191301,53.2982,OUT045,2002,,Tier 2,Ahmedabad,736.3748
FDI22,Snack Foods,Low Fat,12.6,0.096407554,210.8612,OUT045,2002,,Tier 2,Ahmedabad,3344.9792
FDJ08,Fruits and Vegetables,Low Fat,11.1,0.11089655,191.5846,OUT045,2002,,Tier 2,Ahmedabad,2101.9306
FDT36,Baking Goods,Low Fat,12.3,0.111500259,35.6874,OUT045,2002,,Tier 2,Ahmedabad,846.8976
FDS47,Breads,Low Fat,16.75,0.0,88.7856,OUT045,2002,,Tier 2,Ahmedabad,966.7416
FDU34,Snack Foods,Low Fat,18.25,0.075347426,126.3046,OUT045,2002,,Tier 2,Ahmedabad,747.0276
NCC07,Household,Low Fat,19.6,0.023999722,104.0964,OUT045,2002,,Tier 2,Ahmedabad,525.982
NCG07,Household,Low Fat,12.3,0.052608525,191.253,OUT045,2002,,Tier 2,Ahmedabad,2656.542
FDP27,Meat,Low Fat,8.155,0.119692888,188.453,OUT045,2002,,Tier 2,Ahmedabad,4364.319
NCI54,Household,Low Fat,15.2,0.03366718,109.6912,OUT045,2002,,Tier 2,Ahmedabad,1419.4856
FDP19,Fruits and Vegetables,Low Fat,11.5,0.173867958,128.8652,OUT045,2002,,Tier 2,Ahmedabad,1291.652
FDZ15,Dairy,Low Fat,13.1,0.020913071,120.1782,OUT045,2002,,Tier 2,Ahmedabad,2026.0294
NCI55,Household,Low Fat,18.6,0.012679226,120.9414,OUT045,2002,,Tier 2,Ahmedabad,2680.5108
FDV45,Snack Foods,Low Fat,16.75,0.045138797,187.9556,OUT045,2002,,Tier 2,Ahmedabad,2816.334
NCE55,Household,Low Fat,8.92,0.130191993,176.837,OUT045,2002,,Tier 2,Ahmedabad,2117.244
DRF48,Soft Drinks,Low Fat,5.73,0.05190652,188.1898,OUT045,2002,,Tier 2,Ahmedabad,1496.7184
DRN59,Hard Drinks,Low Fat,15.0,0.064271703,45.506,OUT045,2002,,Tier 2,Ahmedabad,466.06
FDX24,Baking Goods,Low Fat,8.355,0.013957308,94.0462,OUT045,2002,,Tier 2,Ahmedabad,1480.7392
FDX19,Fruits and Vegetables,Low Fat,19.1,0.096929994,233.8958,OUT045,2002,,Tier 2,Ahmedabad,2103.2622
DRI49,Soft Drinks,Low Fat,14.15,0.183879453,82.9276,OUT045,2002,,Tier 2,Ahmedabad,1705.7796
FDU39,Meat,Low Fat,18.85,0.036111038,58.1562,OUT045,2002,,Tier 2,Ahmedabad,1185.124
FDJ56,Fruits and Vegetables,Low Fat,8.985,0.183774965,101.77,OUT045,2002,,Tier 2,Ahmedabad,798.96
FDK34,Snack Foods,Low Fat,13.35,0.038604817,236.3564,OUT045,2002,,Tier 2,Ahmedabad,2145.2076
FDE29,Frozen Foods,Low Fat,8.905,0.143419394,61.4878,OUT045,2002,,Tier 2,Ahmedabad,1151.1682
NCM41,Health and Hygiene,Low Fat,16.5,0.035728302,95.212,OUT045,2002,,Tier 2,Ahmedabad,838.908
NCB31,Household,Low Fat,6.235,0.118915034,264.791,OUT045,2002,,Tier 2,Ahmedabad,2103.928
DRF23,Hard Drinks,Low Fat,4.61,0.122901056,174.4396,OUT045,2002,,Tier 2,Ahmedabad,2616.594
NCP18,Household,Low Fat,12.15,0.028656248,149.3708,OUT045,2002,,Tier 2,Ahmedabad,1203.7664
FDL27,Meat,Low Fat,6.17,0.010652508,65.6826,OUT045,2002,,Tier 2,Ahmedabad,774.9912
NCA41,Health and Hygiene,Low Fat,16.75,0.032652796,190.8162,OUT045,2002,,Tier 2,Ahmedabad,2886.243
FDJ48,Baking Goods,Low Fat,11.3,0.0,245.2118,OUT045,2002,,Tier 2,Ahmedabad,5681.2714
NCH29,Health and Hygiene,Low Fat,5.51,0.034543718,99.7726,OUT045,2002,,Tier 2,Ahmedabad,978.726
FDG59,Starchy Foods,Low Fat,15.85,0.043322254,39.6164,OUT045,2002,,Tier 2,Ahmedabad,1004.0264
FDB28,Dairy,Low Fat,6.615,0.093574769,199.4426,OUT045,2002,,Tier 2,Ahmedabad,3361.6242
FDK41,Frozen Foods,Low Fat,14.3,0.12780038,83.6224,OUT045,2002,,Tier 2,Ahmedabad,852.224
DRE15,Dairy,Low Fat,13.35,0.017821466,75.1012,OUT045,2002,,Tier 2,Ahmedabad,1366.2216
FDP58,Snack Foods,Low Fat,11.1,0.135416391,218.3482,OUT045,2002,,Tier 2,Ahmedabad,2847.6266
FDK04,Frozen Foods,Low Fat,7.36,0.052418124,56.5588,OUT045,2002,,Tier 2,Ahmedabad,801.6232
FDR09,Snack Foods,Low Fat,18.25,0.077882226,258.0962,OUT045,2002,,Tier 2,Ahmedabad,1035.9848
DRO59,Hard Drinks,Low Fat,11.8,0.054264078,75.0012,OUT045,2002,,Tier 2,Ahmedabad,834.9132
FDD48,Baking Goods,Low Fat,10.395,0.030219852,114.7176,OUT045,2002,,Tier 2,Ahmedabad,2748.4224
DRJ51,Dairy,Low Fat,14.1,0.088172355,232.2668,OUT045,2002,,Tier 2,Ahmedabad,4146.6024
NCC18,Household,Low Fat,19.1,0.177629525,173.9422,OUT045,2002,,Tier 2,Ahmedabad,2414.1908
FDI52,Frozen Foods,Low Fat,18.7,0.104890428,121.4072,OUT045,2002,,Tier 2,Ahmedabad,3185.1872
FDR23,Breads,Low Fat,15.85,0.081953387,176.237,OUT045,2002,,Tier 2,Ahmedabad,2646.555
FDF35,Starchy Foods,Low Fat,15.0,0.154301621,105.9938,OUT045,2002,,Tier 2,Ahmedabad,428.7752
NCC54,Health and Hygiene,Low Fat,17.75,0.097909084,242.1196,OUT045,2002,,Tier 2,Ahmedabad,4097.3332
DRH36,Soft Drinks,Low Fat,16.2,0.033447756,73.9696,OUT045,2002,,Tier 2,Ahmedabad,894.8352
NCI18,Household,Low Fat,18.35,0.014052469,224.0746,OUT045,2002,,Tier 2,Ahmedabad,1346.2476
FDQ46,Snack Foods,Low Fat,7.51,0.104023565,112.4544,OUT045,2002,,Tier 2,Ahmedabad,2013.3792
FDP20,Fruits and Vegetables,Low Fat,19.85,0.045761855,125.602,OUT045,2002,,Tier 2,Ahmedabad,632.51
FDU07,Fruits and Vegetables,Low Fat,11.1,0.059968347,152.8366,OUT045,2002,,Tier 2,Ahmedabad,1662.5026
FDS20,Fruits and Vegetables,Low Fat,8.85,0.053976156,181.5292,OUT045,2002,,Tier 2,Ahmedabad,1277.0044
FDT43,Fruits and Vegetables,Low Fat,16.35,0.020589623,53.2324,OUT045,2002,,Tier 2,Ahmedabad,727.0536
NCY29,Health and Hygiene,Low Fat,13.65,0.077390746,54.693,OUT045,2002,,Tier 2,Ahmedabad,679.116
DRL49,Soft Drinks,Low Fat,13.15,0.056543464,140.5812,OUT045,2002,,Tier 2,Ahmedabad,427.4436
NCG54,Household,Low Fat,12.1,0.079968115,170.8106,OUT045,2002,,Tier 2,Ahmedabad,4619.9862
DRG51,Dairy,Low Fat,12.1,0.011563024,164.9526,OUT045,2002,,Tier 2,Ahmedabad,2302.3364
FDA57,Snack Foods,Low Fat,18.85,0.039723999,41.048,OUT045,2002,,Tier 2,Ahmedabad,918.804
NCZ29,Health and Hygiene,Low Fat,15.0,0.071516201,127.7362,OUT045,2002,,Tier 2,Ahmedabad,1761.7068
FDF50,Canned,Low Fat,4.905,0.1175683,197.6768,OUT045,2002,,Tier 2,Ahmedabad,2956.152
DRM47,Hard Drinks,Low Fat,9.3,0.043874493,191.0846,OUT045,2002,,Tier 2,Ahmedabad,1337.5922
FDX26,Dairy,Low Fat,17.7,0.087986599,181.4292,OUT045,2002,,Tier 2,Ahmedabad,2918.8672
FDO44,Fruits and Vegetables,Low Fat,12.6,0.087630566,110.0228,OUT045,2002,,Tier 2,Ahmedabad,3205.1612
FDS37,Canned,Low Fat,7.655,0.032009653,117.2492,OUT045,2002,,Tier 2,Ahmedabad,2432.8332
FDM28,Frozen Foods,Low Fat,15.7,0.045295529,181.366,OUT045,2002,,Tier 2,Ahmedabad,1977.426
FDJ04,Frozen Foods,Low Fat,18.0,0.12470444,120.3124,OUT045,2002,,Tier 2,Ahmedabad,2725.7852
FDC47,Snack Foods,Low Fat,15.0,0.119131749,226.9694,OUT045,2002,,Tier 2,Ahmedabad,6851.082
NCR42,Household,Low Fat,9.105,0.038559926,33.89,OUT045,2002,,Tier 2,Ahmedabad,99.87
FDD39,Dairy,Low Fat,16.7,0.070297175,216.385,OUT045,2002,,Tier 2,Ahmedabad,3678.545
DRI01,Soft Drinks,Low Fat,7.97,0.0,173.7422,OUT045,2002,,Tier 2,Ahmedabad,2759.0752
FDW24,Baking Goods,Low Fat,6.8,0.037573095,50.2034,OUT045,2002,,Tier 2,Ahmedabad,1166.4816
FDV36,Baking Goods,Low Fat,18.7,0.026355345,127.102,OUT045,2002,,Tier 2,Ahmedabad,3289.052
NCW41,Health and Hygiene,Low Fat,18.0,0.01548171,159.3604,OUT045,2002,,Tier 2,Ahmedabad,2059.9852
DRN47,Hard Drinks,Low Fat,12.1,0.0,179.866,OUT045,2002,,Tier 2,Ahmedabad,3595.32
FDK33,Snack Foods,Low Fat,17.85,0.011258035,211.656,OUT045,2002,,Tier 2,Ahmedabad,2556.672
DRK37,Soft Drinks,Low Fat,5.0,0.0,189.853,OUT045,2002,,Tier 2,Ahmedabad,4933.578
FDU25,Canned,Low Fat,12.35,0.026735372,57.4246,OUT045,2002,,Tier 2,Ahmedabad,810.9444
NCL06,Household,Low Fat,14.65,0.072212787,260.9594,OUT045,2002,,Tier 2,Ahmedabad,2878.2534
FDU02,Dairy,Low Fat,13.35,0.1027194,228.8352,OUT045,2002,,Tier 2,Ahmedabad,5267.8096
NCW53,Health and Hygiene,Low Fat,18.35,0.030556922,190.6162,OUT045,2002,,Tier 2,Ahmedabad,3271.0754
FDK48,Baking Goods,Low Fat,7.445,0.037708542,74.7354,OUT045,2002,,Tier 2,Ahmedabad,1128.531
FDM21,Snack Foods,Low Fat,20.2,0.06449461,259.2646,OUT045,2002,,Tier 2,Ahmedabad,3091.9752
DRD27,Dairy,Low Fat,18.75,0.0,97.9042,OUT045,2002,,Tier 2,Ahmedabad,1686.4714
NCV41,Health and Hygiene,Low Fat,14.35,0.017073332,109.5228,OUT045,2002,,Tier 2,Ahmedabad,1657.842
DRD13,Soft Drinks,Low Fat,15.0,0.049178998,65.6168,OUT045,2002,,Tier 2,Ahmedabad,639.168
FDC04,Dairy,Low Fat,15.6,0.045076878,241.3854,OUT045,2002,,Tier 2,Ahmedabad,2900.2248
FDB16,Dairy,Low Fat,8.21,0.045016894,87.6198,OUT045,2002,,Tier 2,Ahmedabad,1133.8574
FDF16,Frozen Foods,Low Fat,7.3,0.086307051,146.8076,OUT045,2002,,Tier 2,Ahmedabad,1330.2684
NCW06,Household,Low Fat,16.2,0.050442528,190.8162,OUT045,2002,,Tier 2,Ahmedabad,2693.8268
DRQ35,Hard Drinks,Low Fat,9.3,0.042377219,123.7388,OUT045,2002,,Tier 2,Ahmedabad,1609.9044
FDQ13,Canned,Low Fat,11.1,0.010663189,82.3908,OUT045,2002,,Tier 2,Ahmedabad,1342.2528
NCO29,Health and Hygiene,Low Fat,11.15,0.032321608,165.6526,OUT045,2002,,Tier 2,Ahmedabad,1315.6208
FDK22,Snack Foods,Low Fat,9.8,0.026139404,216.785,OUT045,2002,,Tier 2,Ahmedabad,1947.465
FDS35,Breads,Low Fat,9.3,0.11144608,64.6826,OUT045,2002,,Tier 2,Ahmedabad,1097.9042
DRE27,Dairy,Low Fat,11.85,0.132939639,98.0726,OUT045,2002,,Tier 2,Ahmedabad,1761.7068
FDJ52,Frozen Foods,Low Fat,7.145,0.017822936,161.3578,OUT045,2002,,Tier 2,Ahmedabad,1123.2046
FDY45,Snack Foods,Low Fat,17.5,0.026195131,252.6356,OUT045,2002,,Tier 2,Ahmedabad,2543.356
FDX08,Fruits and Vegetables,Low Fat,12.85,0.022649893,179.3318,OUT045,2002,,Tier 2,Ahmedabad,1263.0226
NCY17,Health and Hygiene,Low Fat,18.2,0.0,44.1086,OUT045,2002,,Tier 2,Ahmedabad,1115.215
NCA06,Household,Low Fat,20.5,0.143574191,37.219,OUT045,2002,,Tier 2,Ahmedabad,476.047
NCW54,Household,Low Fat,7.5,0.09660879,56.9588,OUT045,2002,,Tier 2,Ahmedabad,744.3644
FDV03,Meat,Low Fat,17.6,0.058209079,153.6314,OUT045,2002,,Tier 2,Ahmedabad,5274.4676
FDT40,Frozen Foods,Low Fat,5.985,0.095989602,127.3678,OUT045,2002,,Tier 2,Ahmedabad,508.6712
FDP11,Breads,Low Fat,15.85,0.069240685,217.5166,OUT045,2002,,Tier 2,Ahmedabad,653.1498
FDI33,Snack Foods,Low Fat,16.5,0.028476451,91.0146,OUT045,2002,,Tier 2,Ahmedabad,1368.219
FDO13,Breakfast,Low Fat,7.865,0.061183503,164.5526,OUT045,2002,,Tier 2,Ahmedabad,1644.526
DRK59,Hard Drinks,Low Fat,8.895,0.0,232.9616,OUT045,2002,,Tier 2,Ahmedabad,2812.3392
DRI23,Hard Drinks,Low Fat,18.85,0.13747519,158.6578,OUT045,2002,,Tier 2,Ahmedabad,3369.6138
DRJ25,Soft Drinks,Low Fat,14.6,0.150872868,47.5692,OUT045,2002,,Tier 2,Ahmedabad,1379.5376
NCM31,Others,Low Fat,6.095,0.081361288,141.9154,OUT045,2002,,Tier 2,Ahmedabad,2694.4926
DRD37,Soft Drinks,Low Fat,9.8,0.013869809,47.406,OUT045,2002,,Tier 2,Ahmedabad,978.726
DRF03,Dairy,Low Fat,19.1,0.045400017,38.8138,OUT045,2002,,Tier 2,Ahmedabad,690.4346
FDB45,Fruits and Vegetables,Low Fat,20.85,0.02137305,103.3306,OUT045,2002,,Tier 2,Ahmedabad,522.653
FDO38,Canned,Low Fat,17.25,0.072986772,78.8986,OUT045,2002,,Tier 2,Ahmedabad,1635.8706
FDM10,Snack Foods,Low Fat,18.25,0.076125668,214.0218,OUT045,2002,,Tier 2,Ahmedabad,2564.6616
DRJ49,Soft Drinks,Low Fat,6.865,0.014021626,127.1652,OUT045,2002,,Tier 2,Ahmedabad,1291.652
FDY27,Dairy,Low Fat,6.38,0.031962866,178.0344,OUT045,2002,,Tier 2,Ahmedabad,535.3032
NCQ43,Others,Low Fat,17.75,0.111527348,110.2912,OUT045,2002,,Tier 2,Ahmedabad,873.5296
FDU40,Frozen Foods,Low Fat,20.85,0.03747983,192.7478,OUT045,2002,,Tier 2,Ahmedabad,2131.2258
NCV05,Health and Hygiene,Low Fat,10.1,0.030269774,152.4656,OUT045,2002,,Tier 2,Ahmedabad,2934.8464
DRG36,Soft Drinks,Low Fat,14.15,0.09557165,171.0106,OUT045,2002,,Tier 2,Ahmedabad,4106.6544
FDU23,Breads,Low Fat,12.15,0.02176755,164.6184,OUT045,2002,,Tier 2,Ahmedabad,3797.7232
DRM59,Hard Drinks,Low Fat,5.88,0.003599378,152.2998,OUT045,2002,,Tier 2,Ahmedabad,3075.996
NCL29,Health and Hygiene,Low Fat,9.695,0.114170506,158.9604,OUT045,2002,,Tier 2,Ahmedabad,1743.0644
FDT60,Baking Goods,Low Fat,12.0,0.075701524,124.6388,OUT045,2002,,Tier 2,Ahmedabad,2105.2596
FDG57,Fruits and Vegetables,Low Fat,14.7,0.072444983,48.6034,OUT045,2002,,Tier 2,Ahmedabad,194.4136
FDK24,Baking Goods,Low Fat,9.195,0.101500374,45.2744,OUT045,2002,,Tier 2,Ahmedabad,679.116
FDU13,Canned,Low Fat,8.355,0.187939003,146.9418,OUT045,2002,,Tier 2,Ahmedabad,1029.9926
FDS43,Fruits and Vegetables,Low Fat,11.65,0.040597054,187.324,OUT045,2002,,Tier 2,Ahmedabad,1864.24
FDV24,Baking Goods,Low Fat,5.635,0.103481775,150.005,OUT045,2002,,Tier 2,Ahmedabad,1797.66
NCS38,Household,Low Fat,8.6,0.090374342,114.3176,OUT045,2002,,Tier 2,Ahmedabad,1946.7992
FDY59,Baking Goods,Low Fat,8.195,0.031467128,91.8462,OUT045,2002,,Tier 2,Ahmedabad,2313.655
FDP60,Baking Goods,Low Fat,17.35,0.056032247,102.3016,OUT045,2002,,Tier 2,Ahmedabad,1619.2256
FDW45,Snack Foods,Low Fat,18.0,0.039090105,148.4418,OUT045,2002,,Tier 2,Ahmedabad,4119.9704
FDX34,Snack Foods,Low Fat,6.195,0.072131519,120.1098,OUT045,2002,,Tier 2,Ahmedabad,2892.2352
FDX55,Fruits and Vegetables,Low Fat,15.1,0.0,216.4166,OUT045,2002,,Tier 2,Ahmedabad,2830.3158
NCS05,Health and Hygiene,Low Fat,11.5,0.021020616,130.7942,OUT045,2002,,Tier 2,Ahmedabad,2782.3782
FDB33,Fruits and Vegetables,Low Fat,17.75,0.014609738,160.4262,OUT045,2002,,Tier 2,Ahmedabad,3182.524
NCL07,Others,Low Fat,13.85,0.031402114,40.248,OUT045,2002,,Tier 2,Ahmedabad,319.584
NCV54,Household,Low Fat,11.1,0.033176087,120.1124,OUT045,2002,,Tier 2,Ahmedabad,1896.1984
FDQ34,Snack Foods,Low Fat,10.85,0.162571649,107.4622,OUT045,2002,,Tier 2,Ahmedabad,529.311
NCK30,Household,Low Fat,14.85,0.061102235,253.2698,OUT045,2002,,Tier 2,Ahmedabad,2283.0282
FDO37,Breakfast,Low Fat,8.06,0.021420031,232.0326,OUT045,2002,,Tier 2,Ahmedabad,3003.4238
FDQ09,Snack Foods,Low Fat,7.235,0.0,115.1834,OUT045,2002,,Tier 2,Ahmedabad,1382.2008
FDD05,Frozen Foods,Low Fat,19.35,0.016645164,120.9098,OUT045,2002,,Tier 2,Ahmedabad,1687.1372
FDQ10,Snack Foods,Low Fat,12.85,0.03324652,172.4422,OUT045,2002,,Tier 2,Ahmedabad,4483.4972
FDF04,Frozen Foods,Low Fat,17.5,0.013664703,257.7304,OUT045,2002,,Tier 2,Ahmedabad,5683.2688
NCY42,Household,Low Fat,6.38,0.015193323,143.347,OUT045,2002,,Tier 2,Ahmedabad,858.882
NCU17,Health and Hygiene,Low Fat,5.32,0.093071679,103.8674,OUT045,2002,,Tier 2,Ahmedabad,509.337
FDF22,Snack Foods,Low Fat,6.865,0.056945936,214.6218,OUT045,2002,,Tier 2,Ahmedabad,1923.4962
FDH21,Seafood,Low Fat,10.395,0.031288338,159.5604,OUT045,2002,,Tier 2,Ahmedabad,2852.2872
FDP57,Snack Foods,Low Fat,17.5,0.052550476,101.299,OUT045,2002,,Tier 2,Ahmedabad,722.393
NCX41,Health and Hygiene,Low Fat,19.0,0.017755213,211.7244,OUT045,2002,,Tier 2,Ahmedabad,2752.4172
FDJ45,Seafood,Low Fat,17.75,0.073559521,33.9216,OUT045,2002,,Tier 2,Ahmedabad,830.9184
NCS53,Health and Hygiene,Low Fat,14.5,0.08996026,159.5604,OUT045,2002,,Tier 2,Ahmedabad,1426.1436
FDK56,Fruits and Vegetables,Low Fat,9.695,0.130261652,185.2898,OUT045,2002,,Tier 2,Ahmedabad,3367.6164
NCE07,Household,Low Fat,8.18,0.0,140.5154,OUT045,2002,,Tier 2,Ahmedabad,1701.7848
DRD49,Soft Drinks,Low Fat,9.895,0.16817143,237.7564,OUT045,2002,,Tier 2,Ahmedabad,3813.7024
DRJ59,Hard Drinks,Low Fat,11.65,0.01941154,40.3164,OUT045,2002,,Tier 2,Ahmedabad,502.0132
FDF17,Frozen Foods,Low Fat,5.19,0.042707323,197.811,OUT045,2002,,Tier 2,Ahmedabad,2946.165
FDW34,Snack Foods,Low Fat,9.6,0.035651291,244.917,OUT045,2002,,Tier 2,Ahmedabad,2916.204
FDT59,Breads,Low Fat,13.65,0.015943701,231.9668,OUT045,2002,,Tier 2,Ahmedabad,3225.1352
NCS06,Household,Low Fat,7.935,0.031801103,261.591,OUT045,2002,,Tier 2,Ahmedabad,3155.892
FDC20,Fruits and Vegetables,Low Fat,10.65,0.024020078,57.2272,OUT045,2002,,Tier 2,Ahmedabad,1174.4712
FDE26,Canned,Low Fat,9.3,0.089186275,145.3786,OUT045,2002,,Tier 2,Ahmedabad,2745.0934
NCX05,Health and Hygiene,Low Fat,15.2,0.097258937,114.8492,OUT045,2002,,Tier 2,Ahmedabad,1506.0396
NCS18,Household,Low Fat,12.65,0.042296724,106.3938,OUT045,2002,,Tier 2,Ahmedabad,3751.783
NCE54,Household,Low Fat,20.7,0.02695441,73.2354,OUT045,2002,,Tier 2,Ahmedabad,1504.708
FDB50,Canned,Low Fat,13.0,0.153930108,76.7986,OUT045,2002,,Tier 2,Ahmedabad,2648.5524
FDZ20,Fruits and Vegetables,Low Fat,16.1,0.034376537,256.1356,OUT045,2002,,Tier 2,Ahmedabad,6358.39
FDB11,Starchy Foods,Low Fat,16.0,0.060971431,226.2404,OUT045,2002,,Tier 2,Ahmedabad,4725.8484
NCZ41,Health and Hygiene,Low Fat,19.85,0.064551885,125.2704,OUT045,2002,,Tier 2,Ahmedabad,2127.8968
FDC50,Canned,Low Fat,15.85,0.136774734,94.4094,OUT045,2002,,Tier 2,Ahmedabad,1428.141
DRD12,Soft Drinks,Low Fat,6.96,0.077350112,91.4146,OUT045,2002,,Tier 2,Ahmedabad,638.5022
FDP23,Breads,Low Fat,6.71,0.03565903,218.3166,OUT045,2002,,Tier 2,Ahmedabad,1959.4494
FDW23,Baking Goods,Low Fat,5.765,0.082178616,37.0164,OUT045,2002,,Tier 2,Ahmedabad,540.6296
FDD33,Fruits and Vegetables,Low Fat,12.85,0.108412059,233.2642,OUT045,2002,,Tier 2,Ahmedabad,3950.1914
FDI32,Fruits and Vegetables,Low Fat,17.7,0.0,115.0834,OUT045,2002,,Tier 2,Ahmedabad,2764.4016
FDK55,Meat,Low Fat,18.5,0.025813943,89.1172,OUT045,2002,,Tier 2,Ahmedabad,892.172
FDY31,Fruits and Vegetables,Low Fat,5.98,0.043651198,146.1418,OUT045,2002,,Tier 2,Ahmedabad,3089.9778
FDZ48,Baking Goods,Low Fat,17.75,0.076113671,111.4544,OUT045,2002,,Tier 2,Ahmedabad,1006.6896
FDY48,Baking Goods,Low Fat,14.0,0.023783007,104.0332,OUT045,2002,,Tier 2,Ahmedabad,1435.4648
FDM44,Fruits and Vegetables,Low Fat,12.5,0.031112643,104.999,OUT045,2002,,Tier 2,Ahmedabad,1444.786
NCS30,Household,Low Fat,5.945,0.093214866,129.1652,OUT045,2002,,Tier 2,Ahmedabad,2841.6344
NCQ53,Health and Hygiene,Low Fat,17.6,0.018943666,237.359,OUT045,2002,,Tier 2,Ahmedabad,6145.334
FDT03,Meat,Low Fat,21.25,0.01001904,184.6608,OUT045,2002,,Tier 2,Ahmedabad,367.5216
FDK40,Frozen Foods,Low Fat,7.035,0.02189371,262.791,OUT045,2002,,Tier 2,Ahmedabad,3681.874
NCN05,Health and Hygiene,Low Fat,8.235,0.014488997,183.795,OUT045,2002,,Tier 2,Ahmedabad,2929.52
FDR58,Snack Foods,Low Fat,6.675,0.04200648,92.6462,OUT045,2002,,Tier 2,Ahmedabad,1665.8316
FDD14,Canned,Low Fat,20.7,0.170152831,182.6266,OUT045,2002,,Tier 2,Ahmedabad,2581.9724
FDB27,Dairy,Low Fat,7.575,0.055502454,196.5768,OUT045,2002,,Tier 2,Ahmedabad,1576.6144
FDS13,Canned,Low Fat,6.465,0.124758619,264.1884,OUT045,2002,,Tier 2,Ahmedabad,3444.8492
FDD45,Fruits and Vegetables,Low Fat,8.615,0.116484721,94.1436,OUT045,2002,,Tier 2,Ahmedabad,1134.5232
FDG50,Canned,Low Fat,7.405,0.015302764,89.9146,OUT045,2002,,Tier 2,Ahmedabad,2189.1504
NCO42,Household,Low Fat,21.25,0.024705597,145.1102,OUT045,2002,,Tier 2,Ahmedabad,1603.9122
NCK54,Household,Low Fat,12.15,0.029583249,114.715,OUT045,2002,,Tier 2,Ahmedabad,1048.635
FDS52,Frozen Foods,Low Fat,8.89,0.005485618,99.3016,OUT045,2002,,Tier 2,Ahmedabad,607.2096
NCK07,Others,Low Fat,10.65,0.048785427,163.9526,OUT045,2002,,Tier 2,Ahmedabad,1644.526
FDL36,Baking Goods,Low Fat,15.1,0.076229769,90.483,OUT045,2002,,Tier 2,Ahmedabad,1617.894
NCT41,Health and Hygiene,Low Fat,15.7,0.05610384,153.5024,OUT045,2002,,Tier 2,Ahmedabad,2580.6408
FDH33,Snack Foods,Low Fat,12.85,0.121972274,43.1428,OUT045,2002,,Tier 2,Ahmedabad,703.0848
FDZ45,Snack Foods,Low Fat,14.1,0.067011609,197.1084,OUT045,2002,,Tier 2,Ahmedabad,2182.4924
DRH01,Soft Drinks,Low Fat,17.5,0.098102581,172.9738,OUT045,2002,,Tier 2,Ahmedabad,4344.345
DRK35,Hard Drinks,Low Fat,8.365,0.071992202,38.3506,OUT045,2002,,Tier 2,Ahmedabad,986.7156
NCA17,Health and Hygiene,Low Fat,20.6,0.04551031,149.6392,OUT045,2002,,Tier 2,Ahmedabad,894.8352
FDI26,Canned,Low Fat,5.94,0.03495749,177.1344,OUT045,2002,,Tier 2,Ahmedabad,2854.9504
FDC44,Fruits and Vegetables,Low Fat,15.6,0.172946916,114.1518,OUT045,2002,,Tier 2,Ahmedabad,1821.6288
FDX59,Breads,Low Fat,10.195,0.051766042,34.5558,OUT045,2002,,Tier 2,Ahmedabad,441.4254
FDR33,Snack Foods,Low Fat,7.31,0.026843265,109.757,OUT045,2002,,Tier 2,Ahmedabad,1208.427
NCB30,Household,Low Fat,14.6,0.02575512,199.6084,OUT045,2002,,Tier 2,Ahmedabad,3769.7596
FDB22,Snack Foods,Low Fat,8.02,0.111666665,155.2998,OUT045,2002,,Tier 2,Ahmedabad,1230.3984
FDK14,Canned,Low Fat,6.98,0.041189152,82.8934,OUT045,2002,,Tier 2,Ahmedabad,818.934
FDS01,Canned,Low Fat,11.6,0.017780986,177.3686,OUT045,2002,,Tier 2,Ahmedabad,1777.686
FDX16,Frozen Foods,Low Fat,17.85,0.06594351,149.105,OUT045,2002,,Tier 2,Ahmedabad,4643.955
FDW47,Breads,Low Fat,15.0,0.046469277,123.8414,OUT045,2002,,Tier 2,Ahmedabad,1340.2554
DRH23,Hard Drinks,Low Fat,14.65,0.170663661,56.4614,OUT045,2002,,Tier 2,Ahmedabad,1436.7964
FDX01,Canned,Low Fat,10.1,0.024213342,116.715,OUT045,2002,,Tier 2,Ahmedabad,1281.665
FDO34,Snack Foods,Low Fat,17.7,0.029999653,169.7816,OUT045,2002,,Tier 2,Ahmedabad,2013.3792
NCP42,Household,Low Fat,8.51,0.016143389,194.2478,OUT045,2002,,Tier 2,Ahmedabad,2324.9736
DRN11,Hard Drinks,Low Fat,7.85,0.163310805,143.5444,OUT045,2002,,Tier 2,Ahmedabad,3628.61
NCL19,Others,Low Fat,15.35,0.015708023,143.447,OUT045,2002,,Tier 2,Ahmedabad,2576.646
DRH25,Soft Drinks,Low Fat,18.7,0.014622625,52.0324,OUT045,2002,,Tier 2,Ahmedabad,1090.5804
NCL53,Health and Hygiene,Low Fat,7.5,0.036308404,175.4028,OUT045,2002,,Tier 2,Ahmedabad,2833.6448
FDE24,Baking Goods,Low Fat,14.85,0.093652168,141.5812,OUT045,2002,,Tier 2,Ahmedabad,427.4436
NCU30,Household,Low Fat,5.11,0.034945416,161.121,OUT045,2002,,Tier 2,Ahmedabad,2609.936
FDZ40,Frozen Foods,Low Fat,8.935,0.04026424,52.6298,OUT045,2002,,Tier 2,Ahmedabad,808.947
FDF09,Fruits and Vegetables,Low Fat,6.215,0.012173543,36.4848,OUT045,2002,,Tier 2,Ahmedabad,447.4176
NCJ30,Household,Low Fat,5.82,0.080804019,171.479,OUT045,2002,,Tier 2,Ahmedabad,4074.696
FDJ32,Fruits and Vegetables,Low Fat,10.695,0.057909547,60.4536,OUT045,2002,,Tier 2,Ahmedabad,183.7608
FDT49,Canned,Low Fat,7.0,0.151712642,104.828,OUT045,2002,,Tier 2,Ahmedabad,1278.336
NCA18,Household,Low Fat,10.1,0.056191301,115.7492,OUT045,2002,,Tier 2,Ahmedabad,579.246
FDE21,Fruits and Vegetables,Low Fat,12.8,0.02299122,114.9492,OUT045,2002,,Tier 2,Ahmedabad,1737.738
FDP10,Snack Foods,Low Fat,19.0,0.128349909,106.5622,OUT045,2002,,Tier 2,Ahmedabad,1482.0708
FDA45,Snack Foods,Low Fat,21.25,0.155694794,177.637,OUT045,2002,,Tier 2,Ahmedabad,2999.429
NCI06,Household,Low Fat,11.3,0.047814463,179.266,OUT045,2002,,Tier 2,Ahmedabad,5033.448
FDA31,Fruits and Vegetables,Low Fat,7.1,0.110234793,171.708,OUT045,2002,,Tier 2,Ahmedabad,3115.944
FDN15,Meat,Low Fat,17.5,0.016767995,141.418,OUT045,2002,,Tier 2,Ahmedabad,1957.452
FDY13,Canned,Low Fat,12.1,0.030188505,77.367,OUT045,2002,,Tier 2,Ahmedabad,612.536
FDP56,Fruits and Vegetables,Low Fat,8.185,0.046578409,48.6692,OUT045,2002,,Tier 2,Ahmedabad,1182.4608
DRJ11,Hard Drinks,Low Fat,9.5,0.0,190.9872,OUT045,2002,,Tier 2,Ahmedabad,3025.3952
NCN54,Household,Low Fat,20.35,0.021369722,75.8328,OUT045,2002,,Tier 2,Ahmedabad,154.4656
NCK19,Others,Low Fat,9.8,0.090649107,194.3478,OUT045,2002,,Tier 2,Ahmedabad,4649.9472
NCQ05,Health and Hygiene,Low Fat,11.395,0.021649904,150.8708,OUT045,2002,,Tier 2,Ahmedabad,4363.6532
FDW59,Breads,Low Fat,13.15,0.020757926,84.3566,OUT045,2002,,Tier 2,Ahmedabad,761.0094
NCU53,Health and Hygiene,Low Fat,5.485,0.042838514,163.7842,OUT045,2002,,Tier 2,Ahmedabad,1657.842
FDX40,Frozen Foods,Low Fat,12.85,0.099193899,38.1164,OUT045,2002,,Tier 2,Ahmedabad,656.4788
FDD09,Fruits and Vegetables,Low Fat,13.5,0.021539999,182.4976,OUT045,2002,,Tier 2,Ahmedabad,1629.8784
DRH13,Soft Drinks,Low Fat,8.575,0.023934398,105.828,OUT045,2002,,Tier 2,Ahmedabad,958.752
FDN12,Baking Goods,Low Fat,15.6,0.08126841,110.2544,OUT045,2002,,Tier 2,Ahmedabad,1789.6704
NCH07,Household,Low Fat,13.15,0.092854963,158.7604,OUT045,2002,,Tier 2,Ahmedabad,3010.7476
FDX21,Snack Foods,Low Fat,7.05,0.085138334,108.6912,OUT045,2002,,Tier 2,Ahmedabad,1310.2944
FDC28,Frozen Foods,Low Fat,7.905,0.055098434,109.2254,OUT045,2002,,Tier 2,Ahmedabad,976.7286
NCS54,Household,Low Fat,13.6,0.010013429,176.437,OUT045,2002,,Tier 2,Ahmedabad,4587.362
NCL55,Others,Low Fat,12.15,0.06479182,254.004,OUT045,2002,,Tier 2,Ahmedabad,2277.036
NCI30,Household,Low Fat,20.25,0.059055045,247.346,OUT045,2002,,Tier 2,Ahmedabad,1970.768
FDN60,Baking Goods,Low Fat,15.1,0.095351065,158.6604,OUT045,2002,,Tier 2,Ahmedabad,2535.3664
DRL60,Soft Drinks,Low Fat,8.52,0.027114238,151.9682,OUT045,2002,,Tier 2,Ahmedabad,1677.1502
FDB52,Dairy,Low Fat,17.75,0.030497325,256.9672,OUT045,2002,,Tier 2,Ahmedabad,1534.0032
FDW13,Canned,Low Fat,8.5,0.098083231,50.3324,OUT045,2002,,Tier 2,Ahmedabad,675.1212
FDA13,Canned,Low Fat,15.85,0.07871426,37.2506,OUT045,2002,,Tier 2,Ahmedabad,493.3578
FDP24,Baking Goods,Low Fat,20.6,0.083172413,121.0756,OUT045,2002,,Tier 2,Ahmedabad,1696.4584
FDT34,Snack Foods,Low Fat,9.3,0.174703862,104.0964,OUT045,2002,,Tier 2,Ahmedabad,1788.3388
FDN24,Baking Goods,Low Fat,14.1,0.11349714,56.1956,OUT045,2002,,Tier 2,Ahmedabad,1364.89
NCM29,Health and Hygiene,Low Fat,11.5,0.017678008,129.2626,OUT045,2002,,Tier 2,Ahmedabad,1705.1138
FDE53,Frozen Foods,Low Fat,10.895,0.026934673,106.128,OUT045,2002,,Tier 2,Ahmedabad,319.584
DRK11,Hard Drinks,Low Fat,8.21,0.0,148.2392,OUT045,2002,,Tier 2,Ahmedabad,1491.392
NCN29,Health and Hygiene,Low Fat,15.2,0.012141036,48.7034,OUT045,2002,,Tier 2,Ahmedabad,680.4476
DRC25,Soft Drinks,Low Fat,5.73,0.045463871,85.2882,OUT045,2002,,Tier 2,Ahmedabad,2061.3168
FDJ50,Canned,Low Fat,8.645,0.021629781,51.9982,OUT045,2002,,Tier 2,Ahmedabad,999.3658
NCO26,Household,Low Fat,7.235,0.077011493,117.3492,OUT045,2002,,Tier 2,Ahmedabad,1506.0396
NCZ17,Health and Hygiene,Low Fat,12.15,0.079592733,37.3506,OUT045,2002,,Tier 2,Ahmedabad,645.1602
FDT37,Canned,Low Fat,14.15,0.0,253.7014,OUT045,2002,,Tier 2,Ahmedabad,5865.0322
NCJ54,Household,Low Fat,9.895,0.060188932,233.0642,OUT045,2002,,Tier 2,Ahmedabad,6041.4692
NCL31,Others,Low Fat,7.39,0.120524922,142.247,OUT045,2002,,Tier 2,Ahmedabad,2433.499
FDQ12,Baking Goods,Low Fat,12.65,0.035482562,231.401,OUT045,2002,,Tier 2,Ahmedabad,2526.711
FDA32,Fruits and Vegetables,Low Fat,14.0,0.030155224,214.7192,OUT045,2002,,Tier 2,Ahmedabad,3020.0688
FDQ20,Fruits and Vegetables,Low Fat,8.325,0.029845243,41.6138,OUT045,2002,,Tier 2,Ahmedabad,284.2966
FDA21,Snack Foods,Low Fat,13.65,0.036033639,183.7924,OUT045,2002,,Tier 2,Ahmedabad,2591.2936
FDY21,Snack Foods,Low Fat,15.1,0.173833129,196.511,OUT045,2002,,Tier 2,Ahmedabad,4713.864
FDA56,Fruits and Vegetables,Low Fat,9.21,0.008782561,119.8414,OUT045,2002,,Tier 2,Ahmedabad,1340.2554
NCA53,Health and Hygiene,Low Fat,11.395,0.009898492,48.8034,OUT045,2002,,Tier 2,Ahmedabad,777.6544
FDV40,Frozen Foods,Low Fat,17.35,0.014721579,73.1038,OUT045,2002,,Tier 2,Ahmedabad,886.8456
FDF14,Canned,Low Fat,7.55,0.027224917,152.934,OUT045,2002,,Tier 2,Ahmedabad,2450.144
NCP55,Others,Low Fat,14.65,0.011212719,55.6614,OUT045,2002,,Tier 2,Ahmedabad,1049.9666
DRJ01,Soft Drinks,Low Fat,6.135,0.115265695,160.5236,OUT045,2002,,Tier 2,Ahmedabad,2094.6068
FDQ21,Snack Foods,Low Fat,21.25,0.019462623,120.8756,OUT045,2002,,Tier 2,Ahmedabad,1575.2828
NCX17,Health and Hygiene,Low Fat,21.25,0.113833823,232.83,OUT045,2002,,Tier 2,Ahmedabad,1398.18
NCJ17,Health and Hygiene,Low Fat,7.68,0.152865879,84.9224,OUT045,2002,,Tier 2,Ahmedabad,1619.2256
DRF13,Soft Drinks,Low Fat,12.1,0.02984176,144.4444,OUT045,2002,,Tier 2,Ahmedabad,3628.61
NCZ30,Household,Low Fat,6.59,0.026238087,121.6098,OUT045,2002,,Tier 2,Ahmedabad,2410.196
NCT17,Health and Hygiene,Low Fat,10.8,0.041950753,190.0214,OUT045,2002,,Tier 2,Ahmedabad,2449.4782
NCV18,Household,Low Fat,6.775,0.105459307,84.625,OUT045,2002,,Tier 2,Ahmedabad,2496.75
FDZ04,Frozen Foods,Low Fat,9.31,0.038032068,61.351,OUT045,2002,,Tier 2,Ahmedabad,822.263
FDV02,Dairy,Low Fat,16.75,0.060668416,172.4106,OUT045,2002,,Tier 2,Ahmedabad,2908.8802
FDO16,Frozen Foods,Low Fat,5.48,0.015138834,81.925,OUT045,2002,,Tier 2,Ahmedabad,3079.325
DRJ23,Hard Drinks,Low Fat,18.35,0.041753387,187.6872,OUT045,2002,,Tier 2,Ahmedabad,2836.308
FDS14,Dairy,Low Fat,7.285,0.050065211,157.4288,OUT045,2002,,Tier 2,Ahmedabad,2042.6744
DRL37,Soft Drinks,Low Fat,15.5,0.053480419,42.377,OUT045,2002,,Tier 2,Ahmedabad,1211.756
FDX43,Fruits and Vegetables,Low Fat,5.655,0.085447928,165.85,OUT045,2002,,Tier 2,Ahmedabad,1830.95
NCM26,Others,Low Fat,20.5,0.023190134,153.434,OUT045,2002,,Tier 2,Ahmedabad,3981.484
FDG32,Fruits and Vegetables,Low Fat,19.85,0.17635245,220.8772,OUT045,2002,,Tier 2,Ahmedabad,4225.1668
FDD02,Canned,Low Fat,16.6,0.050392993,118.4124,OUT045,2002,,Tier 2,Ahmedabad,3199.8348
FDW48,Baking Goods,Low Fat,18.0,0.008558144,79.0618,OUT045,2002,,Tier 2,Ahmedabad,1208.427
NCN55,Others,Low Fat,14.6,0.059611153,238.3538,OUT045,2002,,Tier 2,Ahmedabad,2163.1842
DRJ39,Dairy,Low Fat,20.25,0.036399734,219.3482,OUT045,2002,,Tier 2,Ahmedabad,8323.8316
NCQ54,Household,Low Fat,17.7,0.012567811,168.4474,OUT045,2002,,Tier 2,Ahmedabad,2358.2636
FDG16,Frozen Foods,Low Fat,15.25,0.089998959,215.1192,OUT045,2002,,Tier 2,Ahmedabad,2157.192
DRF51,Dairy,Low Fat,15.75,0.166174549,37.4506,OUT045,2002,,Tier 2,Ahmedabad,1062.6168
FDX20,Fruits and Vegetables,Low Fat,7.365,0.042646566,225.172,OUT045,2002,,Tier 2,Ahmedabad,452.744
FDX45,Snack Foods,Low Fat,16.75,0.105068444,156.663,OUT045,2002,,Tier 2,Ahmedabad,2816.334
NCB55,Household,Low Fat,15.7,0.16098885,57.8562,OUT045,2002,,Tier 2,Ahmedabad,651.8182
NCI29,Health and Hygiene,Low Fat,8.6,0.032687702,140.9154,OUT045,2002,,Tier 2,Ahmedabad,1134.5232
NCQ06,Household,Low Fat,13.0,0.041909345,255.0014,OUT045,2002,,Tier 2,Ahmedabad,5865.0322
FDC45,Fruits and Vegetables,Low Fat,17.0,0.136008489,171.7106,OUT045,2002,,Tier 2,Ahmedabad,1711.106
FDI24,Baking Goods,Low Fat,10.3,0.078903499,177.637,OUT045,2002,,Tier 2,Ahmedabad,4234.488
FDK16,Frozen Foods,Low Fat,9.065,0.115563679,96.0094,OUT045,2002,,Tier 2,Ahmedabad,1713.7692
FDY19,Fruits and Vegetables,Low Fat,19.75,0.041448824,116.5466,OUT045,2002,,Tier 2,Ahmedabad,2828.3184
FDE09,Fruits and Vegetables,Low Fat,8.775,0.021647195,109.5228,OUT045,2002,,Tier 2,Ahmedabad,994.7052
FDH27,Dairy,Low Fat,7.075,0.058465268,145.3128,OUT045,2002,,Tier 2,Ahmedabad,1869.5664
NCF43,Household,Low Fat,8.51,0.052051256,142.247,OUT045,2002,,Tier 2,Ahmedabad,2004.058
NCC42,Health and Hygiene,Low Fat,15.0,0.04499948,140.4838,OUT045,2002,,Tier 2,Ahmedabad,1685.8056
DRE03,Dairy,Low Fat,19.6,0.024276035,45.3718,OUT045,2002,,Tier 2,Ahmedabad,614.5334
DRK01,Soft Drinks,Low Fat,7.63,0.061188147,94.0436,OUT045,2002,,Tier 2,Ahmedabad,1134.5232
NCO05,Health and Hygiene,Low Fat,7.27,0.046653872,98.6384,OUT045,2002,,Tier 2,Ahmedabad,1970.768
FDY36,Baking Goods,Low Fat,12.3,0.009429612,71.338,OUT045,2002,,Tier 2,Ahmedabad,1098.57
FDQ24,Baking Goods,Low Fat,15.7,0.073816097,253.4724,OUT045,2002,,Tier 2,Ahmedabad,2013.3792
FDY50,Dairy,Low Fat,5.8,0.131221393,87.8172,OUT045,2002,,Tier 2,Ahmedabad,1070.6064
NCE30,Household,Low Fat,16.0,0.0,210.4902,OUT045,2002,,Tier 2,Ahmedabad,3610.6334
FDN10,Snack Foods,Low Fat,11.5,0.046217345,120.3124,OUT045,2002,,Tier 2,Ahmedabad,474.0496
FDK46,Snack Foods,Low Fat,9.6,0.051571772,258.462,OUT045,2002,,Tier 2,Ahmedabad,4673.916
FDN32,Fruits and Vegetables,Low Fat,17.5,0.015591925,184.8266,OUT045,2002,,Tier 2,Ahmedabad,2766.399
FDG04,Frozen Foods,Low Fat,13.1,0.006075007,187.5898,OUT045,2002,,Tier 2,Ahmedabad,2432.1674
FDR04,Frozen Foods,Low Fat,7.075,0.022612742,97.0068,OUT045,2002,,Tier 2,Ahmedabad,1944.136
NCF54,Household,Low Fat,18.0,0.047473135,170.5422,OUT045,2002,,Tier 2,Ahmedabad,3103.9596
FDT22,Snack Foods,Low Fat,10.395,0.112324552,60.622,OUT045,2002,,Tier 2,Ahmedabad,778.986
NCR17,Health and Hygiene,Low Fat,9.8,0.024432767,116.4492,OUT045,2002,,Tier 2,Ahmedabad,2780.3808
FDE44,Fruits and Vegetables,Low Fat,14.65,0.0,49.7692,OUT045,2002,,Tier 2,Ahmedabad,837.5764
FDO57,Snack Foods,Low Fat,20.75,0.108930629,160.9578,OUT045,2002,,Tier 2,Ahmedabad,1444.1202
DRB24,Soft Drinks,Low Fat,8.785,0.020618957,153.0656,OUT045,2002,,Tier 2,Ahmedabad,4170.5712
FDW35,Breads,Low Fat,10.6,0.011111714,43.8454,OUT045,2002,,Tier 2,Ahmedabad,671.1264
NCU42,Household,Low Fat,9.0,0.019546214,168.1474,OUT045,2002,,Tier 2,Ahmedabad,4211.185
NCG30,Household,Low Fat,20.2,0.112549008,123.1046,OUT045,2002,,Tier 2,Ahmedabad,1120.5414
NCW05,Health and Hygiene,Low Fat,20.25,0.148372897,108.8938,OUT045,2002,,Tier 2,Ahmedabad,3644.5892
DRE49,Soft Drinks,Low Fat,20.75,0.021293097,151.9024,OUT045,2002,,Tier 2,Ahmedabad,2732.4432
FDU35,Breads,Low Fat,6.44,0.0,99.87,OUT045,2002,,Tier 2,Ahmedabad,1498.05
FDR35,Breads,Low Fat,12.5,0.020739698,198.9742,OUT045,2002,,Tier 2,Ahmedabad,995.371
FDD17,Frozen Foods,Low Fat,7.5,0.03269312,238.7906,OUT045,2002,,Tier 2,Ahmedabad,4040.7402
FDB34,Snack Foods,Low Fat,15.25,0.026663778,87.0198,OUT045,2002,,Tier 2,Ahmedabad,2442.1544
DRP35,Hard Drinks,Low Fat,18.85,0.091051579,127.4336,OUT045,2002,,Tier 2,Ahmedabad,894.8352
DRE12,Soft Drinks,Low Fat,4.59,0.0,111.186,OUT045,2002,,Tier 2,Ahmedabad,1245.046
DRK12,Soft Drinks,Low Fat,9.5,0.041971264,33.39,OUT045,2002,,Tier 2,Ahmedabad,732.38
FDO32,Fruits and Vegetables,Low Fat,6.36,0.120788077,45.706,OUT045,2002,,Tier 2,Ahmedabad,838.908
FDS55,Fruits and Vegetables,Low Fat,7.02,0.081328781,150.0734,OUT045,2002,,Tier 2,Ahmedabad,4454.202
FDJ22,Snack Foods,Low Fat,18.75,0.052917345,190.6504,OUT045,2002,,Tier 2,Ahmedabad,1342.2528
FDK21,Snack Foods,Low Fat,7.905,0.010032624,248.3408,OUT045,2002,,Tier 2,Ahmedabad,751.0224
FDY55,Fruits and Vegetables,Low Fat,16.75,0.081485126,258.0988,OUT045,2002,,Tier 2,Ahmedabad,8994.958
FDG45,Fruits and Vegetables,Low Fat,8.1,0.12829573,210.4902,OUT045,2002,,Tier 2,Ahmedabad,5309.755
FDQ58,Snack Foods,Low Fat,7.315,0.015332872,154.034,OUT045,2002,,Tier 2,Ahmedabad,612.536
FDH48,Baking Goods,Low Fat,13.5,0.060603014,85.554,OUT045,2002,,Tier 2,Ahmedabad,1731.08
FDL08,Fruits and Vegetables,Low Fat,10.8,0.049819857,243.2144,OUT045,2002,,Tier 2,Ahmedabad,1225.072
FDQ39,Meat,Low Fat,14.8,0.081206491,189.2846,OUT045,2002,,Tier 2,Ahmedabad,1719.7614
DRN36,Soft Drinks,Low Fat,15.2,0.050279604,94.1752,OUT045,2002,,Tier 2,Ahmedabad,2109.2544
FDJ09,Snack Foods,Low Fat,15.0,0.058513255,46.9744,OUT045,2002,,Tier 2,Ahmedabad,679.116
FDL10,Snack Foods,Low Fat,8.395,0.039572298,100.9042,OUT045,2002,,Tier 2,Ahmedabad,1686.4714
NCR05,Health and Hygiene,Low Fat,10.1,0.054741627,200.2084,OUT045,2002,,Tier 2,Ahmedabad,3174.5344
NCK18,Household,Low Fat,9.6,0.0,164.2184,OUT045,2002,,Tier 2,Ahmedabad,1981.4208
NCK06,Household,Low Fat,5.03,0.008664064,119.3756,OUT045,2002,,Tier 2,Ahmedabad,605.878
FDX13,Canned,Low Fat,7.725,0.047879864,250.2092,OUT045,2002,,Tier 2,Ahmedabad,3984.1472
FDZ55,Fruits and Vegetables,Low Fat,6.055,0.025460232,160.892,OUT045,2002,,Tier 2,Ahmedabad,1917.504
NCV30,Household,Low Fat,20.2,0.066065799,61.351,OUT045,2002,,Tier 2,Ahmedabad,1201.769
FDN13,Breakfast,Low Fat,18.6,0.152366659,98.5358,OUT045,2002,,Tier 2,Ahmedabad,1306.9654
FDF33,Seafood,Low Fat,7.97,0.021579162,105.9596,OUT045,2002,,Tier 2,Ahmedabad,2049.3324
NCM19,Others,Low Fat,12.65,0.047333044,113.8202,OUT045,2002,,Tier 2,Ahmedabad,1800.3232
NCF42,Household,Low Fat,17.35,0.167722519,176.3712,OUT045,2002,,Tier 2,Ahmedabad,1054.6272
FDI19,Meat,Low Fat,15.1,0.0,244.2512,OUT045,2002,,Tier 2,Ahmedabad,3635.268
FDT20,Fruits and Vegetables,Low Fat,10.5,0.041479396,36.8164,OUT045,2002,,Tier 2,Ahmedabad,772.328
NCD43,Household,Low Fat,8.85,0.016052446,106.7964,OUT045,2002,,Tier 2,Ahmedabad,1367.5532
FDR46,Snack Foods,Low Fat,16.85,0.139700397,147.776,OUT045,2002,,Tier 2,Ahmedabad,2490.092
NCU05,Health and Hygiene,Low Fat,11.8,0.058855357,79.1618,OUT045,2002,,Tier 2,Ahmedabad,2336.2922
FDA44,Fruits and Vegetables,Low Fat,19.7,0.053330653,56.793,OUT045,2002,,Tier 2,Ahmedabad,848.895
FDT04,Frozen Foods,Low Fat,17.25,0.107258822,40.1822,OUT045,2002,,Tier 2,Ahmedabad,510.6686
NCQ30,Household,Low Fat,7.725,0.029131242,123.8414,OUT045,2002,,Tier 2,Ahmedabad,487.3656
FDB20,Fruits and Vegetables,Low Fat,7.72,0.052086085,76.8986,OUT045,2002,,Tier 2,Ahmedabad,467.3916
NCJ42,Household,Low Fat,19.75,0.01433033,104.2332,OUT045,2002,,Tier 2,Ahmedabad,2153.1972
NCO41,Health and Hygiene,Low Fat,12.5,0.018887088,98.8384,OUT045,2002,,Tier 2,Ahmedabad,1280.9992
DRI11,Hard Drinks,Low Fat,8.26,0.03447406,117.0834,OUT045,2002,,Tier 2,Ahmedabad,1612.5676
NCH43,Household,Low Fat,8.42,0.070712031,216.4192,OUT045,2002,,Tier 2,Ahmedabad,3020.0688
